source_id,gait,joint,pct_stride,mean_deg,sd_deg,n_dogs,angle_convention
catavitello2015_retrievers,trot,carpus,0,210.18,8.22,5,180=straight; NONSTANDARD: forearm vs wrist->digit-TIP segment (not metacarpus); =180+(elev_hand-elev_lowerarm); >180 hyperext; stance values inflated ~20-35 deg vs metacarpal carpus angle
catavitello2015_retrievers,trot,carpus,1,211.91,8.14,5,180=straight; NONSTANDARD: forearm vs wrist->digit-TIP segment (not metacarpus); =180+(elev_hand-elev_lowerarm); >180 hyperext; stance values inflated ~20-35 deg vs metacarpal carpus angle
catavitello2015_retrievers,trot,carpus,2,213.65,8.1,5,180=straight; NONSTANDARD: forearm vs wrist->digit-TIP segment (not metacarpus); =180+(elev_hand-elev_lowerarm); >180 hyperext; stance values inflated ~20-35 deg vs metacarpal carpus angle
catavitello2015_retrievers,trot,carpus,3,215.38,8.09,5,180=straight; NONSTANDARD: forearm vs wrist->digit-TIP segment (not metacarpus); =180+(elev_hand-elev_lowerarm); >180 hyperext; stance values inflated ~20-35 deg vs metacarpal carpus angle
catavitello2015_retrievers,trot,carpus,4,217.02,8.12,5,180=straight; NONSTANDARD: forearm vs wrist->digit-TIP segment (not metacarpus); =180+(elev_hand-elev_lowerarm); >180 hyperext; stance values inflated ~20-35 deg vs metacarpal carpus angle
catavitello2015_retrievers,trot,carpus,5,218.57,8.09,5,180=straight; NONSTANDARD: forearm vs wrist->digit-TIP segment (not metacarpus); =180+(elev_hand-elev_lowerarm); >180 hyperext; stance values inflated ~20-35 deg vs metacarpal carpus angle
catavitello2015_retrievers,trot,carpus,6,220.1,8.08,5,180=straight; NONSTANDARD: forearm vs wrist->digit-TIP segment (not metacarpus); =180+(elev_hand-elev_lowerarm); >180 hyperext; stance values inflated ~20-35 deg vs metacarpal carpus angle
catavitello2015_retrievers,trot,carpus,7,221.5,8.13,5,180=straight; NONSTANDARD: forearm vs wrist->digit-TIP segment (not metacarpus); =180+(elev_hand-elev_lowerarm); >180 hyperext; stance values inflated ~20-35 deg vs metacarpal carpus angle
catavitello2015_retrievers,trot,carpus,8,222.77,8.25,5,180=straight; NONSTANDARD: forearm vs wrist->digit-TIP segment (not metacarpus); =180+(elev_hand-elev_lowerarm); >180 hyperext; stance values inflated ~20-35 deg vs metacarpal carpus angle
catavitello2015_retrievers,trot,carpus,9,223.95,8.25,5,180=straight; NONSTANDARD: forearm vs wrist->digit-TIP segment (not metacarpus); =180+(elev_hand-elev_lowerarm); >180 hyperext; stance values inflated ~20-35 deg vs metacarpal carpus angle
catavitello2015_retrievers,trot,carpus,10,225.03,8.2,5,180=straight; NONSTANDARD: forearm vs wrist->digit-TIP segment (not metacarpus); =180+(elev_hand-elev_lowerarm); >180 hyperext; stance values inflated ~20-35 deg vs metacarpal carpus angle
catavitello2015_retrievers,trot,carpus,11,225.99,8.25,5,180=straight; NONSTANDARD: forearm vs wrist->digit-TIP segment (not metacarpus); =180+(elev_hand-elev_lowerarm); >180 hyperext; stance values inflated ~20-35 deg vs metacarpal carpus angle
catavitello2015_retrievers,trot,carpus,12,226.93,8.28,5,180=straight; NONSTANDARD: forearm vs wrist->digit-TIP segment (not metacarpus); =180+(elev_hand-elev_lowerarm); >180 hyperext; stance values inflated ~20-35 deg vs metacarpal carpus angle
catavitello2015_retrievers,trot,carpus,13,227.8,8.22,5,180=straight; NONSTANDARD: forearm vs wrist->digit-TIP segment (not metacarpus); =180+(elev_hand-elev_lowerarm); >180 hyperext; stance values inflated ~20-35 deg vs metacarpal carpus angle
catavitello2015_retrievers,trot,carpus,14,228.61,8.15,5,180=straight; NONSTANDARD: forearm vs wrist->digit-TIP segment (not metacarpus); =180+(elev_hand-elev_lowerarm); >180 hyperext; stance values inflated ~20-35 deg vs metacarpal carpus angle
catavitello2015_retrievers,trot,carpus,15,229.43,8.11,5,180=straight; NONSTANDARD: forearm vs wrist->digit-TIP segment (not metacarpus); =180+(elev_hand-elev_lowerarm); >180 hyperext; stance values inflated ~20-35 deg vs metacarpal carpus angle
catavitello2015_retrievers,trot,carpus,16,230.27,8.07,5,180=straight; NONSTANDARD: forearm vs wrist->digit-TIP segment (not metacarpus); =180+(elev_hand-elev_lowerarm); >180 hyperext; stance values inflated ~20-35 deg vs metacarpal carpus angle
catavitello2015_retrievers,trot,carpus,17,231.08,8.01,5,180=straight; NONSTANDARD: forearm vs wrist->digit-TIP segment (not metacarpus); =180+(elev_hand-elev_lowerarm); >180 hyperext; stance values inflated ~20-35 deg vs metacarpal carpus angle
catavitello2015_retrievers,trot,carpus,18,231.9,7.96,5,180=straight; NONSTANDARD: forearm vs wrist->digit-TIP segment (not metacarpus); =180+(elev_hand-elev_lowerarm); >180 hyperext; stance values inflated ~20-35 deg vs metacarpal carpus angle
catavitello2015_retrievers,trot,carpus,19,232.74,7.94,5,180=straight; NONSTANDARD: forearm vs wrist->digit-TIP segment (not metacarpus); =180+(elev_hand-elev_lowerarm); >180 hyperext; stance values inflated ~20-35 deg vs metacarpal carpus angle
catavitello2015_retrievers,trot,carpus,20,233.57,7.94,5,180=straight; NONSTANDARD: forearm vs wrist->digit-TIP segment (not metacarpus); =180+(elev_hand-elev_lowerarm); >180 hyperext; stance values inflated ~20-35 deg vs metacarpal carpus angle
catavitello2015_retrievers,trot,carpus,21,234.33,7.96,5,180=straight; NONSTANDARD: forearm vs wrist->digit-TIP segment (not metacarpus); =180+(elev_hand-elev_lowerarm); >180 hyperext; stance values inflated ~20-35 deg vs metacarpal carpus angle
catavitello2015_retrievers,trot,carpus,22,235.07,7.98,5,180=straight; NONSTANDARD: forearm vs wrist->digit-TIP segment (not metacarpus); =180+(elev_hand-elev_lowerarm); >180 hyperext; stance values inflated ~20-35 deg vs metacarpal carpus angle
catavitello2015_retrievers,trot,carpus,23,235.78,8.03,5,180=straight; NONSTANDARD: forearm vs wrist->digit-TIP segment (not metacarpus); =180+(elev_hand-elev_lowerarm); >180 hyperext; stance values inflated ~20-35 deg vs metacarpal carpus angle
catavitello2015_retrievers,trot,carpus,24,236.37,8.14,5,180=straight; NONSTANDARD: forearm vs wrist->digit-TIP segment (not metacarpus); =180+(elev_hand-elev_lowerarm); >180 hyperext; stance values inflated ~20-35 deg vs metacarpal carpus angle
catavitello2015_retrievers,trot,carpus,25,236.79,8.18,5,180=straight; NONSTANDARD: forearm vs wrist->digit-TIP segment (not metacarpus); =180+(elev_hand-elev_lowerarm); >180 hyperext; stance values inflated ~20-35 deg vs metacarpal carpus angle
catavitello2015_retrievers,trot,carpus,26,237.15,8.21,5,180=straight; NONSTANDARD: forearm vs wrist->digit-TIP segment (not metacarpus); =180+(elev_hand-elev_lowerarm); >180 hyperext; stance values inflated ~20-35 deg vs metacarpal carpus angle
catavitello2015_retrievers,trot,carpus,27,237.35,8.25,5,180=straight; NONSTANDARD: forearm vs wrist->digit-TIP segment (not metacarpus); =180+(elev_hand-elev_lowerarm); >180 hyperext; stance values inflated ~20-35 deg vs metacarpal carpus angle
catavitello2015_retrievers,trot,carpus,28,237.35,8.35,5,180=straight; NONSTANDARD: forearm vs wrist->digit-TIP segment (not metacarpus); =180+(elev_hand-elev_lowerarm); >180 hyperext; stance values inflated ~20-35 deg vs metacarpal carpus angle
catavitello2015_retrievers,trot,carpus,29,237.05,8.17,5,180=straight; NONSTANDARD: forearm vs wrist->digit-TIP segment (not metacarpus); =180+(elev_hand-elev_lowerarm); >180 hyperext; stance values inflated ~20-35 deg vs metacarpal carpus angle
catavitello2015_retrievers,trot,carpus,30,236.62,7.98,5,180=straight; NONSTANDARD: forearm vs wrist->digit-TIP segment (not metacarpus); =180+(elev_hand-elev_lowerarm); >180 hyperext; stance values inflated ~20-35 deg vs metacarpal carpus angle
catavitello2015_retrievers,trot,carpus,31,235.85,7.96,5,180=straight; NONSTANDARD: forearm vs wrist->digit-TIP segment (not metacarpus); =180+(elev_hand-elev_lowerarm); >180 hyperext; stance values inflated ~20-35 deg vs metacarpal carpus angle
catavitello2015_retrievers,trot,carpus,32,234.72,7.8,5,180=straight; NONSTANDARD: forearm vs wrist->digit-TIP segment (not metacarpus); =180+(elev_hand-elev_lowerarm); >180 hyperext; stance values inflated ~20-35 deg vs metacarpal carpus angle
catavitello2015_retrievers,trot,carpus,33,233.12,7.25,5,180=straight; NONSTANDARD: forearm vs wrist->digit-TIP segment (not metacarpus); =180+(elev_hand-elev_lowerarm); >180 hyperext; stance values inflated ~20-35 deg vs metacarpal carpus angle
catavitello2015_retrievers,trot,carpus,34,231.14,7.07,5,180=straight; NONSTANDARD: forearm vs wrist->digit-TIP segment (not metacarpus); =180+(elev_hand-elev_lowerarm); >180 hyperext; stance values inflated ~20-35 deg vs metacarpal carpus angle
catavitello2015_retrievers,trot,carpus,35,228.68,7.01,5,180=straight; NONSTANDARD: forearm vs wrist->digit-TIP segment (not metacarpus); =180+(elev_hand-elev_lowerarm); >180 hyperext; stance values inflated ~20-35 deg vs metacarpal carpus angle
catavitello2015_retrievers,trot,carpus,36,225.67,6.94,5,180=straight; NONSTANDARD: forearm vs wrist->digit-TIP segment (not metacarpus); =180+(elev_hand-elev_lowerarm); >180 hyperext; stance values inflated ~20-35 deg vs metacarpal carpus angle
catavitello2015_retrievers,trot,carpus,37,221.89,6.96,5,180=straight; NONSTANDARD: forearm vs wrist->digit-TIP segment (not metacarpus); =180+(elev_hand-elev_lowerarm); >180 hyperext; stance values inflated ~20-35 deg vs metacarpal carpus angle
catavitello2015_retrievers,trot,carpus,38,217.45,7.67,5,180=straight; NONSTANDARD: forearm vs wrist->digit-TIP segment (not metacarpus); =180+(elev_hand-elev_lowerarm); >180 hyperext; stance values inflated ~20-35 deg vs metacarpal carpus angle
catavitello2015_retrievers,trot,carpus,39,212.45,8.65,5,180=straight; NONSTANDARD: forearm vs wrist->digit-TIP segment (not metacarpus); =180+(elev_hand-elev_lowerarm); >180 hyperext; stance values inflated ~20-35 deg vs metacarpal carpus angle
catavitello2015_retrievers,trot,carpus,40,206.94,9.93,5,180=straight; NONSTANDARD: forearm vs wrist->digit-TIP segment (not metacarpus); =180+(elev_hand-elev_lowerarm); >180 hyperext; stance values inflated ~20-35 deg vs metacarpal carpus angle
catavitello2015_retrievers,trot,carpus,41,200.35,11.63,5,180=straight; NONSTANDARD: forearm vs wrist->digit-TIP segment (not metacarpus); =180+(elev_hand-elev_lowerarm); >180 hyperext; stance values inflated ~20-35 deg vs metacarpal carpus angle
catavitello2015_retrievers,trot,carpus,42,193.4,13.4,5,180=straight; NONSTANDARD: forearm vs wrist->digit-TIP segment (not metacarpus); =180+(elev_hand-elev_lowerarm); >180 hyperext; stance values inflated ~20-35 deg vs metacarpal carpus angle
catavitello2015_retrievers,trot,carpus,43,186.02,15.37,5,180=straight; NONSTANDARD: forearm vs wrist->digit-TIP segment (not metacarpus); =180+(elev_hand-elev_lowerarm); >180 hyperext; stance values inflated ~20-35 deg vs metacarpal carpus angle
catavitello2015_retrievers,trot,carpus,44,178.4,17.18,5,180=straight; NONSTANDARD: forearm vs wrist->digit-TIP segment (not metacarpus); =180+(elev_hand-elev_lowerarm); >180 hyperext; stance values inflated ~20-35 deg vs metacarpal carpus angle
catavitello2015_retrievers,trot,carpus,45,170.62,18.79,5,180=straight; NONSTANDARD: forearm vs wrist->digit-TIP segment (not metacarpus); =180+(elev_hand-elev_lowerarm); >180 hyperext; stance values inflated ~20-35 deg vs metacarpal carpus angle
catavitello2015_retrievers,trot,carpus,46,162.84,20.29,5,180=straight; NONSTANDARD: forearm vs wrist->digit-TIP segment (not metacarpus); =180+(elev_hand-elev_lowerarm); >180 hyperext; stance values inflated ~20-35 deg vs metacarpal carpus angle
catavitello2015_retrievers,trot,carpus,47,155.09,21.56,5,180=straight; NONSTANDARD: forearm vs wrist->digit-TIP segment (not metacarpus); =180+(elev_hand-elev_lowerarm); >180 hyperext; stance values inflated ~20-35 deg vs metacarpal carpus angle
catavitello2015_retrievers,trot,carpus,48,147.58,22.28,5,180=straight; NONSTANDARD: forearm vs wrist->digit-TIP segment (not metacarpus); =180+(elev_hand-elev_lowerarm); >180 hyperext; stance values inflated ~20-35 deg vs metacarpal carpus angle
catavitello2015_retrievers,trot,carpus,49,140.61,22.68,5,180=straight; NONSTANDARD: forearm vs wrist->digit-TIP segment (not metacarpus); =180+(elev_hand-elev_lowerarm); >180 hyperext; stance values inflated ~20-35 deg vs metacarpal carpus angle
catavitello2015_retrievers,trot,carpus,50,133.75,22.98,5,180=straight; NONSTANDARD: forearm vs wrist->digit-TIP segment (not metacarpus); =180+(elev_hand-elev_lowerarm); >180 hyperext; stance values inflated ~20-35 deg vs metacarpal carpus angle
catavitello2015_retrievers,trot,carpus,51,127.68,22.44,5,180=straight; NONSTANDARD: forearm vs wrist->digit-TIP segment (not metacarpus); =180+(elev_hand-elev_lowerarm); >180 hyperext; stance values inflated ~20-35 deg vs metacarpal carpus angle
catavitello2015_retrievers,trot,carpus,52,121.76,21.79,5,180=straight; NONSTANDARD: forearm vs wrist->digit-TIP segment (not metacarpus); =180+(elev_hand-elev_lowerarm); >180 hyperext; stance values inflated ~20-35 deg vs metacarpal carpus angle
catavitello2015_retrievers,trot,carpus,53,116.54,20.82,5,180=straight; NONSTANDARD: forearm vs wrist->digit-TIP segment (not metacarpus); =180+(elev_hand-elev_lowerarm); >180 hyperext; stance values inflated ~20-35 deg vs metacarpal carpus angle
catavitello2015_retrievers,trot,carpus,54,112.09,19.46,5,180=straight; NONSTANDARD: forearm vs wrist->digit-TIP segment (not metacarpus); =180+(elev_hand-elev_lowerarm); >180 hyperext; stance values inflated ~20-35 deg vs metacarpal carpus angle
catavitello2015_retrievers,trot,carpus,55,108.03,17.87,5,180=straight; NONSTANDARD: forearm vs wrist->digit-TIP segment (not metacarpus); =180+(elev_hand-elev_lowerarm); >180 hyperext; stance values inflated ~20-35 deg vs metacarpal carpus angle
catavitello2015_retrievers,trot,carpus,56,104.34,16.16,5,180=straight; NONSTANDARD: forearm vs wrist->digit-TIP segment (not metacarpus); =180+(elev_hand-elev_lowerarm); >180 hyperext; stance values inflated ~20-35 deg vs metacarpal carpus angle
catavitello2015_retrievers,trot,carpus,57,101.68,14.34,5,180=straight; NONSTANDARD: forearm vs wrist->digit-TIP segment (not metacarpus); =180+(elev_hand-elev_lowerarm); >180 hyperext; stance values inflated ~20-35 deg vs metacarpal carpus angle
catavitello2015_retrievers,trot,carpus,58,99.66,12.44,5,180=straight; NONSTANDARD: forearm vs wrist->digit-TIP segment (not metacarpus); =180+(elev_hand-elev_lowerarm); >180 hyperext; stance values inflated ~20-35 deg vs metacarpal carpus angle
catavitello2015_retrievers,trot,carpus,59,98.12,10.58,5,180=straight; NONSTANDARD: forearm vs wrist->digit-TIP segment (not metacarpus); =180+(elev_hand-elev_lowerarm); >180 hyperext; stance values inflated ~20-35 deg vs metacarpal carpus angle
catavitello2015_retrievers,trot,carpus,60,96.95,9.1,5,180=straight; NONSTANDARD: forearm vs wrist->digit-TIP segment (not metacarpus); =180+(elev_hand-elev_lowerarm); >180 hyperext; stance values inflated ~20-35 deg vs metacarpal carpus angle
catavitello2015_retrievers,trot,carpus,61,96.63,7.96,5,180=straight; NONSTANDARD: forearm vs wrist->digit-TIP segment (not metacarpus); =180+(elev_hand-elev_lowerarm); >180 hyperext; stance values inflated ~20-35 deg vs metacarpal carpus angle
catavitello2015_retrievers,trot,carpus,62,96.73,7.42,5,180=straight; NONSTANDARD: forearm vs wrist->digit-TIP segment (not metacarpus); =180+(elev_hand-elev_lowerarm); >180 hyperext; stance values inflated ~20-35 deg vs metacarpal carpus angle
catavitello2015_retrievers,trot,carpus,63,97.26,7.66,5,180=straight; NONSTANDARD: forearm vs wrist->digit-TIP segment (not metacarpus); =180+(elev_hand-elev_lowerarm); >180 hyperext; stance values inflated ~20-35 deg vs metacarpal carpus angle
catavitello2015_retrievers,trot,carpus,64,98.17,8.29,5,180=straight; NONSTANDARD: forearm vs wrist->digit-TIP segment (not metacarpus); =180+(elev_hand-elev_lowerarm); >180 hyperext; stance values inflated ~20-35 deg vs metacarpal carpus angle
catavitello2015_retrievers,trot,carpus,65,99.5,9.33,5,180=straight; NONSTANDARD: forearm vs wrist->digit-TIP segment (not metacarpus); =180+(elev_hand-elev_lowerarm); >180 hyperext; stance values inflated ~20-35 deg vs metacarpal carpus angle
catavitello2015_retrievers,trot,carpus,66,101.23,10.72,5,180=straight; NONSTANDARD: forearm vs wrist->digit-TIP segment (not metacarpus); =180+(elev_hand-elev_lowerarm); >180 hyperext; stance values inflated ~20-35 deg vs metacarpal carpus angle
catavitello2015_retrievers,trot,carpus,67,103.3,12.24,5,180=straight; NONSTANDARD: forearm vs wrist->digit-TIP segment (not metacarpus); =180+(elev_hand-elev_lowerarm); >180 hyperext; stance values inflated ~20-35 deg vs metacarpal carpus angle
catavitello2015_retrievers,trot,carpus,68,105.67,13.63,5,180=straight; NONSTANDARD: forearm vs wrist->digit-TIP segment (not metacarpus); =180+(elev_hand-elev_lowerarm); >180 hyperext; stance values inflated ~20-35 deg vs metacarpal carpus angle
catavitello2015_retrievers,trot,carpus,69,108.47,15.25,5,180=straight; NONSTANDARD: forearm vs wrist->digit-TIP segment (not metacarpus); =180+(elev_hand-elev_lowerarm); >180 hyperext; stance values inflated ~20-35 deg vs metacarpal carpus angle
catavitello2015_retrievers,trot,carpus,70,111.44,16.9,5,180=straight; NONSTANDARD: forearm vs wrist->digit-TIP segment (not metacarpus); =180+(elev_hand-elev_lowerarm); >180 hyperext; stance values inflated ~20-35 deg vs metacarpal carpus angle
catavitello2015_retrievers,trot,carpus,71,114.76,18.42,5,180=straight; NONSTANDARD: forearm vs wrist->digit-TIP segment (not metacarpus); =180+(elev_hand-elev_lowerarm); >180 hyperext; stance values inflated ~20-35 deg vs metacarpal carpus angle
catavitello2015_retrievers,trot,carpus,72,118.45,19.95,5,180=straight; NONSTANDARD: forearm vs wrist->digit-TIP segment (not metacarpus); =180+(elev_hand-elev_lowerarm); >180 hyperext; stance values inflated ~20-35 deg vs metacarpal carpus angle
catavitello2015_retrievers,trot,carpus,73,122.4,21.53,5,180=straight; NONSTANDARD: forearm vs wrist->digit-TIP segment (not metacarpus); =180+(elev_hand-elev_lowerarm); >180 hyperext; stance values inflated ~20-35 deg vs metacarpal carpus angle
catavitello2015_retrievers,trot,carpus,74,126.6,22.98,5,180=straight; NONSTANDARD: forearm vs wrist->digit-TIP segment (not metacarpus); =180+(elev_hand-elev_lowerarm); >180 hyperext; stance values inflated ~20-35 deg vs metacarpal carpus angle
catavitello2015_retrievers,trot,carpus,75,131.03,24.32,5,180=straight; NONSTANDARD: forearm vs wrist->digit-TIP segment (not metacarpus); =180+(elev_hand-elev_lowerarm); >180 hyperext; stance values inflated ~20-35 deg vs metacarpal carpus angle
catavitello2015_retrievers,trot,carpus,76,135.69,25.37,5,180=straight; NONSTANDARD: forearm vs wrist->digit-TIP segment (not metacarpus); =180+(elev_hand-elev_lowerarm); >180 hyperext; stance values inflated ~20-35 deg vs metacarpal carpus angle
catavitello2015_retrievers,trot,carpus,77,140.37,26.23,5,180=straight; NONSTANDARD: forearm vs wrist->digit-TIP segment (not metacarpus); =180+(elev_hand-elev_lowerarm); >180 hyperext; stance values inflated ~20-35 deg vs metacarpal carpus angle
catavitello2015_retrievers,trot,carpus,78,145.13,26.69,5,180=straight; NONSTANDARD: forearm vs wrist->digit-TIP segment (not metacarpus); =180+(elev_hand-elev_lowerarm); >180 hyperext; stance values inflated ~20-35 deg vs metacarpal carpus angle
catavitello2015_retrievers,trot,carpus,79,150.02,26.68,5,180=straight; NONSTANDARD: forearm vs wrist->digit-TIP segment (not metacarpus); =180+(elev_hand-elev_lowerarm); >180 hyperext; stance values inflated ~20-35 deg vs metacarpal carpus angle
catavitello2015_retrievers,trot,carpus,80,154.89,26.58,5,180=straight; NONSTANDARD: forearm vs wrist->digit-TIP segment (not metacarpus); =180+(elev_hand-elev_lowerarm); >180 hyperext; stance values inflated ~20-35 deg vs metacarpal carpus angle
catavitello2015_retrievers,trot,carpus,81,159.59,25.62,5,180=straight; NONSTANDARD: forearm vs wrist->digit-TIP segment (not metacarpus); =180+(elev_hand-elev_lowerarm); >180 hyperext; stance values inflated ~20-35 deg vs metacarpal carpus angle
catavitello2015_retrievers,trot,carpus,82,164.25,24.32,5,180=straight; NONSTANDARD: forearm vs wrist->digit-TIP segment (not metacarpus); =180+(elev_hand-elev_lowerarm); >180 hyperext; stance values inflated ~20-35 deg vs metacarpal carpus angle
catavitello2015_retrievers,trot,carpus,83,168.85,22.93,5,180=straight; NONSTANDARD: forearm vs wrist->digit-TIP segment (not metacarpus); =180+(elev_hand-elev_lowerarm); >180 hyperext; stance values inflated ~20-35 deg vs metacarpal carpus angle
catavitello2015_retrievers,trot,carpus,84,173.26,21.21,5,180=straight; NONSTANDARD: forearm vs wrist->digit-TIP segment (not metacarpus); =180+(elev_hand-elev_lowerarm); >180 hyperext; stance values inflated ~20-35 deg vs metacarpal carpus angle
catavitello2015_retrievers,trot,carpus,85,177.24,19.22,5,180=straight; NONSTANDARD: forearm vs wrist->digit-TIP segment (not metacarpus); =180+(elev_hand-elev_lowerarm); >180 hyperext; stance values inflated ~20-35 deg vs metacarpal carpus angle
catavitello2015_retrievers,trot,carpus,86,181.07,17.28,5,180=straight; NONSTANDARD: forearm vs wrist->digit-TIP segment (not metacarpus); =180+(elev_hand-elev_lowerarm); >180 hyperext; stance values inflated ~20-35 deg vs metacarpal carpus angle
catavitello2015_retrievers,trot,carpus,87,184.68,15.37,5,180=straight; NONSTANDARD: forearm vs wrist->digit-TIP segment (not metacarpus); =180+(elev_hand-elev_lowerarm); >180 hyperext; stance values inflated ~20-35 deg vs metacarpal carpus angle
catavitello2015_retrievers,trot,carpus,88,187.71,13.75,5,180=straight; NONSTANDARD: forearm vs wrist->digit-TIP segment (not metacarpus); =180+(elev_hand-elev_lowerarm); >180 hyperext; stance values inflated ~20-35 deg vs metacarpal carpus angle
catavitello2015_retrievers,trot,carpus,89,190.43,12.19,5,180=straight; NONSTANDARD: forearm vs wrist->digit-TIP segment (not metacarpus); =180+(elev_hand-elev_lowerarm); >180 hyperext; stance values inflated ~20-35 deg vs metacarpal carpus angle
catavitello2015_retrievers,trot,carpus,90,193.09,10.75,5,180=straight; NONSTANDARD: forearm vs wrist->digit-TIP segment (not metacarpus); =180+(elev_hand-elev_lowerarm); >180 hyperext; stance values inflated ~20-35 deg vs metacarpal carpus angle
catavitello2015_retrievers,trot,carpus,91,195.16,9.93,5,180=straight; NONSTANDARD: forearm vs wrist->digit-TIP segment (not metacarpus); =180+(elev_hand-elev_lowerarm); >180 hyperext; stance values inflated ~20-35 deg vs metacarpal carpus angle
catavitello2015_retrievers,trot,carpus,92,197.0,9.38,5,180=straight; NONSTANDARD: forearm vs wrist->digit-TIP segment (not metacarpus); =180+(elev_hand-elev_lowerarm); >180 hyperext; stance values inflated ~20-35 deg vs metacarpal carpus angle
catavitello2015_retrievers,trot,carpus,93,198.81,9.0,5,180=straight; NONSTANDARD: forearm vs wrist->digit-TIP segment (not metacarpus); =180+(elev_hand-elev_lowerarm); >180 hyperext; stance values inflated ~20-35 deg vs metacarpal carpus angle
catavitello2015_retrievers,trot,carpus,94,200.44,8.91,5,180=straight; NONSTANDARD: forearm vs wrist->digit-TIP segment (not metacarpus); =180+(elev_hand-elev_lowerarm); >180 hyperext; stance values inflated ~20-35 deg vs metacarpal carpus angle
catavitello2015_retrievers,trot,carpus,95,201.92,8.98,5,180=straight; NONSTANDARD: forearm vs wrist->digit-TIP segment (not metacarpus); =180+(elev_hand-elev_lowerarm); >180 hyperext; stance values inflated ~20-35 deg vs metacarpal carpus angle
catavitello2015_retrievers,trot,carpus,96,203.41,9.11,5,180=straight; NONSTANDARD: forearm vs wrist->digit-TIP segment (not metacarpus); =180+(elev_hand-elev_lowerarm); >180 hyperext; stance values inflated ~20-35 deg vs metacarpal carpus angle
catavitello2015_retrievers,trot,carpus,97,204.95,9.28,5,180=straight; NONSTANDARD: forearm vs wrist->digit-TIP segment (not metacarpus); =180+(elev_hand-elev_lowerarm); >180 hyperext; stance values inflated ~20-35 deg vs metacarpal carpus angle
catavitello2015_retrievers,trot,carpus,98,206.56,9.27,5,180=straight; NONSTANDARD: forearm vs wrist->digit-TIP segment (not metacarpus); =180+(elev_hand-elev_lowerarm); >180 hyperext; stance values inflated ~20-35 deg vs metacarpal carpus angle
catavitello2015_retrievers,trot,carpus,99,208.18,9.26,5,180=straight; NONSTANDARD: forearm vs wrist->digit-TIP segment (not metacarpus); =180+(elev_hand-elev_lowerarm); >180 hyperext; stance values inflated ~20-35 deg vs metacarpal carpus angle
catavitello2015_retrievers,trot,carpus,100,209.8,9.25,5,180=straight; NONSTANDARD: forearm vs wrist->digit-TIP segment (not metacarpus); =180+(elev_hand-elev_lowerarm); >180 hyperext; stance values inflated ~20-35 deg vs metacarpal carpus angle
catavitello2015_retrievers,trot,elbow,0,153.7,3.09,5,180=straight; included humerus vs radius/ulna; =180-(elev_lowerarm-elev_upperarm)
catavitello2015_retrievers,trot,elbow,1,153.23,3.08,5,180=straight; included humerus vs radius/ulna; =180-(elev_lowerarm-elev_upperarm)
catavitello2015_retrievers,trot,elbow,2,152.76,3.14,5,180=straight; included humerus vs radius/ulna; =180-(elev_lowerarm-elev_upperarm)
catavitello2015_retrievers,trot,elbow,3,152.28,3.27,5,180=straight; included humerus vs radius/ulna; =180-(elev_lowerarm-elev_upperarm)
catavitello2015_retrievers,trot,elbow,4,151.33,3.46,5,180=straight; included humerus vs radius/ulna; =180-(elev_lowerarm-elev_upperarm)
catavitello2015_retrievers,trot,elbow,5,150.2,3.62,5,180=straight; included humerus vs radius/ulna; =180-(elev_lowerarm-elev_upperarm)
catavitello2015_retrievers,trot,elbow,6,149.07,3.8,5,180=straight; included humerus vs radius/ulna; =180-(elev_lowerarm-elev_upperarm)
catavitello2015_retrievers,trot,elbow,7,147.81,3.97,5,180=straight; included humerus vs radius/ulna; =180-(elev_lowerarm-elev_upperarm)
catavitello2015_retrievers,trot,elbow,8,146.54,4.17,5,180=straight; included humerus vs radius/ulna; =180-(elev_lowerarm-elev_upperarm)
catavitello2015_retrievers,trot,elbow,9,145.28,4.4,5,180=straight; included humerus vs radius/ulna; =180-(elev_lowerarm-elev_upperarm)
catavitello2015_retrievers,trot,elbow,10,144.06,4.67,5,180=straight; included humerus vs radius/ulna; =180-(elev_lowerarm-elev_upperarm)
catavitello2015_retrievers,trot,elbow,11,143.06,4.88,5,180=straight; included humerus vs radius/ulna; =180-(elev_lowerarm-elev_upperarm)
catavitello2015_retrievers,trot,elbow,12,142.11,5.1,5,180=straight; included humerus vs radius/ulna; =180-(elev_lowerarm-elev_upperarm)
catavitello2015_retrievers,trot,elbow,13,141.3,5.4,5,180=straight; included humerus vs radius/ulna; =180-(elev_lowerarm-elev_upperarm)
catavitello2015_retrievers,trot,elbow,14,140.76,5.59,5,180=straight; included humerus vs radius/ulna; =180-(elev_lowerarm-elev_upperarm)
catavitello2015_retrievers,trot,elbow,15,140.37,5.69,5,180=straight; included humerus vs radius/ulna; =180-(elev_lowerarm-elev_upperarm)
catavitello2015_retrievers,trot,elbow,16,140.09,5.79,5,180=straight; included humerus vs radius/ulna; =180-(elev_lowerarm-elev_upperarm)
catavitello2015_retrievers,trot,elbow,17,140.05,5.91,5,180=straight; included humerus vs radius/ulna; =180-(elev_lowerarm-elev_upperarm)
catavitello2015_retrievers,trot,elbow,18,140.2,5.85,5,180=straight; included humerus vs radius/ulna; =180-(elev_lowerarm-elev_upperarm)
catavitello2015_retrievers,trot,elbow,19,140.42,5.77,5,180=straight; included humerus vs radius/ulna; =180-(elev_lowerarm-elev_upperarm)
catavitello2015_retrievers,trot,elbow,20,140.74,5.72,5,180=straight; included humerus vs radius/ulna; =180-(elev_lowerarm-elev_upperarm)
catavitello2015_retrievers,trot,elbow,21,141.23,5.56,5,180=straight; included humerus vs radius/ulna; =180-(elev_lowerarm-elev_upperarm)
catavitello2015_retrievers,trot,elbow,22,141.77,5.38,5,180=straight; included humerus vs radius/ulna; =180-(elev_lowerarm-elev_upperarm)
catavitello2015_retrievers,trot,elbow,23,142.34,5.22,5,180=straight; included humerus vs radius/ulna; =180-(elev_lowerarm-elev_upperarm)
catavitello2015_retrievers,trot,elbow,24,142.95,5.04,5,180=straight; included humerus vs radius/ulna; =180-(elev_lowerarm-elev_upperarm)
catavitello2015_retrievers,trot,elbow,25,143.61,4.9,5,180=straight; included humerus vs radius/ulna; =180-(elev_lowerarm-elev_upperarm)
catavitello2015_retrievers,trot,elbow,26,144.27,4.8,5,180=straight; included humerus vs radius/ulna; =180-(elev_lowerarm-elev_upperarm)
catavitello2015_retrievers,trot,elbow,27,144.98,4.75,5,180=straight; included humerus vs radius/ulna; =180-(elev_lowerarm-elev_upperarm)
catavitello2015_retrievers,trot,elbow,28,145.69,4.75,5,180=straight; included humerus vs radius/ulna; =180-(elev_lowerarm-elev_upperarm)
catavitello2015_retrievers,trot,elbow,29,146.39,4.83,5,180=straight; included humerus vs radius/ulna; =180-(elev_lowerarm-elev_upperarm)
catavitello2015_retrievers,trot,elbow,30,147.14,4.93,5,180=straight; included humerus vs radius/ulna; =180-(elev_lowerarm-elev_upperarm)
catavitello2015_retrievers,trot,elbow,31,147.91,5.07,5,180=straight; included humerus vs radius/ulna; =180-(elev_lowerarm-elev_upperarm)
catavitello2015_retrievers,trot,elbow,32,148.61,5.16,5,180=straight; included humerus vs radius/ulna; =180-(elev_lowerarm-elev_upperarm)
catavitello2015_retrievers,trot,elbow,33,149.29,5.25,5,180=straight; included humerus vs radius/ulna; =180-(elev_lowerarm-elev_upperarm)
catavitello2015_retrievers,trot,elbow,34,149.96,5.34,5,180=straight; included humerus vs radius/ulna; =180-(elev_lowerarm-elev_upperarm)
catavitello2015_retrievers,trot,elbow,35,150.54,5.3,5,180=straight; included humerus vs radius/ulna; =180-(elev_lowerarm-elev_upperarm)
catavitello2015_retrievers,trot,elbow,36,150.99,5.17,5,180=straight; included humerus vs radius/ulna; =180-(elev_lowerarm-elev_upperarm)
catavitello2015_retrievers,trot,elbow,37,151.32,5.09,5,180=straight; included humerus vs radius/ulna; =180-(elev_lowerarm-elev_upperarm)
catavitello2015_retrievers,trot,elbow,38,151.49,4.91,5,180=straight; included humerus vs radius/ulna; =180-(elev_lowerarm-elev_upperarm)
catavitello2015_retrievers,trot,elbow,39,151.45,4.6,5,180=straight; included humerus vs radius/ulna; =180-(elev_lowerarm-elev_upperarm)
catavitello2015_retrievers,trot,elbow,40,151.27,4.36,5,180=straight; included humerus vs radius/ulna; =180-(elev_lowerarm-elev_upperarm)
catavitello2015_retrievers,trot,elbow,41,150.7,4.26,5,180=straight; included humerus vs radius/ulna; =180-(elev_lowerarm-elev_upperarm)
catavitello2015_retrievers,trot,elbow,42,149.98,4.17,5,180=straight; included humerus vs radius/ulna; =180-(elev_lowerarm-elev_upperarm)
catavitello2015_retrievers,trot,elbow,43,149.03,4.18,5,180=straight; included humerus vs radius/ulna; =180-(elev_lowerarm-elev_upperarm)
catavitello2015_retrievers,trot,elbow,44,147.83,4.35,5,180=straight; included humerus vs radius/ulna; =180-(elev_lowerarm-elev_upperarm)
catavitello2015_retrievers,trot,elbow,45,146.33,4.75,5,180=straight; included humerus vs radius/ulna; =180-(elev_lowerarm-elev_upperarm)
catavitello2015_retrievers,trot,elbow,46,144.66,5.19,5,180=straight; included humerus vs radius/ulna; =180-(elev_lowerarm-elev_upperarm)
catavitello2015_retrievers,trot,elbow,47,142.86,5.66,5,180=straight; included humerus vs radius/ulna; =180-(elev_lowerarm-elev_upperarm)
catavitello2015_retrievers,trot,elbow,48,140.83,5.98,5,180=straight; included humerus vs radius/ulna; =180-(elev_lowerarm-elev_upperarm)
catavitello2015_retrievers,trot,elbow,49,138.65,6.45,5,180=straight; included humerus vs radius/ulna; =180-(elev_lowerarm-elev_upperarm)
catavitello2015_retrievers,trot,elbow,50,136.43,6.92,5,180=straight; included humerus vs radius/ulna; =180-(elev_lowerarm-elev_upperarm)
catavitello2015_retrievers,trot,elbow,51,134.12,7.11,5,180=straight; included humerus vs radius/ulna; =180-(elev_lowerarm-elev_upperarm)
catavitello2015_retrievers,trot,elbow,52,131.82,7.27,5,180=straight; included humerus vs radius/ulna; =180-(elev_lowerarm-elev_upperarm)
catavitello2015_retrievers,trot,elbow,53,129.48,7.48,5,180=straight; included humerus vs radius/ulna; =180-(elev_lowerarm-elev_upperarm)
catavitello2015_retrievers,trot,elbow,54,127.22,7.57,5,180=straight; included humerus vs radius/ulna; =180-(elev_lowerarm-elev_upperarm)
catavitello2015_retrievers,trot,elbow,55,125.02,7.62,5,180=straight; included humerus vs radius/ulna; =180-(elev_lowerarm-elev_upperarm)
catavitello2015_retrievers,trot,elbow,56,122.87,7.69,5,180=straight; included humerus vs radius/ulna; =180-(elev_lowerarm-elev_upperarm)
catavitello2015_retrievers,trot,elbow,57,120.85,7.72,5,180=straight; included humerus vs radius/ulna; =180-(elev_lowerarm-elev_upperarm)
catavitello2015_retrievers,trot,elbow,58,118.98,7.79,5,180=straight; included humerus vs radius/ulna; =180-(elev_lowerarm-elev_upperarm)
catavitello2015_retrievers,trot,elbow,59,117.19,7.93,5,180=straight; included humerus vs radius/ulna; =180-(elev_lowerarm-elev_upperarm)
catavitello2015_retrievers,trot,elbow,60,115.45,8.17,5,180=straight; included humerus vs radius/ulna; =180-(elev_lowerarm-elev_upperarm)
catavitello2015_retrievers,trot,elbow,61,113.96,8.27,5,180=straight; included humerus vs radius/ulna; =180-(elev_lowerarm-elev_upperarm)
catavitello2015_retrievers,trot,elbow,62,112.56,8.37,5,180=straight; included humerus vs radius/ulna; =180-(elev_lowerarm-elev_upperarm)
catavitello2015_retrievers,trot,elbow,63,111.25,8.55,5,180=straight; included humerus vs radius/ulna; =180-(elev_lowerarm-elev_upperarm)
catavitello2015_retrievers,trot,elbow,64,109.98,8.78,5,180=straight; included humerus vs radius/ulna; =180-(elev_lowerarm-elev_upperarm)
catavitello2015_retrievers,trot,elbow,65,108.9,8.67,5,180=straight; included humerus vs radius/ulna; =180-(elev_lowerarm-elev_upperarm)
catavitello2015_retrievers,trot,elbow,66,107.98,8.49,5,180=straight; included humerus vs radius/ulna; =180-(elev_lowerarm-elev_upperarm)
catavitello2015_retrievers,trot,elbow,67,107.12,8.31,5,180=straight; included humerus vs radius/ulna; =180-(elev_lowerarm-elev_upperarm)
catavitello2015_retrievers,trot,elbow,68,106.27,8.17,5,180=straight; included humerus vs radius/ulna; =180-(elev_lowerarm-elev_upperarm)
catavitello2015_retrievers,trot,elbow,69,105.66,7.71,5,180=straight; included humerus vs radius/ulna; =180-(elev_lowerarm-elev_upperarm)
catavitello2015_retrievers,trot,elbow,70,105.24,7.21,5,180=straight; included humerus vs radius/ulna; =180-(elev_lowerarm-elev_upperarm)
catavitello2015_retrievers,trot,elbow,71,104.97,6.78,5,180=straight; included humerus vs radius/ulna; =180-(elev_lowerarm-elev_upperarm)
catavitello2015_retrievers,trot,elbow,72,104.79,6.53,5,180=straight; included humerus vs radius/ulna; =180-(elev_lowerarm-elev_upperarm)
catavitello2015_retrievers,trot,elbow,73,104.88,6.23,5,180=straight; included humerus vs radius/ulna; =180-(elev_lowerarm-elev_upperarm)
catavitello2015_retrievers,trot,elbow,74,105.25,6.15,5,180=straight; included humerus vs radius/ulna; =180-(elev_lowerarm-elev_upperarm)
catavitello2015_retrievers,trot,elbow,75,105.9,6.35,5,180=straight; included humerus vs radius/ulna; =180-(elev_lowerarm-elev_upperarm)
catavitello2015_retrievers,trot,elbow,76,106.73,6.62,5,180=straight; included humerus vs radius/ulna; =180-(elev_lowerarm-elev_upperarm)
catavitello2015_retrievers,trot,elbow,77,107.82,7.12,5,180=straight; included humerus vs radius/ulna; =180-(elev_lowerarm-elev_upperarm)
catavitello2015_retrievers,trot,elbow,78,109.32,7.72,5,180=straight; included humerus vs radius/ulna; =180-(elev_lowerarm-elev_upperarm)
catavitello2015_retrievers,trot,elbow,79,111.07,8.31,5,180=straight; included humerus vs radius/ulna; =180-(elev_lowerarm-elev_upperarm)
catavitello2015_retrievers,trot,elbow,80,112.93,8.99,5,180=straight; included humerus vs radius/ulna; =180-(elev_lowerarm-elev_upperarm)
catavitello2015_retrievers,trot,elbow,81,115.2,9.57,5,180=straight; included humerus vs radius/ulna; =180-(elev_lowerarm-elev_upperarm)
catavitello2015_retrievers,trot,elbow,82,117.69,10.08,5,180=straight; included humerus vs radius/ulna; =180-(elev_lowerarm-elev_upperarm)
catavitello2015_retrievers,trot,elbow,83,120.25,10.6,5,180=straight; included humerus vs radius/ulna; =180-(elev_lowerarm-elev_upperarm)
catavitello2015_retrievers,trot,elbow,84,122.99,11.06,5,180=straight; included humerus vs radius/ulna; =180-(elev_lowerarm-elev_upperarm)
catavitello2015_retrievers,trot,elbow,85,125.84,11.3,5,180=straight; included humerus vs radius/ulna; =180-(elev_lowerarm-elev_upperarm)
catavitello2015_retrievers,trot,elbow,86,128.7,11.48,5,180=straight; included humerus vs radius/ulna; =180-(elev_lowerarm-elev_upperarm)
catavitello2015_retrievers,trot,elbow,87,131.6,11.66,5,180=straight; included humerus vs radius/ulna; =180-(elev_lowerarm-elev_upperarm)
catavitello2015_retrievers,trot,elbow,88,134.48,11.63,5,180=straight; included humerus vs radius/ulna; =180-(elev_lowerarm-elev_upperarm)
catavitello2015_retrievers,trot,elbow,89,137.21,11.36,5,180=straight; included humerus vs radius/ulna; =180-(elev_lowerarm-elev_upperarm)
catavitello2015_retrievers,trot,elbow,90,139.89,11.07,5,180=straight; included humerus vs radius/ulna; =180-(elev_lowerarm-elev_upperarm)
catavitello2015_retrievers,trot,elbow,91,142.42,10.63,5,180=straight; included humerus vs radius/ulna; =180-(elev_lowerarm-elev_upperarm)
catavitello2015_retrievers,trot,elbow,92,144.81,10.1,5,180=straight; included humerus vs radius/ulna; =180-(elev_lowerarm-elev_upperarm)
catavitello2015_retrievers,trot,elbow,93,146.97,9.27,5,180=straight; included humerus vs radius/ulna; =180-(elev_lowerarm-elev_upperarm)
catavitello2015_retrievers,trot,elbow,94,148.87,8.39,5,180=straight; included humerus vs radius/ulna; =180-(elev_lowerarm-elev_upperarm)
catavitello2015_retrievers,trot,elbow,95,150.49,7.51,5,180=straight; included humerus vs radius/ulna; =180-(elev_lowerarm-elev_upperarm)
catavitello2015_retrievers,trot,elbow,96,152.08,6.63,5,180=straight; included humerus vs radius/ulna; =180-(elev_lowerarm-elev_upperarm)
catavitello2015_retrievers,trot,elbow,97,153.29,5.52,5,180=straight; included humerus vs radius/ulna; =180-(elev_lowerarm-elev_upperarm)
catavitello2015_retrievers,trot,elbow,98,153.96,4.62,5,180=straight; included humerus vs radius/ulna; =180-(elev_lowerarm-elev_upperarm)
catavitello2015_retrievers,trot,elbow,99,154.62,3.81,5,180=straight; included humerus vs radius/ulna; =180-(elev_lowerarm-elev_upperarm)
catavitello2015_retrievers,trot,elbow,100,155.29,3.17,5,180=straight; included humerus vs radius/ulna; =180-(elev_lowerarm-elev_upperarm)
catavitello2015_retrievers,trot,hip,0,66.45,5.03,6,180=straight; NONSTANDARD: angle at greater trochanter between trunk line (GT->scapula top) and femur (GT->knee); NOT pelvis-femur; add roughly pelvic tilt to compare
catavitello2015_retrievers,trot,hip,1,67.53,5.0,6,180=straight; NONSTANDARD: angle at greater trochanter between trunk line (GT->scapula top) and femur (GT->knee); NOT pelvis-femur; add roughly pelvic tilt to compare
catavitello2015_retrievers,trot,hip,2,68.61,4.97,6,180=straight; NONSTANDARD: angle at greater trochanter between trunk line (GT->scapula top) and femur (GT->knee); NOT pelvis-femur; add roughly pelvic tilt to compare
catavitello2015_retrievers,trot,hip,3,69.69,4.95,6,180=straight; NONSTANDARD: angle at greater trochanter between trunk line (GT->scapula top) and femur (GT->knee); NOT pelvis-femur; add roughly pelvic tilt to compare
catavitello2015_retrievers,trot,hip,4,70.81,4.97,6,180=straight; NONSTANDARD: angle at greater trochanter between trunk line (GT->scapula top) and femur (GT->knee); NOT pelvis-femur; add roughly pelvic tilt to compare
catavitello2015_retrievers,trot,hip,5,71.95,4.98,6,180=straight; NONSTANDARD: angle at greater trochanter between trunk line (GT->scapula top) and femur (GT->knee); NOT pelvis-femur; add roughly pelvic tilt to compare
catavitello2015_retrievers,trot,hip,6,73.09,5.0,6,180=straight; NONSTANDARD: angle at greater trochanter between trunk line (GT->scapula top) and femur (GT->knee); NOT pelvis-femur; add roughly pelvic tilt to compare
catavitello2015_retrievers,trot,hip,7,74.19,5.05,6,180=straight; NONSTANDARD: angle at greater trochanter between trunk line (GT->scapula top) and femur (GT->knee); NOT pelvis-femur; add roughly pelvic tilt to compare
catavitello2015_retrievers,trot,hip,8,75.23,5.17,6,180=straight; NONSTANDARD: angle at greater trochanter between trunk line (GT->scapula top) and femur (GT->knee); NOT pelvis-femur; add roughly pelvic tilt to compare
catavitello2015_retrievers,trot,hip,9,76.24,5.26,6,180=straight; NONSTANDARD: angle at greater trochanter between trunk line (GT->scapula top) and femur (GT->knee); NOT pelvis-femur; add roughly pelvic tilt to compare
catavitello2015_retrievers,trot,hip,10,77.22,5.36,6,180=straight; NONSTANDARD: angle at greater trochanter between trunk line (GT->scapula top) and femur (GT->knee); NOT pelvis-femur; add roughly pelvic tilt to compare
catavitello2015_retrievers,trot,hip,11,78.08,5.5,6,180=straight; NONSTANDARD: angle at greater trochanter between trunk line (GT->scapula top) and femur (GT->knee); NOT pelvis-femur; add roughly pelvic tilt to compare
catavitello2015_retrievers,trot,hip,12,78.91,5.68,6,180=straight; NONSTANDARD: angle at greater trochanter between trunk line (GT->scapula top) and femur (GT->knee); NOT pelvis-femur; add roughly pelvic tilt to compare
catavitello2015_retrievers,trot,hip,13,79.7,5.84,6,180=straight; NONSTANDARD: angle at greater trochanter between trunk line (GT->scapula top) and femur (GT->knee); NOT pelvis-femur; add roughly pelvic tilt to compare
catavitello2015_retrievers,trot,hip,14,80.4,5.99,6,180=straight; NONSTANDARD: angle at greater trochanter between trunk line (GT->scapula top) and femur (GT->knee); NOT pelvis-femur; add roughly pelvic tilt to compare
catavitello2015_retrievers,trot,hip,15,81.07,6.17,6,180=straight; NONSTANDARD: angle at greater trochanter between trunk line (GT->scapula top) and femur (GT->knee); NOT pelvis-femur; add roughly pelvic tilt to compare
catavitello2015_retrievers,trot,hip,16,81.73,6.36,6,180=straight; NONSTANDARD: angle at greater trochanter between trunk line (GT->scapula top) and femur (GT->knee); NOT pelvis-femur; add roughly pelvic tilt to compare
catavitello2015_retrievers,trot,hip,17,82.34,6.53,6,180=straight; NONSTANDARD: angle at greater trochanter between trunk line (GT->scapula top) and femur (GT->knee); NOT pelvis-femur; add roughly pelvic tilt to compare
catavitello2015_retrievers,trot,hip,18,82.94,6.65,6,180=straight; NONSTANDARD: angle at greater trochanter between trunk line (GT->scapula top) and femur (GT->knee); NOT pelvis-femur; add roughly pelvic tilt to compare
catavitello2015_retrievers,trot,hip,19,83.55,6.77,6,180=straight; NONSTANDARD: angle at greater trochanter between trunk line (GT->scapula top) and femur (GT->knee); NOT pelvis-femur; add roughly pelvic tilt to compare
catavitello2015_retrievers,trot,hip,20,84.14,6.89,6,180=straight; NONSTANDARD: angle at greater trochanter between trunk line (GT->scapula top) and femur (GT->knee); NOT pelvis-femur; add roughly pelvic tilt to compare
catavitello2015_retrievers,trot,hip,21,84.73,6.97,6,180=straight; NONSTANDARD: angle at greater trochanter between trunk line (GT->scapula top) and femur (GT->knee); NOT pelvis-femur; add roughly pelvic tilt to compare
catavitello2015_retrievers,trot,hip,22,85.35,7.01,6,180=straight; NONSTANDARD: angle at greater trochanter between trunk line (GT->scapula top) and femur (GT->knee); NOT pelvis-femur; add roughly pelvic tilt to compare
catavitello2015_retrievers,trot,hip,23,85.95,7.05,6,180=straight; NONSTANDARD: angle at greater trochanter between trunk line (GT->scapula top) and femur (GT->knee); NOT pelvis-femur; add roughly pelvic tilt to compare
catavitello2015_retrievers,trot,hip,24,86.57,7.08,6,180=straight; NONSTANDARD: angle at greater trochanter between trunk line (GT->scapula top) and femur (GT->knee); NOT pelvis-femur; add roughly pelvic tilt to compare
catavitello2015_retrievers,trot,hip,25,87.21,7.1,6,180=straight; NONSTANDARD: angle at greater trochanter between trunk line (GT->scapula top) and femur (GT->knee); NOT pelvis-femur; add roughly pelvic tilt to compare
catavitello2015_retrievers,trot,hip,26,87.84,7.11,6,180=straight; NONSTANDARD: angle at greater trochanter between trunk line (GT->scapula top) and femur (GT->knee); NOT pelvis-femur; add roughly pelvic tilt to compare
catavitello2015_retrievers,trot,hip,27,88.5,7.12,6,180=straight; NONSTANDARD: angle at greater trochanter between trunk line (GT->scapula top) and femur (GT->knee); NOT pelvis-femur; add roughly pelvic tilt to compare
catavitello2015_retrievers,trot,hip,28,89.16,7.12,6,180=straight; NONSTANDARD: angle at greater trochanter between trunk line (GT->scapula top) and femur (GT->knee); NOT pelvis-femur; add roughly pelvic tilt to compare
catavitello2015_retrievers,trot,hip,29,89.82,7.13,6,180=straight; NONSTANDARD: angle at greater trochanter between trunk line (GT->scapula top) and femur (GT->knee); NOT pelvis-femur; add roughly pelvic tilt to compare
catavitello2015_retrievers,trot,hip,30,90.5,7.1,6,180=straight; NONSTANDARD: angle at greater trochanter between trunk line (GT->scapula top) and femur (GT->knee); NOT pelvis-femur; add roughly pelvic tilt to compare
catavitello2015_retrievers,trot,hip,31,91.18,7.05,6,180=straight; NONSTANDARD: angle at greater trochanter between trunk line (GT->scapula top) and femur (GT->knee); NOT pelvis-femur; add roughly pelvic tilt to compare
catavitello2015_retrievers,trot,hip,32,91.85,7.0,6,180=straight; NONSTANDARD: angle at greater trochanter between trunk line (GT->scapula top) and femur (GT->knee); NOT pelvis-femur; add roughly pelvic tilt to compare
catavitello2015_retrievers,trot,hip,33,92.52,6.9,6,180=straight; NONSTANDARD: angle at greater trochanter between trunk line (GT->scapula top) and femur (GT->knee); NOT pelvis-femur; add roughly pelvic tilt to compare
catavitello2015_retrievers,trot,hip,34,93.16,6.76,6,180=straight; NONSTANDARD: angle at greater trochanter between trunk line (GT->scapula top) and femur (GT->knee); NOT pelvis-femur; add roughly pelvic tilt to compare
catavitello2015_retrievers,trot,hip,35,93.77,6.62,6,180=straight; NONSTANDARD: angle at greater trochanter between trunk line (GT->scapula top) and femur (GT->knee); NOT pelvis-femur; add roughly pelvic tilt to compare
catavitello2015_retrievers,trot,hip,36,94.34,6.43,6,180=straight; NONSTANDARD: angle at greater trochanter between trunk line (GT->scapula top) and femur (GT->knee); NOT pelvis-femur; add roughly pelvic tilt to compare
catavitello2015_retrievers,trot,hip,37,94.85,6.21,6,180=straight; NONSTANDARD: angle at greater trochanter between trunk line (GT->scapula top) and femur (GT->knee); NOT pelvis-femur; add roughly pelvic tilt to compare
catavitello2015_retrievers,trot,hip,38,95.31,5.98,6,180=straight; NONSTANDARD: angle at greater trochanter between trunk line (GT->scapula top) and femur (GT->knee); NOT pelvis-femur; add roughly pelvic tilt to compare
catavitello2015_retrievers,trot,hip,39,95.67,5.76,6,180=straight; NONSTANDARD: angle at greater trochanter between trunk line (GT->scapula top) and femur (GT->knee); NOT pelvis-femur; add roughly pelvic tilt to compare
catavitello2015_retrievers,trot,hip,40,95.93,5.49,6,180=straight; NONSTANDARD: angle at greater trochanter between trunk line (GT->scapula top) and femur (GT->knee); NOT pelvis-femur; add roughly pelvic tilt to compare
catavitello2015_retrievers,trot,hip,41,96.1,5.24,6,180=straight; NONSTANDARD: angle at greater trochanter between trunk line (GT->scapula top) and femur (GT->knee); NOT pelvis-femur; add roughly pelvic tilt to compare
catavitello2015_retrievers,trot,hip,42,96.18,5.03,6,180=straight; NONSTANDARD: angle at greater trochanter between trunk line (GT->scapula top) and femur (GT->knee); NOT pelvis-femur; add roughly pelvic tilt to compare
catavitello2015_retrievers,trot,hip,43,96.05,4.8,6,180=straight; NONSTANDARD: angle at greater trochanter between trunk line (GT->scapula top) and femur (GT->knee); NOT pelvis-femur; add roughly pelvic tilt to compare
catavitello2015_retrievers,trot,hip,44,95.89,4.57,6,180=straight; NONSTANDARD: angle at greater trochanter between trunk line (GT->scapula top) and femur (GT->knee); NOT pelvis-femur; add roughly pelvic tilt to compare
catavitello2015_retrievers,trot,hip,45,95.62,4.38,6,180=straight; NONSTANDARD: angle at greater trochanter between trunk line (GT->scapula top) and femur (GT->knee); NOT pelvis-femur; add roughly pelvic tilt to compare
catavitello2015_retrievers,trot,hip,46,95.14,4.21,6,180=straight; NONSTANDARD: angle at greater trochanter between trunk line (GT->scapula top) and femur (GT->knee); NOT pelvis-femur; add roughly pelvic tilt to compare
catavitello2015_retrievers,trot,hip,47,94.59,4.05,6,180=straight; NONSTANDARD: angle at greater trochanter between trunk line (GT->scapula top) and femur (GT->knee); NOT pelvis-femur; add roughly pelvic tilt to compare
catavitello2015_retrievers,trot,hip,48,94.0,3.89,6,180=straight; NONSTANDARD: angle at greater trochanter between trunk line (GT->scapula top) and femur (GT->knee); NOT pelvis-femur; add roughly pelvic tilt to compare
catavitello2015_retrievers,trot,hip,49,93.25,3.77,6,180=straight; NONSTANDARD: angle at greater trochanter between trunk line (GT->scapula top) and femur (GT->knee); NOT pelvis-femur; add roughly pelvic tilt to compare
catavitello2015_retrievers,trot,hip,50,92.44,3.66,6,180=straight; NONSTANDARD: angle at greater trochanter between trunk line (GT->scapula top) and femur (GT->knee); NOT pelvis-femur; add roughly pelvic tilt to compare
catavitello2015_retrievers,trot,hip,51,91.52,3.57,6,180=straight; NONSTANDARD: angle at greater trochanter between trunk line (GT->scapula top) and femur (GT->knee); NOT pelvis-femur; add roughly pelvic tilt to compare
catavitello2015_retrievers,trot,hip,52,90.58,3.49,6,180=straight; NONSTANDARD: angle at greater trochanter between trunk line (GT->scapula top) and femur (GT->knee); NOT pelvis-femur; add roughly pelvic tilt to compare
catavitello2015_retrievers,trot,hip,53,89.57,3.44,6,180=straight; NONSTANDARD: angle at greater trochanter between trunk line (GT->scapula top) and femur (GT->knee); NOT pelvis-femur; add roughly pelvic tilt to compare
catavitello2015_retrievers,trot,hip,54,88.5,3.4,6,180=straight; NONSTANDARD: angle at greater trochanter between trunk line (GT->scapula top) and femur (GT->knee); NOT pelvis-femur; add roughly pelvic tilt to compare
catavitello2015_retrievers,trot,hip,55,87.36,3.41,6,180=straight; NONSTANDARD: angle at greater trochanter between trunk line (GT->scapula top) and femur (GT->knee); NOT pelvis-femur; add roughly pelvic tilt to compare
catavitello2015_retrievers,trot,hip,56,86.19,3.44,6,180=straight; NONSTANDARD: angle at greater trochanter between trunk line (GT->scapula top) and femur (GT->knee); NOT pelvis-femur; add roughly pelvic tilt to compare
catavitello2015_retrievers,trot,hip,57,84.98,3.5,6,180=straight; NONSTANDARD: angle at greater trochanter between trunk line (GT->scapula top) and femur (GT->knee); NOT pelvis-femur; add roughly pelvic tilt to compare
catavitello2015_retrievers,trot,hip,58,83.69,3.56,6,180=straight; NONSTANDARD: angle at greater trochanter between trunk line (GT->scapula top) and femur (GT->knee); NOT pelvis-femur; add roughly pelvic tilt to compare
catavitello2015_retrievers,trot,hip,59,82.34,3.64,6,180=straight; NONSTANDARD: angle at greater trochanter between trunk line (GT->scapula top) and femur (GT->knee); NOT pelvis-femur; add roughly pelvic tilt to compare
catavitello2015_retrievers,trot,hip,60,80.96,3.78,6,180=straight; NONSTANDARD: angle at greater trochanter between trunk line (GT->scapula top) and femur (GT->knee); NOT pelvis-femur; add roughly pelvic tilt to compare
catavitello2015_retrievers,trot,hip,61,79.51,3.87,6,180=straight; NONSTANDARD: angle at greater trochanter between trunk line (GT->scapula top) and femur (GT->knee); NOT pelvis-femur; add roughly pelvic tilt to compare
catavitello2015_retrievers,trot,hip,62,78.02,3.96,6,180=straight; NONSTANDARD: angle at greater trochanter between trunk line (GT->scapula top) and femur (GT->knee); NOT pelvis-femur; add roughly pelvic tilt to compare
catavitello2015_retrievers,trot,hip,63,76.49,4.06,6,180=straight; NONSTANDARD: angle at greater trochanter between trunk line (GT->scapula top) and femur (GT->knee); NOT pelvis-femur; add roughly pelvic tilt to compare
catavitello2015_retrievers,trot,hip,64,74.93,4.19,6,180=straight; NONSTANDARD: angle at greater trochanter between trunk line (GT->scapula top) and femur (GT->knee); NOT pelvis-femur; add roughly pelvic tilt to compare
catavitello2015_retrievers,trot,hip,65,73.37,4.27,6,180=straight; NONSTANDARD: angle at greater trochanter between trunk line (GT->scapula top) and femur (GT->knee); NOT pelvis-femur; add roughly pelvic tilt to compare
catavitello2015_retrievers,trot,hip,66,71.79,4.35,6,180=straight; NONSTANDARD: angle at greater trochanter between trunk line (GT->scapula top) and femur (GT->knee); NOT pelvis-femur; add roughly pelvic tilt to compare
catavitello2015_retrievers,trot,hip,67,70.22,4.43,6,180=straight; NONSTANDARD: angle at greater trochanter between trunk line (GT->scapula top) and femur (GT->knee); NOT pelvis-femur; add roughly pelvic tilt to compare
catavitello2015_retrievers,trot,hip,68,68.68,4.5,6,180=straight; NONSTANDARD: angle at greater trochanter between trunk line (GT->scapula top) and femur (GT->knee); NOT pelvis-femur; add roughly pelvic tilt to compare
catavitello2015_retrievers,trot,hip,69,67.19,4.5,6,180=straight; NONSTANDARD: angle at greater trochanter between trunk line (GT->scapula top) and femur (GT->knee); NOT pelvis-femur; add roughly pelvic tilt to compare
catavitello2015_retrievers,trot,hip,70,65.74,4.5,6,180=straight; NONSTANDARD: angle at greater trochanter between trunk line (GT->scapula top) and femur (GT->knee); NOT pelvis-femur; add roughly pelvic tilt to compare
catavitello2015_retrievers,trot,hip,71,64.34,4.52,6,180=straight; NONSTANDARD: angle at greater trochanter between trunk line (GT->scapula top) and femur (GT->knee); NOT pelvis-femur; add roughly pelvic tilt to compare
catavitello2015_retrievers,trot,hip,72,63.06,4.45,6,180=straight; NONSTANDARD: angle at greater trochanter between trunk line (GT->scapula top) and femur (GT->knee); NOT pelvis-femur; add roughly pelvic tilt to compare
catavitello2015_retrievers,trot,hip,73,61.86,4.35,6,180=straight; NONSTANDARD: angle at greater trochanter between trunk line (GT->scapula top) and femur (GT->knee); NOT pelvis-femur; add roughly pelvic tilt to compare
catavitello2015_retrievers,trot,hip,74,60.74,4.26,6,180=straight; NONSTANDARD: angle at greater trochanter between trunk line (GT->scapula top) and femur (GT->knee); NOT pelvis-femur; add roughly pelvic tilt to compare
catavitello2015_retrievers,trot,hip,75,59.77,4.09,6,180=straight; NONSTANDARD: angle at greater trochanter between trunk line (GT->scapula top) and femur (GT->knee); NOT pelvis-femur; add roughly pelvic tilt to compare
catavitello2015_retrievers,trot,hip,76,58.93,3.84,6,180=straight; NONSTANDARD: angle at greater trochanter between trunk line (GT->scapula top) and femur (GT->knee); NOT pelvis-femur; add roughly pelvic tilt to compare
catavitello2015_retrievers,trot,hip,77,58.21,3.65,6,180=straight; NONSTANDARD: angle at greater trochanter between trunk line (GT->scapula top) and femur (GT->knee); NOT pelvis-femur; add roughly pelvic tilt to compare
catavitello2015_retrievers,trot,hip,78,57.67,3.38,6,180=straight; NONSTANDARD: angle at greater trochanter between trunk line (GT->scapula top) and femur (GT->knee); NOT pelvis-femur; add roughly pelvic tilt to compare
catavitello2015_retrievers,trot,hip,79,57.26,3.04,6,180=straight; NONSTANDARD: angle at greater trochanter between trunk line (GT->scapula top) and femur (GT->knee); NOT pelvis-femur; add roughly pelvic tilt to compare
catavitello2015_retrievers,trot,hip,80,56.97,2.8,6,180=straight; NONSTANDARD: angle at greater trochanter between trunk line (GT->scapula top) and femur (GT->knee); NOT pelvis-femur; add roughly pelvic tilt to compare
catavitello2015_retrievers,trot,hip,81,56.89,2.61,6,180=straight; NONSTANDARD: angle at greater trochanter between trunk line (GT->scapula top) and femur (GT->knee); NOT pelvis-femur; add roughly pelvic tilt to compare
catavitello2015_retrievers,trot,hip,82,56.93,2.45,6,180=straight; NONSTANDARD: angle at greater trochanter between trunk line (GT->scapula top) and femur (GT->knee); NOT pelvis-femur; add roughly pelvic tilt to compare
catavitello2015_retrievers,trot,hip,83,57.02,2.39,6,180=straight; NONSTANDARD: angle at greater trochanter between trunk line (GT->scapula top) and femur (GT->knee); NOT pelvis-femur; add roughly pelvic tilt to compare
catavitello2015_retrievers,trot,hip,84,57.28,2.46,6,180=straight; NONSTANDARD: angle at greater trochanter between trunk line (GT->scapula top) and femur (GT->knee); NOT pelvis-femur; add roughly pelvic tilt to compare
catavitello2015_retrievers,trot,hip,85,57.67,2.58,6,180=straight; NONSTANDARD: angle at greater trochanter between trunk line (GT->scapula top) and femur (GT->knee); NOT pelvis-femur; add roughly pelvic tilt to compare
catavitello2015_retrievers,trot,hip,86,58.08,2.72,6,180=straight; NONSTANDARD: angle at greater trochanter between trunk line (GT->scapula top) and femur (GT->knee); NOT pelvis-femur; add roughly pelvic tilt to compare
catavitello2015_retrievers,trot,hip,87,58.54,2.86,6,180=straight; NONSTANDARD: angle at greater trochanter between trunk line (GT->scapula top) and femur (GT->knee); NOT pelvis-femur; add roughly pelvic tilt to compare
catavitello2015_retrievers,trot,hip,88,59.09,2.96,6,180=straight; NONSTANDARD: angle at greater trochanter between trunk line (GT->scapula top) and femur (GT->knee); NOT pelvis-femur; add roughly pelvic tilt to compare
catavitello2015_retrievers,trot,hip,89,59.67,3.03,6,180=straight; NONSTANDARD: angle at greater trochanter between trunk line (GT->scapula top) and femur (GT->knee); NOT pelvis-femur; add roughly pelvic tilt to compare
catavitello2015_retrievers,trot,hip,90,60.25,3.11,6,180=straight; NONSTANDARD: angle at greater trochanter between trunk line (GT->scapula top) and femur (GT->knee); NOT pelvis-femur; add roughly pelvic tilt to compare
catavitello2015_retrievers,trot,hip,91,60.86,3.16,6,180=straight; NONSTANDARD: angle at greater trochanter between trunk line (GT->scapula top) and femur (GT->knee); NOT pelvis-femur; add roughly pelvic tilt to compare
catavitello2015_retrievers,trot,hip,92,61.49,3.18,6,180=straight; NONSTANDARD: angle at greater trochanter between trunk line (GT->scapula top) and femur (GT->knee); NOT pelvis-femur; add roughly pelvic tilt to compare
catavitello2015_retrievers,trot,hip,93,62.14,3.2,6,180=straight; NONSTANDARD: angle at greater trochanter between trunk line (GT->scapula top) and femur (GT->knee); NOT pelvis-femur; add roughly pelvic tilt to compare
catavitello2015_retrievers,trot,hip,94,62.85,3.25,6,180=straight; NONSTANDARD: angle at greater trochanter between trunk line (GT->scapula top) and femur (GT->knee); NOT pelvis-femur; add roughly pelvic tilt to compare
catavitello2015_retrievers,trot,hip,95,63.58,3.26,6,180=straight; NONSTANDARD: angle at greater trochanter between trunk line (GT->scapula top) and femur (GT->knee); NOT pelvis-femur; add roughly pelvic tilt to compare
catavitello2015_retrievers,trot,hip,96,64.33,3.27,6,180=straight; NONSTANDARD: angle at greater trochanter between trunk line (GT->scapula top) and femur (GT->knee); NOT pelvis-femur; add roughly pelvic tilt to compare
catavitello2015_retrievers,trot,hip,97,65.17,3.3,6,180=straight; NONSTANDARD: angle at greater trochanter between trunk line (GT->scapula top) and femur (GT->knee); NOT pelvis-femur; add roughly pelvic tilt to compare
catavitello2015_retrievers,trot,hip,98,66.12,3.31,6,180=straight; NONSTANDARD: angle at greater trochanter between trunk line (GT->scapula top) and femur (GT->knee); NOT pelvis-femur; add roughly pelvic tilt to compare
catavitello2015_retrievers,trot,hip,99,67.08,3.33,6,180=straight; NONSTANDARD: angle at greater trochanter between trunk line (GT->scapula top) and femur (GT->knee); NOT pelvis-femur; add roughly pelvic tilt to compare
catavitello2015_retrievers,trot,hip,100,68.04,3.35,6,180=straight; NONSTANDARD: angle at greater trochanter between trunk line (GT->scapula top) and femur (GT->knee); NOT pelvis-femur; add roughly pelvic tilt to compare
catavitello2015_retrievers,trot,shoulder,0,149.76,9.75,5,180=straight; included scapula(spine top->shoulder) vs humerus; =180-(elev_scapula-elev_upperarm); 2D markerless video
catavitello2015_retrievers,trot,shoulder,1,148.37,10.05,5,180=straight; included scapula(spine top->shoulder) vs humerus; =180-(elev_scapula-elev_upperarm); 2D markerless video
catavitello2015_retrievers,trot,shoulder,2,146.97,10.36,5,180=straight; included scapula(spine top->shoulder) vs humerus; =180-(elev_scapula-elev_upperarm); 2D markerless video
catavitello2015_retrievers,trot,shoulder,3,145.57,10.67,5,180=straight; included scapula(spine top->shoulder) vs humerus; =180-(elev_scapula-elev_upperarm); 2D markerless video
catavitello2015_retrievers,trot,shoulder,4,144.14,10.85,5,180=straight; included scapula(spine top->shoulder) vs humerus; =180-(elev_scapula-elev_upperarm); 2D markerless video
catavitello2015_retrievers,trot,shoulder,5,142.7,10.99,5,180=straight; included scapula(spine top->shoulder) vs humerus; =180-(elev_scapula-elev_upperarm); 2D markerless video
catavitello2015_retrievers,trot,shoulder,6,141.27,11.13,5,180=straight; included scapula(spine top->shoulder) vs humerus; =180-(elev_scapula-elev_upperarm); 2D markerless video
catavitello2015_retrievers,trot,shoulder,7,139.94,11.26,5,180=straight; included scapula(spine top->shoulder) vs humerus; =180-(elev_scapula-elev_upperarm); 2D markerless video
catavitello2015_retrievers,trot,shoulder,8,138.73,11.34,5,180=straight; included scapula(spine top->shoulder) vs humerus; =180-(elev_scapula-elev_upperarm); 2D markerless video
catavitello2015_retrievers,trot,shoulder,9,137.52,11.44,5,180=straight; included scapula(spine top->shoulder) vs humerus; =180-(elev_scapula-elev_upperarm); 2D markerless video
catavitello2015_retrievers,trot,shoulder,10,136.43,11.61,5,180=straight; included scapula(spine top->shoulder) vs humerus; =180-(elev_scapula-elev_upperarm); 2D markerless video
catavitello2015_retrievers,trot,shoulder,11,135.53,11.75,5,180=straight; included scapula(spine top->shoulder) vs humerus; =180-(elev_scapula-elev_upperarm); 2D markerless video
catavitello2015_retrievers,trot,shoulder,12,134.66,11.9,5,180=straight; included scapula(spine top->shoulder) vs humerus; =180-(elev_scapula-elev_upperarm); 2D markerless video
catavitello2015_retrievers,trot,shoulder,13,133.87,12.11,5,180=straight; included scapula(spine top->shoulder) vs humerus; =180-(elev_scapula-elev_upperarm); 2D markerless video
catavitello2015_retrievers,trot,shoulder,14,133.2,12.37,5,180=straight; included scapula(spine top->shoulder) vs humerus; =180-(elev_scapula-elev_upperarm); 2D markerless video
catavitello2015_retrievers,trot,shoulder,15,132.6,12.61,5,180=straight; included scapula(spine top->shoulder) vs humerus; =180-(elev_scapula-elev_upperarm); 2D markerless video
catavitello2015_retrievers,trot,shoulder,16,132.05,12.86,5,180=straight; included scapula(spine top->shoulder) vs humerus; =180-(elev_scapula-elev_upperarm); 2D markerless video
catavitello2015_retrievers,trot,shoulder,17,131.56,13.14,5,180=straight; included scapula(spine top->shoulder) vs humerus; =180-(elev_scapula-elev_upperarm); 2D markerless video
catavitello2015_retrievers,trot,shoulder,18,131.12,13.42,5,180=straight; included scapula(spine top->shoulder) vs humerus; =180-(elev_scapula-elev_upperarm); 2D markerless video
catavitello2015_retrievers,trot,shoulder,19,130.69,13.69,5,180=straight; included scapula(spine top->shoulder) vs humerus; =180-(elev_scapula-elev_upperarm); 2D markerless video
catavitello2015_retrievers,trot,shoulder,20,130.27,13.94,5,180=straight; included scapula(spine top->shoulder) vs humerus; =180-(elev_scapula-elev_upperarm); 2D markerless video
catavitello2015_retrievers,trot,shoulder,21,129.9,14.17,5,180=straight; included scapula(spine top->shoulder) vs humerus; =180-(elev_scapula-elev_upperarm); 2D markerless video
catavitello2015_retrievers,trot,shoulder,22,129.54,14.39,5,180=straight; included scapula(spine top->shoulder) vs humerus; =180-(elev_scapula-elev_upperarm); 2D markerless video
catavitello2015_retrievers,trot,shoulder,23,129.13,14.59,5,180=straight; included scapula(spine top->shoulder) vs humerus; =180-(elev_scapula-elev_upperarm); 2D markerless video
catavitello2015_retrievers,trot,shoulder,24,128.74,14.75,5,180=straight; included scapula(spine top->shoulder) vs humerus; =180-(elev_scapula-elev_upperarm); 2D markerless video
catavitello2015_retrievers,trot,shoulder,25,128.38,14.89,5,180=straight; included scapula(spine top->shoulder) vs humerus; =180-(elev_scapula-elev_upperarm); 2D markerless video
catavitello2015_retrievers,trot,shoulder,26,127.99,14.98,5,180=straight; included scapula(spine top->shoulder) vs humerus; =180-(elev_scapula-elev_upperarm); 2D markerless video
catavitello2015_retrievers,trot,shoulder,27,127.59,15.05,5,180=straight; included scapula(spine top->shoulder) vs humerus; =180-(elev_scapula-elev_upperarm); 2D markerless video
catavitello2015_retrievers,trot,shoulder,28,127.21,15.09,5,180=straight; included scapula(spine top->shoulder) vs humerus; =180-(elev_scapula-elev_upperarm); 2D markerless video
catavitello2015_retrievers,trot,shoulder,29,126.82,15.09,5,180=straight; included scapula(spine top->shoulder) vs humerus; =180-(elev_scapula-elev_upperarm); 2D markerless video
catavitello2015_retrievers,trot,shoulder,30,126.44,15.07,5,180=straight; included scapula(spine top->shoulder) vs humerus; =180-(elev_scapula-elev_upperarm); 2D markerless video
catavitello2015_retrievers,trot,shoulder,31,126.11,15.0,5,180=straight; included scapula(spine top->shoulder) vs humerus; =180-(elev_scapula-elev_upperarm); 2D markerless video
catavitello2015_retrievers,trot,shoulder,32,125.74,14.92,5,180=straight; included scapula(spine top->shoulder) vs humerus; =180-(elev_scapula-elev_upperarm); 2D markerless video
catavitello2015_retrievers,trot,shoulder,33,125.41,14.8,5,180=straight; included scapula(spine top->shoulder) vs humerus; =180-(elev_scapula-elev_upperarm); 2D markerless video
catavitello2015_retrievers,trot,shoulder,34,125.11,14.65,5,180=straight; included scapula(spine top->shoulder) vs humerus; =180-(elev_scapula-elev_upperarm); 2D markerless video
catavitello2015_retrievers,trot,shoulder,35,124.81,14.48,5,180=straight; included scapula(spine top->shoulder) vs humerus; =180-(elev_scapula-elev_upperarm); 2D markerless video
catavitello2015_retrievers,trot,shoulder,36,124.51,14.28,5,180=straight; included scapula(spine top->shoulder) vs humerus; =180-(elev_scapula-elev_upperarm); 2D markerless video
catavitello2015_retrievers,trot,shoulder,37,124.24,14.06,5,180=straight; included scapula(spine top->shoulder) vs humerus; =180-(elev_scapula-elev_upperarm); 2D markerless video
catavitello2015_retrievers,trot,shoulder,38,123.99,13.82,5,180=straight; included scapula(spine top->shoulder) vs humerus; =180-(elev_scapula-elev_upperarm); 2D markerless video
catavitello2015_retrievers,trot,shoulder,39,123.71,13.58,5,180=straight; included scapula(spine top->shoulder) vs humerus; =180-(elev_scapula-elev_upperarm); 2D markerless video
catavitello2015_retrievers,trot,shoulder,40,123.42,13.36,5,180=straight; included scapula(spine top->shoulder) vs humerus; =180-(elev_scapula-elev_upperarm); 2D markerless video
catavitello2015_retrievers,trot,shoulder,41,123.18,13.09,5,180=straight; included scapula(spine top->shoulder) vs humerus; =180-(elev_scapula-elev_upperarm); 2D markerless video
catavitello2015_retrievers,trot,shoulder,42,122.93,12.86,5,180=straight; included scapula(spine top->shoulder) vs humerus; =180-(elev_scapula-elev_upperarm); 2D markerless video
catavitello2015_retrievers,trot,shoulder,43,122.66,12.64,5,180=straight; included scapula(spine top->shoulder) vs humerus; =180-(elev_scapula-elev_upperarm); 2D markerless video
catavitello2015_retrievers,trot,shoulder,44,122.38,12.45,5,180=straight; included scapula(spine top->shoulder) vs humerus; =180-(elev_scapula-elev_upperarm); 2D markerless video
catavitello2015_retrievers,trot,shoulder,45,122.12,12.24,5,180=straight; included scapula(spine top->shoulder) vs humerus; =180-(elev_scapula-elev_upperarm); 2D markerless video
catavitello2015_retrievers,trot,shoulder,46,121.87,12.04,5,180=straight; included scapula(spine top->shoulder) vs humerus; =180-(elev_scapula-elev_upperarm); 2D markerless video
catavitello2015_retrievers,trot,shoulder,47,121.62,11.82,5,180=straight; included scapula(spine top->shoulder) vs humerus; =180-(elev_scapula-elev_upperarm); 2D markerless video
catavitello2015_retrievers,trot,shoulder,48,121.34,11.63,5,180=straight; included scapula(spine top->shoulder) vs humerus; =180-(elev_scapula-elev_upperarm); 2D markerless video
catavitello2015_retrievers,trot,shoulder,49,121.09,11.41,5,180=straight; included scapula(spine top->shoulder) vs humerus; =180-(elev_scapula-elev_upperarm); 2D markerless video
catavitello2015_retrievers,trot,shoulder,50,120.86,11.2,5,180=straight; included scapula(spine top->shoulder) vs humerus; =180-(elev_scapula-elev_upperarm); 2D markerless video
catavitello2015_retrievers,trot,shoulder,51,120.63,10.94,5,180=straight; included scapula(spine top->shoulder) vs humerus; =180-(elev_scapula-elev_upperarm); 2D markerless video
catavitello2015_retrievers,trot,shoulder,52,120.41,10.68,5,180=straight; included scapula(spine top->shoulder) vs humerus; =180-(elev_scapula-elev_upperarm); 2D markerless video
catavitello2015_retrievers,trot,shoulder,53,120.22,10.42,5,180=straight; included scapula(spine top->shoulder) vs humerus; =180-(elev_scapula-elev_upperarm); 2D markerless video
catavitello2015_retrievers,trot,shoulder,54,120.08,10.16,5,180=straight; included scapula(spine top->shoulder) vs humerus; =180-(elev_scapula-elev_upperarm); 2D markerless video
catavitello2015_retrievers,trot,shoulder,55,119.98,9.86,5,180=straight; included scapula(spine top->shoulder) vs humerus; =180-(elev_scapula-elev_upperarm); 2D markerless video
catavitello2015_retrievers,trot,shoulder,56,119.92,9.54,5,180=straight; included scapula(spine top->shoulder) vs humerus; =180-(elev_scapula-elev_upperarm); 2D markerless video
catavitello2015_retrievers,trot,shoulder,57,119.95,9.17,5,180=straight; included scapula(spine top->shoulder) vs humerus; =180-(elev_scapula-elev_upperarm); 2D markerless video
catavitello2015_retrievers,trot,shoulder,58,120.04,8.8,5,180=straight; included scapula(spine top->shoulder) vs humerus; =180-(elev_scapula-elev_upperarm); 2D markerless video
catavitello2015_retrievers,trot,shoulder,59,120.19,8.42,5,180=straight; included scapula(spine top->shoulder) vs humerus; =180-(elev_scapula-elev_upperarm); 2D markerless video
catavitello2015_retrievers,trot,shoulder,60,120.38,8.04,5,180=straight; included scapula(spine top->shoulder) vs humerus; =180-(elev_scapula-elev_upperarm); 2D markerless video
catavitello2015_retrievers,trot,shoulder,61,120.72,7.6,5,180=straight; included scapula(spine top->shoulder) vs humerus; =180-(elev_scapula-elev_upperarm); 2D markerless video
catavitello2015_retrievers,trot,shoulder,62,121.11,7.14,5,180=straight; included scapula(spine top->shoulder) vs humerus; =180-(elev_scapula-elev_upperarm); 2D markerless video
catavitello2015_retrievers,trot,shoulder,63,121.52,6.77,5,180=straight; included scapula(spine top->shoulder) vs humerus; =180-(elev_scapula-elev_upperarm); 2D markerless video
catavitello2015_retrievers,trot,shoulder,64,122.0,6.47,5,180=straight; included scapula(spine top->shoulder) vs humerus; =180-(elev_scapula-elev_upperarm); 2D markerless video
catavitello2015_retrievers,trot,shoulder,65,122.58,6.07,5,180=straight; included scapula(spine top->shoulder) vs humerus; =180-(elev_scapula-elev_upperarm); 2D markerless video
catavitello2015_retrievers,trot,shoulder,66,123.21,5.69,5,180=straight; included scapula(spine top->shoulder) vs humerus; =180-(elev_scapula-elev_upperarm); 2D markerless video
catavitello2015_retrievers,trot,shoulder,67,123.88,5.4,5,180=straight; included scapula(spine top->shoulder) vs humerus; =180-(elev_scapula-elev_upperarm); 2D markerless video
catavitello2015_retrievers,trot,shoulder,68,124.58,5.18,5,180=straight; included scapula(spine top->shoulder) vs humerus; =180-(elev_scapula-elev_upperarm); 2D markerless video
catavitello2015_retrievers,trot,shoulder,69,125.37,4.84,5,180=straight; included scapula(spine top->shoulder) vs humerus; =180-(elev_scapula-elev_upperarm); 2D markerless video
catavitello2015_retrievers,trot,shoulder,70,126.24,4.5,5,180=straight; included scapula(spine top->shoulder) vs humerus; =180-(elev_scapula-elev_upperarm); 2D markerless video
catavitello2015_retrievers,trot,shoulder,71,127.2,4.2,5,180=straight; included scapula(spine top->shoulder) vs humerus; =180-(elev_scapula-elev_upperarm); 2D markerless video
catavitello2015_retrievers,trot,shoulder,72,128.19,3.95,5,180=straight; included scapula(spine top->shoulder) vs humerus; =180-(elev_scapula-elev_upperarm); 2D markerless video
catavitello2015_retrievers,trot,shoulder,73,129.26,3.72,5,180=straight; included scapula(spine top->shoulder) vs humerus; =180-(elev_scapula-elev_upperarm); 2D markerless video
catavitello2015_retrievers,trot,shoulder,74,130.47,3.53,5,180=straight; included scapula(spine top->shoulder) vs humerus; =180-(elev_scapula-elev_upperarm); 2D markerless video
catavitello2015_retrievers,trot,shoulder,75,131.8,3.47,5,180=straight; included scapula(spine top->shoulder) vs humerus; =180-(elev_scapula-elev_upperarm); 2D markerless video
catavitello2015_retrievers,trot,shoulder,76,133.21,3.45,5,180=straight; included scapula(spine top->shoulder) vs humerus; =180-(elev_scapula-elev_upperarm); 2D markerless video
catavitello2015_retrievers,trot,shoulder,77,134.66,3.57,5,180=straight; included scapula(spine top->shoulder) vs humerus; =180-(elev_scapula-elev_upperarm); 2D markerless video
catavitello2015_retrievers,trot,shoulder,78,136.29,3.75,5,180=straight; included scapula(spine top->shoulder) vs humerus; =180-(elev_scapula-elev_upperarm); 2D markerless video
catavitello2015_retrievers,trot,shoulder,79,138.01,3.96,5,180=straight; included scapula(spine top->shoulder) vs humerus; =180-(elev_scapula-elev_upperarm); 2D markerless video
catavitello2015_retrievers,trot,shoulder,80,139.75,4.22,5,180=straight; included scapula(spine top->shoulder) vs humerus; =180-(elev_scapula-elev_upperarm); 2D markerless video
catavitello2015_retrievers,trot,shoulder,81,141.52,4.42,5,180=straight; included scapula(spine top->shoulder) vs humerus; =180-(elev_scapula-elev_upperarm); 2D markerless video
catavitello2015_retrievers,trot,shoulder,82,143.36,4.63,5,180=straight; included scapula(spine top->shoulder) vs humerus; =180-(elev_scapula-elev_upperarm); 2D markerless video
catavitello2015_retrievers,trot,shoulder,83,145.17,4.82,5,180=straight; included scapula(spine top->shoulder) vs humerus; =180-(elev_scapula-elev_upperarm); 2D markerless video
catavitello2015_retrievers,trot,shoulder,84,146.93,4.96,5,180=straight; included scapula(spine top->shoulder) vs humerus; =180-(elev_scapula-elev_upperarm); 2D markerless video
catavitello2015_retrievers,trot,shoulder,85,148.55,5.02,5,180=straight; included scapula(spine top->shoulder) vs humerus; =180-(elev_scapula-elev_upperarm); 2D markerless video
catavitello2015_retrievers,trot,shoulder,86,150.08,5.02,5,180=straight; included scapula(spine top->shoulder) vs humerus; =180-(elev_scapula-elev_upperarm); 2D markerless video
catavitello2015_retrievers,trot,shoulder,87,151.54,4.99,5,180=straight; included scapula(spine top->shoulder) vs humerus; =180-(elev_scapula-elev_upperarm); 2D markerless video
catavitello2015_retrievers,trot,shoulder,88,152.72,4.88,5,180=straight; included scapula(spine top->shoulder) vs humerus; =180-(elev_scapula-elev_upperarm); 2D markerless video
catavitello2015_retrievers,trot,shoulder,89,153.67,4.7,5,180=straight; included scapula(spine top->shoulder) vs humerus; =180-(elev_scapula-elev_upperarm); 2D markerless video
catavitello2015_retrievers,trot,shoulder,90,154.57,4.55,5,180=straight; included scapula(spine top->shoulder) vs humerus; =180-(elev_scapula-elev_upperarm); 2D markerless video
catavitello2015_retrievers,trot,shoulder,91,155.1,4.48,5,180=straight; included scapula(spine top->shoulder) vs humerus; =180-(elev_scapula-elev_upperarm); 2D markerless video
catavitello2015_retrievers,trot,shoulder,92,155.43,4.39,5,180=straight; included scapula(spine top->shoulder) vs humerus; =180-(elev_scapula-elev_upperarm); 2D markerless video
catavitello2015_retrievers,trot,shoulder,93,155.61,4.51,5,180=straight; included scapula(spine top->shoulder) vs humerus; =180-(elev_scapula-elev_upperarm); 2D markerless video
catavitello2015_retrievers,trot,shoulder,94,155.49,4.81,5,180=straight; included scapula(spine top->shoulder) vs humerus; =180-(elev_scapula-elev_upperarm); 2D markerless video
catavitello2015_retrievers,trot,shoulder,95,155.1,5.16,5,180=straight; included scapula(spine top->shoulder) vs humerus; =180-(elev_scapula-elev_upperarm); 2D markerless video
catavitello2015_retrievers,trot,shoulder,96,154.69,5.63,5,180=straight; included scapula(spine top->shoulder) vs humerus; =180-(elev_scapula-elev_upperarm); 2D markerless video
catavitello2015_retrievers,trot,shoulder,97,154.04,6.27,5,180=straight; included scapula(spine top->shoulder) vs humerus; =180-(elev_scapula-elev_upperarm); 2D markerless video
catavitello2015_retrievers,trot,shoulder,98,153.09,6.81,5,180=straight; included scapula(spine top->shoulder) vs humerus; =180-(elev_scapula-elev_upperarm); 2D markerless video
catavitello2015_retrievers,trot,shoulder,99,152.13,7.39,5,180=straight; included scapula(spine top->shoulder) vs humerus; =180-(elev_scapula-elev_upperarm); 2D markerless video
catavitello2015_retrievers,trot,shoulder,100,151.17,8.01,5,180=straight; included scapula(spine top->shoulder) vs humerus; =180-(elev_scapula-elev_upperarm); 2D markerless video
catavitello2015_retrievers,trot,stifle,0,149.33,10.36,6,180=straight; included femur vs tibia; =180-(elev_thigh-elev_shank)
catavitello2015_retrievers,trot,stifle,1,148.32,10.41,6,180=straight; included femur vs tibia; =180-(elev_thigh-elev_shank)
catavitello2015_retrievers,trot,stifle,2,147.32,10.47,6,180=straight; included femur vs tibia; =180-(elev_thigh-elev_shank)
catavitello2015_retrievers,trot,stifle,3,146.31,10.56,6,180=straight; included femur vs tibia; =180-(elev_thigh-elev_shank)
catavitello2015_retrievers,trot,stifle,4,145.38,10.6,6,180=straight; included femur vs tibia; =180-(elev_thigh-elev_shank)
catavitello2015_retrievers,trot,stifle,5,144.57,10.58,6,180=straight; included femur vs tibia; =180-(elev_thigh-elev_shank)
catavitello2015_retrievers,trot,stifle,6,143.76,10.56,6,180=straight; included femur vs tibia; =180-(elev_thigh-elev_shank)
catavitello2015_retrievers,trot,stifle,7,143.02,10.57,6,180=straight; included femur vs tibia; =180-(elev_thigh-elev_shank)
catavitello2015_retrievers,trot,stifle,8,142.43,10.52,6,180=straight; included femur vs tibia; =180-(elev_thigh-elev_shank)
catavitello2015_retrievers,trot,stifle,9,141.9,10.46,6,180=straight; included femur vs tibia; =180-(elev_thigh-elev_shank)
catavitello2015_retrievers,trot,stifle,10,141.4,10.42,6,180=straight; included femur vs tibia; =180-(elev_thigh-elev_shank)
catavitello2015_retrievers,trot,stifle,11,140.99,10.42,6,180=straight; included femur vs tibia; =180-(elev_thigh-elev_shank)
catavitello2015_retrievers,trot,stifle,12,140.58,10.41,6,180=straight; included femur vs tibia; =180-(elev_thigh-elev_shank)
catavitello2015_retrievers,trot,stifle,13,140.22,10.4,6,180=straight; included femur vs tibia; =180-(elev_thigh-elev_shank)
catavitello2015_retrievers,trot,stifle,14,139.9,10.45,6,180=straight; included femur vs tibia; =180-(elev_thigh-elev_shank)
catavitello2015_retrievers,trot,stifle,15,139.55,10.56,6,180=straight; included femur vs tibia; =180-(elev_thigh-elev_shank)
catavitello2015_retrievers,trot,stifle,16,139.21,10.67,6,180=straight; included femur vs tibia; =180-(elev_thigh-elev_shank)
catavitello2015_retrievers,trot,stifle,17,138.93,10.81,6,180=straight; included femur vs tibia; =180-(elev_thigh-elev_shank)
catavitello2015_retrievers,trot,stifle,18,138.65,11.04,6,180=straight; included femur vs tibia; =180-(elev_thigh-elev_shank)
catavitello2015_retrievers,trot,stifle,19,138.37,11.29,6,180=straight; included femur vs tibia; =180-(elev_thigh-elev_shank)
catavitello2015_retrievers,trot,stifle,20,138.14,11.57,6,180=straight; included femur vs tibia; =180-(elev_thigh-elev_shank)
catavitello2015_retrievers,trot,stifle,21,138.0,11.89,6,180=straight; included femur vs tibia; =180-(elev_thigh-elev_shank)
catavitello2015_retrievers,trot,stifle,22,137.88,12.2,6,180=straight; included femur vs tibia; =180-(elev_thigh-elev_shank)
catavitello2015_retrievers,trot,stifle,23,137.82,12.54,6,180=straight; included femur vs tibia; =180-(elev_thigh-elev_shank)
catavitello2015_retrievers,trot,stifle,24,137.87,12.91,6,180=straight; included femur vs tibia; =180-(elev_thigh-elev_shank)
catavitello2015_retrievers,trot,stifle,25,138.02,13.17,6,180=straight; included femur vs tibia; =180-(elev_thigh-elev_shank)
catavitello2015_retrievers,trot,stifle,26,138.21,13.43,6,180=straight; included femur vs tibia; =180-(elev_thigh-elev_shank)
catavitello2015_retrievers,trot,stifle,27,138.52,13.7,6,180=straight; included femur vs tibia; =180-(elev_thigh-elev_shank)
catavitello2015_retrievers,trot,stifle,28,138.93,13.88,6,180=straight; included femur vs tibia; =180-(elev_thigh-elev_shank)
catavitello2015_retrievers,trot,stifle,29,139.41,13.95,6,180=straight; included femur vs tibia; =180-(elev_thigh-elev_shank)
catavitello2015_retrievers,trot,stifle,30,139.93,14.02,6,180=straight; included femur vs tibia; =180-(elev_thigh-elev_shank)
catavitello2015_retrievers,trot,stifle,31,140.49,14.05,6,180=straight; included femur vs tibia; =180-(elev_thigh-elev_shank)
catavitello2015_retrievers,trot,stifle,32,141.15,13.92,6,180=straight; included femur vs tibia; =180-(elev_thigh-elev_shank)
catavitello2015_retrievers,trot,stifle,33,141.76,13.75,6,180=straight; included femur vs tibia; =180-(elev_thigh-elev_shank)
catavitello2015_retrievers,trot,stifle,34,142.33,13.55,6,180=straight; included femur vs tibia; =180-(elev_thigh-elev_shank)
catavitello2015_retrievers,trot,stifle,35,142.87,13.33,6,180=straight; included femur vs tibia; =180-(elev_thigh-elev_shank)
catavitello2015_retrievers,trot,stifle,36,143.33,13.03,6,180=straight; included femur vs tibia; =180-(elev_thigh-elev_shank)
catavitello2015_retrievers,trot,stifle,37,143.66,12.69,6,180=straight; included femur vs tibia; =180-(elev_thigh-elev_shank)
catavitello2015_retrievers,trot,stifle,38,143.89,12.35,6,180=straight; included femur vs tibia; =180-(elev_thigh-elev_shank)
catavitello2015_retrievers,trot,stifle,39,143.93,12.11,6,180=straight; included femur vs tibia; =180-(elev_thigh-elev_shank)
catavitello2015_retrievers,trot,stifle,40,143.77,11.78,6,180=straight; included femur vs tibia; =180-(elev_thigh-elev_shank)
catavitello2015_retrievers,trot,stifle,41,143.45,11.45,6,180=straight; included femur vs tibia; =180-(elev_thigh-elev_shank)
catavitello2015_retrievers,trot,stifle,42,142.96,11.28,6,180=straight; included femur vs tibia; =180-(elev_thigh-elev_shank)
catavitello2015_retrievers,trot,stifle,43,142.13,11.06,6,180=straight; included femur vs tibia; =180-(elev_thigh-elev_shank)
catavitello2015_retrievers,trot,stifle,44,141.21,10.85,6,180=straight; included femur vs tibia; =180-(elev_thigh-elev_shank)
catavitello2015_retrievers,trot,stifle,45,140.13,10.74,6,180=straight; included femur vs tibia; =180-(elev_thigh-elev_shank)
catavitello2015_retrievers,trot,stifle,46,138.68,10.72,6,180=straight; included femur vs tibia; =180-(elev_thigh-elev_shank)
catavitello2015_retrievers,trot,stifle,47,137.14,10.72,6,180=straight; included femur vs tibia; =180-(elev_thigh-elev_shank)
catavitello2015_retrievers,trot,stifle,48,135.52,10.72,6,180=straight; included femur vs tibia; =180-(elev_thigh-elev_shank)
catavitello2015_retrievers,trot,stifle,49,133.63,10.86,6,180=straight; included femur vs tibia; =180-(elev_thigh-elev_shank)
catavitello2015_retrievers,trot,stifle,50,131.63,11.05,6,180=straight; included femur vs tibia; =180-(elev_thigh-elev_shank)
catavitello2015_retrievers,trot,stifle,51,129.55,11.23,6,180=straight; included femur vs tibia; =180-(elev_thigh-elev_shank)
catavitello2015_retrievers,trot,stifle,52,127.41,11.43,6,180=straight; included femur vs tibia; =180-(elev_thigh-elev_shank)
catavitello2015_retrievers,trot,stifle,53,125.16,11.66,6,180=straight; included femur vs tibia; =180-(elev_thigh-elev_shank)
catavitello2015_retrievers,trot,stifle,54,122.87,11.89,6,180=straight; included femur vs tibia; =180-(elev_thigh-elev_shank)
catavitello2015_retrievers,trot,stifle,55,120.55,12.09,6,180=straight; included femur vs tibia; =180-(elev_thigh-elev_shank)
catavitello2015_retrievers,trot,stifle,56,118.26,12.23,6,180=straight; included femur vs tibia; =180-(elev_thigh-elev_shank)
catavitello2015_retrievers,trot,stifle,57,116.01,12.29,6,180=straight; included femur vs tibia; =180-(elev_thigh-elev_shank)
catavitello2015_retrievers,trot,stifle,58,113.74,12.34,6,180=straight; included femur vs tibia; =180-(elev_thigh-elev_shank)
catavitello2015_retrievers,trot,stifle,59,111.58,12.29,6,180=straight; included femur vs tibia; =180-(elev_thigh-elev_shank)
catavitello2015_retrievers,trot,stifle,60,109.52,12.15,6,180=straight; included femur vs tibia; =180-(elev_thigh-elev_shank)
catavitello2015_retrievers,trot,stifle,61,107.56,11.92,6,180=straight; included femur vs tibia; =180-(elev_thigh-elev_shank)
catavitello2015_retrievers,trot,stifle,62,105.74,11.71,6,180=straight; included femur vs tibia; =180-(elev_thigh-elev_shank)
catavitello2015_retrievers,trot,stifle,63,104.17,11.25,6,180=straight; included femur vs tibia; =180-(elev_thigh-elev_shank)
catavitello2015_retrievers,trot,stifle,64,102.7,10.81,6,180=straight; included femur vs tibia; =180-(elev_thigh-elev_shank)
catavitello2015_retrievers,trot,stifle,65,101.5,10.44,6,180=straight; included femur vs tibia; =180-(elev_thigh-elev_shank)
catavitello2015_retrievers,trot,stifle,66,100.6,9.99,6,180=straight; included femur vs tibia; =180-(elev_thigh-elev_shank)
catavitello2015_retrievers,trot,stifle,67,99.95,9.47,6,180=straight; included femur vs tibia; =180-(elev_thigh-elev_shank)
catavitello2015_retrievers,trot,stifle,68,99.57,9.18,6,180=straight; included femur vs tibia; =180-(elev_thigh-elev_shank)
catavitello2015_retrievers,trot,stifle,69,99.54,9.14,6,180=straight; included femur vs tibia; =180-(elev_thigh-elev_shank)
catavitello2015_retrievers,trot,stifle,70,99.89,8.9,6,180=straight; included femur vs tibia; =180-(elev_thigh-elev_shank)
catavitello2015_retrievers,trot,stifle,71,100.54,8.96,6,180=straight; included femur vs tibia; =180-(elev_thigh-elev_shank)
catavitello2015_retrievers,trot,stifle,72,101.62,9.29,6,180=straight; included femur vs tibia; =180-(elev_thigh-elev_shank)
catavitello2015_retrievers,trot,stifle,73,102.97,9.64,6,180=straight; included femur vs tibia; =180-(elev_thigh-elev_shank)
catavitello2015_retrievers,trot,stifle,74,104.63,10.03,6,180=straight; included femur vs tibia; =180-(elev_thigh-elev_shank)
catavitello2015_retrievers,trot,stifle,75,106.68,10.5,6,180=straight; included femur vs tibia; =180-(elev_thigh-elev_shank)
catavitello2015_retrievers,trot,stifle,76,108.93,11.08,6,180=straight; included femur vs tibia; =180-(elev_thigh-elev_shank)
catavitello2015_retrievers,trot,stifle,77,111.43,11.57,6,180=straight; included femur vs tibia; =180-(elev_thigh-elev_shank)
catavitello2015_retrievers,trot,stifle,78,114.18,11.93,6,180=straight; included femur vs tibia; =180-(elev_thigh-elev_shank)
catavitello2015_retrievers,trot,stifle,79,117.05,12.3,6,180=straight; included femur vs tibia; =180-(elev_thigh-elev_shank)
catavitello2015_retrievers,trot,stifle,80,119.99,12.71,6,180=straight; included femur vs tibia; =180-(elev_thigh-elev_shank)
catavitello2015_retrievers,trot,stifle,81,123.06,12.83,6,180=straight; included femur vs tibia; =180-(elev_thigh-elev_shank)
catavitello2015_retrievers,trot,stifle,82,126.14,12.87,6,180=straight; included femur vs tibia; =180-(elev_thigh-elev_shank)
catavitello2015_retrievers,trot,stifle,83,129.21,12.93,6,180=straight; included femur vs tibia; =180-(elev_thigh-elev_shank)
catavitello2015_retrievers,trot,stifle,84,132.17,12.89,6,180=straight; included femur vs tibia; =180-(elev_thigh-elev_shank)
catavitello2015_retrievers,trot,stifle,85,134.94,12.63,6,180=straight; included femur vs tibia; =180-(elev_thigh-elev_shank)
catavitello2015_retrievers,trot,stifle,86,137.67,12.36,6,180=straight; included femur vs tibia; =180-(elev_thigh-elev_shank)
catavitello2015_retrievers,trot,stifle,87,140.16,12.15,6,180=straight; included femur vs tibia; =180-(elev_thigh-elev_shank)
catavitello2015_retrievers,trot,stifle,88,142.29,11.88,6,180=straight; included femur vs tibia; =180-(elev_thigh-elev_shank)
catavitello2015_retrievers,trot,stifle,89,144.18,11.5,6,180=straight; included femur vs tibia; =180-(elev_thigh-elev_shank)
catavitello2015_retrievers,trot,stifle,90,145.94,11.18,6,180=straight; included femur vs tibia; =180-(elev_thigh-elev_shank)
catavitello2015_retrievers,trot,stifle,91,147.14,11.06,6,180=straight; included femur vs tibia; =180-(elev_thigh-elev_shank)
catavitello2015_retrievers,trot,stifle,92,148.11,10.92,6,180=straight; included femur vs tibia; =180-(elev_thigh-elev_shank)
catavitello2015_retrievers,trot,stifle,93,148.9,10.72,6,180=straight; included femur vs tibia; =180-(elev_thigh-elev_shank)
catavitello2015_retrievers,trot,stifle,94,149.21,10.76,6,180=straight; included femur vs tibia; =180-(elev_thigh-elev_shank)
catavitello2015_retrievers,trot,stifle,95,149.19,10.81,6,180=straight; included femur vs tibia; =180-(elev_thigh-elev_shank)
catavitello2015_retrievers,trot,stifle,96,149.14,10.9,6,180=straight; included femur vs tibia; =180-(elev_thigh-elev_shank)
catavitello2015_retrievers,trot,stifle,97,148.85,11.01,6,180=straight; included femur vs tibia; =180-(elev_thigh-elev_shank)
catavitello2015_retrievers,trot,stifle,98,148.16,11.07,6,180=straight; included femur vs tibia; =180-(elev_thigh-elev_shank)
catavitello2015_retrievers,trot,stifle,99,147.48,11.16,6,180=straight; included femur vs tibia; =180-(elev_thigh-elev_shank)
catavitello2015_retrievers,trot,stifle,100,146.8,11.26,6,180=straight; included femur vs tibia; =180-(elev_thigh-elev_shank)
catavitello2015_retrievers,trot,tarsus,0,142.59,6.13,6,180=straight; included tibia vs metatarsus (ankle->MTP); =180-(elev_foot-elev_shank)
catavitello2015_retrievers,trot,tarsus,1,140.36,6.25,6,180=straight; included tibia vs metatarsus (ankle->MTP); =180-(elev_foot-elev_shank)
catavitello2015_retrievers,trot,tarsus,2,138.12,6.43,6,180=straight; included tibia vs metatarsus (ankle->MTP); =180-(elev_foot-elev_shank)
catavitello2015_retrievers,trot,tarsus,3,135.9,6.67,6,180=straight; included tibia vs metatarsus (ankle->MTP); =180-(elev_foot-elev_shank)
catavitello2015_retrievers,trot,tarsus,4,133.77,6.83,6,180=straight; included tibia vs metatarsus (ankle->MTP); =180-(elev_foot-elev_shank)
catavitello2015_retrievers,trot,tarsus,5,131.85,6.74,6,180=straight; included tibia vs metatarsus (ankle->MTP); =180-(elev_foot-elev_shank)
catavitello2015_retrievers,trot,tarsus,6,129.95,6.63,6,180=straight; included tibia vs metatarsus (ankle->MTP); =180-(elev_foot-elev_shank)
catavitello2015_retrievers,trot,tarsus,7,128.28,6.59,6,180=straight; included tibia vs metatarsus (ankle->MTP); =180-(elev_foot-elev_shank)
catavitello2015_retrievers,trot,tarsus,8,127.03,6.42,6,180=straight; included tibia vs metatarsus (ankle->MTP); =180-(elev_foot-elev_shank)
catavitello2015_retrievers,trot,tarsus,9,125.94,6.05,6,180=straight; included tibia vs metatarsus (ankle->MTP); =180-(elev_foot-elev_shank)
catavitello2015_retrievers,trot,tarsus,10,125.04,5.72,6,180=straight; included tibia vs metatarsus (ankle->MTP); =180-(elev_foot-elev_shank)
catavitello2015_retrievers,trot,tarsus,11,124.63,5.52,6,180=straight; included tibia vs metatarsus (ankle->MTP); =180-(elev_foot-elev_shank)
catavitello2015_retrievers,trot,tarsus,12,124.31,5.28,6,180=straight; included tibia vs metatarsus (ankle->MTP); =180-(elev_foot-elev_shank)
catavitello2015_retrievers,trot,tarsus,13,124.21,4.95,6,180=straight; included tibia vs metatarsus (ankle->MTP); =180-(elev_foot-elev_shank)
catavitello2015_retrievers,trot,tarsus,14,124.5,4.81,6,180=straight; included tibia vs metatarsus (ankle->MTP); =180-(elev_foot-elev_shank)
catavitello2015_retrievers,trot,tarsus,15,124.92,4.69,6,180=straight; included tibia vs metatarsus (ankle->MTP); =180-(elev_foot-elev_shank)
catavitello2015_retrievers,trot,tarsus,16,125.38,4.6,6,180=straight; included tibia vs metatarsus (ankle->MTP); =180-(elev_foot-elev_shank)
catavitello2015_retrievers,trot,tarsus,17,126.17,4.61,6,180=straight; included tibia vs metatarsus (ankle->MTP); =180-(elev_foot-elev_shank)
catavitello2015_retrievers,trot,tarsus,18,127.1,4.65,6,180=straight; included tibia vs metatarsus (ankle->MTP); =180-(elev_foot-elev_shank)
catavitello2015_retrievers,trot,tarsus,19,128.05,4.71,6,180=straight; included tibia vs metatarsus (ankle->MTP); =180-(elev_foot-elev_shank)
catavitello2015_retrievers,trot,tarsus,20,129.13,4.88,6,180=straight; included tibia vs metatarsus (ankle->MTP); =180-(elev_foot-elev_shank)
catavitello2015_retrievers,trot,tarsus,21,130.4,5.08,6,180=straight; included tibia vs metatarsus (ankle->MTP); =180-(elev_foot-elev_shank)
catavitello2015_retrievers,trot,tarsus,22,131.71,5.31,6,180=straight; included tibia vs metatarsus (ankle->MTP); =180-(elev_foot-elev_shank)
catavitello2015_retrievers,trot,tarsus,23,133.09,5.58,6,180=straight; included tibia vs metatarsus (ankle->MTP); =180-(elev_foot-elev_shank)
catavitello2015_retrievers,trot,tarsus,24,134.61,5.88,6,180=straight; included tibia vs metatarsus (ankle->MTP); =180-(elev_foot-elev_shank)
catavitello2015_retrievers,trot,tarsus,25,136.21,6.16,6,180=straight; included tibia vs metatarsus (ankle->MTP); =180-(elev_foot-elev_shank)
catavitello2015_retrievers,trot,tarsus,26,137.83,6.44,6,180=straight; included tibia vs metatarsus (ankle->MTP); =180-(elev_foot-elev_shank)
catavitello2015_retrievers,trot,tarsus,27,139.55,6.67,6,180=straight; included tibia vs metatarsus (ankle->MTP); =180-(elev_foot-elev_shank)
catavitello2015_retrievers,trot,tarsus,28,141.34,6.87,6,180=straight; included tibia vs metatarsus (ankle->MTP); =180-(elev_foot-elev_shank)
catavitello2015_retrievers,trot,tarsus,29,143.15,7.03,6,180=straight; included tibia vs metatarsus (ankle->MTP); =180-(elev_foot-elev_shank)
catavitello2015_retrievers,trot,tarsus,30,144.95,7.1,6,180=straight; included tibia vs metatarsus (ankle->MTP); =180-(elev_foot-elev_shank)
catavitello2015_retrievers,trot,tarsus,31,146.76,7.13,6,180=straight; included tibia vs metatarsus (ankle->MTP); =180-(elev_foot-elev_shank)
catavitello2015_retrievers,trot,tarsus,32,148.6,7.13,6,180=straight; included tibia vs metatarsus (ankle->MTP); =180-(elev_foot-elev_shank)
catavitello2015_retrievers,trot,tarsus,33,150.33,7.06,6,180=straight; included tibia vs metatarsus (ankle->MTP); =180-(elev_foot-elev_shank)
catavitello2015_retrievers,trot,tarsus,34,151.99,6.95,6,180=straight; included tibia vs metatarsus (ankle->MTP); =180-(elev_foot-elev_shank)
catavitello2015_retrievers,trot,tarsus,35,153.59,6.84,6,180=straight; included tibia vs metatarsus (ankle->MTP); =180-(elev_foot-elev_shank)
catavitello2015_retrievers,trot,tarsus,36,155.05,6.72,6,180=straight; included tibia vs metatarsus (ankle->MTP); =180-(elev_foot-elev_shank)
catavitello2015_retrievers,trot,tarsus,37,156.34,6.59,6,180=straight; included tibia vs metatarsus (ankle->MTP); =180-(elev_foot-elev_shank)
catavitello2015_retrievers,trot,tarsus,38,157.54,6.5,6,180=straight; included tibia vs metatarsus (ankle->MTP); =180-(elev_foot-elev_shank)
catavitello2015_retrievers,trot,tarsus,39,158.5,6.44,6,180=straight; included tibia vs metatarsus (ankle->MTP); =180-(elev_foot-elev_shank)
catavitello2015_retrievers,trot,tarsus,40,159.26,6.39,6,180=straight; included tibia vs metatarsus (ankle->MTP); =180-(elev_foot-elev_shank)
catavitello2015_retrievers,trot,tarsus,41,159.84,6.48,6,180=straight; included tibia vs metatarsus (ankle->MTP); =180-(elev_foot-elev_shank)
catavitello2015_retrievers,trot,tarsus,42,160.23,6.61,6,180=straight; included tibia vs metatarsus (ankle->MTP); =180-(elev_foot-elev_shank)
catavitello2015_retrievers,trot,tarsus,43,160.28,6.73,6,180=straight; included tibia vs metatarsus (ankle->MTP); =180-(elev_foot-elev_shank)
catavitello2015_retrievers,trot,tarsus,44,160.2,6.98,6,180=straight; included tibia vs metatarsus (ankle->MTP); =180-(elev_foot-elev_shank)
catavitello2015_retrievers,trot,tarsus,45,159.93,7.44,6,180=straight; included tibia vs metatarsus (ankle->MTP); =180-(elev_foot-elev_shank)
catavitello2015_retrievers,trot,tarsus,46,159.25,7.8,6,180=straight; included tibia vs metatarsus (ankle->MTP); =180-(elev_foot-elev_shank)
catavitello2015_retrievers,trot,tarsus,47,158.43,8.32,6,180=straight; included tibia vs metatarsus (ankle->MTP); =180-(elev_foot-elev_shank)
catavitello2015_retrievers,trot,tarsus,48,157.49,8.88,6,180=straight; included tibia vs metatarsus (ankle->MTP); =180-(elev_foot-elev_shank)
catavitello2015_retrievers,trot,tarsus,49,156.16,9.52,6,180=straight; included tibia vs metatarsus (ankle->MTP); =180-(elev_foot-elev_shank)
catavitello2015_retrievers,trot,tarsus,50,154.66,10.18,6,180=straight; included tibia vs metatarsus (ankle->MTP); =180-(elev_foot-elev_shank)
catavitello2015_retrievers,trot,tarsus,51,152.97,10.81,6,180=straight; included tibia vs metatarsus (ankle->MTP); =180-(elev_foot-elev_shank)
catavitello2015_retrievers,trot,tarsus,52,151.15,11.41,6,180=straight; included tibia vs metatarsus (ankle->MTP); =180-(elev_foot-elev_shank)
catavitello2015_retrievers,trot,tarsus,53,149.05,11.96,6,180=straight; included tibia vs metatarsus (ankle->MTP); =180-(elev_foot-elev_shank)
catavitello2015_retrievers,trot,tarsus,54,146.82,12.42,6,180=straight; included tibia vs metatarsus (ankle->MTP); =180-(elev_foot-elev_shank)
catavitello2015_retrievers,trot,tarsus,55,144.5,12.8,6,180=straight; included tibia vs metatarsus (ankle->MTP); =180-(elev_foot-elev_shank)
catavitello2015_retrievers,trot,tarsus,56,141.98,13.01,6,180=straight; included tibia vs metatarsus (ankle->MTP); =180-(elev_foot-elev_shank)
catavitello2015_retrievers,trot,tarsus,57,139.41,13.07,6,180=straight; included tibia vs metatarsus (ankle->MTP); =180-(elev_foot-elev_shank)
catavitello2015_retrievers,trot,tarsus,58,136.77,13.0,6,180=straight; included tibia vs metatarsus (ankle->MTP); =180-(elev_foot-elev_shank)
catavitello2015_retrievers,trot,tarsus,59,134.01,12.71,6,180=straight; included tibia vs metatarsus (ankle->MTP); =180-(elev_foot-elev_shank)
catavitello2015_retrievers,trot,tarsus,60,131.26,12.38,6,180=straight; included tibia vs metatarsus (ankle->MTP); =180-(elev_foot-elev_shank)
catavitello2015_retrievers,trot,tarsus,61,128.5,11.81,6,180=straight; included tibia vs metatarsus (ankle->MTP); =180-(elev_foot-elev_shank)
catavitello2015_retrievers,trot,tarsus,62,125.75,11.13,6,180=straight; included tibia vs metatarsus (ankle->MTP); =180-(elev_foot-elev_shank)
catavitello2015_retrievers,trot,tarsus,63,123.09,10.37,6,180=straight; included tibia vs metatarsus (ankle->MTP); =180-(elev_foot-elev_shank)
catavitello2015_retrievers,trot,tarsus,64,120.46,9.59,6,180=straight; included tibia vs metatarsus (ankle->MTP); =180-(elev_foot-elev_shank)
catavitello2015_retrievers,trot,tarsus,65,118.02,8.75,6,180=straight; included tibia vs metatarsus (ankle->MTP); =180-(elev_foot-elev_shank)
catavitello2015_retrievers,trot,tarsus,66,115.74,7.88,6,180=straight; included tibia vs metatarsus (ankle->MTP); =180-(elev_foot-elev_shank)
catavitello2015_retrievers,trot,tarsus,67,113.62,7.04,6,180=straight; included tibia vs metatarsus (ankle->MTP); =180-(elev_foot-elev_shank)
catavitello2015_retrievers,trot,tarsus,68,111.72,6.32,6,180=straight; included tibia vs metatarsus (ankle->MTP); =180-(elev_foot-elev_shank)
catavitello2015_retrievers,trot,tarsus,69,110.17,5.67,6,180=straight; included tibia vs metatarsus (ankle->MTP); =180-(elev_foot-elev_shank)
catavitello2015_retrievers,trot,tarsus,70,108.86,5.08,6,180=straight; included tibia vs metatarsus (ankle->MTP); =180-(elev_foot-elev_shank)
catavitello2015_retrievers,trot,tarsus,71,107.86,4.75,6,180=straight; included tibia vs metatarsus (ankle->MTP); =180-(elev_foot-elev_shank)
catavitello2015_retrievers,trot,tarsus,72,107.31,4.59,6,180=straight; included tibia vs metatarsus (ankle->MTP); =180-(elev_foot-elev_shank)
catavitello2015_retrievers,trot,tarsus,73,107.07,4.59,6,180=straight; included tibia vs metatarsus (ankle->MTP); =180-(elev_foot-elev_shank)
catavitello2015_retrievers,trot,tarsus,74,107.18,4.81,6,180=straight; included tibia vs metatarsus (ankle->MTP); =180-(elev_foot-elev_shank)
catavitello2015_retrievers,trot,tarsus,75,107.74,5.14,6,180=straight; included tibia vs metatarsus (ankle->MTP); =180-(elev_foot-elev_shank)
catavitello2015_retrievers,trot,tarsus,76,108.57,5.65,6,180=straight; included tibia vs metatarsus (ankle->MTP); =180-(elev_foot-elev_shank)
catavitello2015_retrievers,trot,tarsus,77,109.83,6.18,6,180=straight; included tibia vs metatarsus (ankle->MTP); =180-(elev_foot-elev_shank)
catavitello2015_retrievers,trot,tarsus,78,111.47,6.66,6,180=straight; included tibia vs metatarsus (ankle->MTP); =180-(elev_foot-elev_shank)
catavitello2015_retrievers,trot,tarsus,79,113.32,7.18,6,180=straight; included tibia vs metatarsus (ankle->MTP); =180-(elev_foot-elev_shank)
catavitello2015_retrievers,trot,tarsus,80,115.4,7.74,6,180=straight; included tibia vs metatarsus (ankle->MTP); =180-(elev_foot-elev_shank)
catavitello2015_retrievers,trot,tarsus,81,117.87,8.04,6,180=straight; included tibia vs metatarsus (ankle->MTP); =180-(elev_foot-elev_shank)
catavitello2015_retrievers,trot,tarsus,82,120.48,8.26,6,180=straight; included tibia vs metatarsus (ankle->MTP); =180-(elev_foot-elev_shank)
catavitello2015_retrievers,trot,tarsus,83,123.15,8.51,6,180=straight; included tibia vs metatarsus (ankle->MTP); =180-(elev_foot-elev_shank)
catavitello2015_retrievers,trot,tarsus,84,125.94,8.59,6,180=straight; included tibia vs metatarsus (ankle->MTP); =180-(elev_foot-elev_shank)
catavitello2015_retrievers,trot,tarsus,85,128.74,8.42,6,180=straight; included tibia vs metatarsus (ankle->MTP); =180-(elev_foot-elev_shank)
catavitello2015_retrievers,trot,tarsus,86,131.53,8.26,6,180=straight; included tibia vs metatarsus (ankle->MTP); =180-(elev_foot-elev_shank)
catavitello2015_retrievers,trot,tarsus,87,134.2,8.1,6,180=straight; included tibia vs metatarsus (ankle->MTP); =180-(elev_foot-elev_shank)
catavitello2015_retrievers,trot,tarsus,88,136.66,7.8,6,180=straight; included tibia vs metatarsus (ankle->MTP); =180-(elev_foot-elev_shank)
catavitello2015_retrievers,trot,tarsus,89,138.86,7.37,6,180=straight; included tibia vs metatarsus (ankle->MTP); =180-(elev_foot-elev_shank)
catavitello2015_retrievers,trot,tarsus,90,140.92,7.0,6,180=straight; included tibia vs metatarsus (ankle->MTP); =180-(elev_foot-elev_shank)
catavitello2015_retrievers,trot,tarsus,91,142.46,6.77,6,180=straight; included tibia vs metatarsus (ankle->MTP); =180-(elev_foot-elev_shank)
catavitello2015_retrievers,trot,tarsus,92,143.71,6.46,6,180=straight; included tibia vs metatarsus (ankle->MTP); =180-(elev_foot-elev_shank)
catavitello2015_retrievers,trot,tarsus,93,144.69,6.19,6,180=straight; included tibia vs metatarsus (ankle->MTP); =180-(elev_foot-elev_shank)
catavitello2015_retrievers,trot,tarsus,94,145.03,6.26,6,180=straight; included tibia vs metatarsus (ankle->MTP); =180-(elev_foot-elev_shank)
catavitello2015_retrievers,trot,tarsus,95,144.87,6.22,6,180=straight; included tibia vs metatarsus (ankle->MTP); =180-(elev_foot-elev_shank)
catavitello2015_retrievers,trot,tarsus,96,144.67,6.27,6,180=straight; included tibia vs metatarsus (ankle->MTP); =180-(elev_foot-elev_shank)
catavitello2015_retrievers,trot,tarsus,97,143.99,6.6,6,180=straight; included tibia vs metatarsus (ankle->MTP); =180-(elev_foot-elev_shank)
catavitello2015_retrievers,trot,tarsus,98,142.55,6.81,6,180=straight; included tibia vs metatarsus (ankle->MTP); =180-(elev_foot-elev_shank)
catavitello2015_retrievers,trot,tarsus,99,141.1,7.07,6,180=straight; included tibia vs metatarsus (ankle->MTP); =180-(elev_foot-elev_shank)
catavitello2015_retrievers,trot,tarsus,100,139.66,7.37,6,180=straight; included tibia vs metatarsus (ankle->MTP); =180-(elev_foot-elev_shank)
catavitello2015_retrievers,walk,carpus,0,208.37,3.2,6,180=straight; NONSTANDARD: forearm vs wrist->digit-TIP segment (not metacarpus); =180+(elev_hand-elev_lowerarm); >180 hyperext; stance values inflated ~20-35 deg vs metacarpal carpus angle
catavitello2015_retrievers,walk,carpus,1,210.11,3.39,6,180=straight; NONSTANDARD: forearm vs wrist->digit-TIP segment (not metacarpus); =180+(elev_hand-elev_lowerarm); >180 hyperext; stance values inflated ~20-35 deg vs metacarpal carpus angle
catavitello2015_retrievers,walk,carpus,2,211.87,3.58,6,180=straight; NONSTANDARD: forearm vs wrist->digit-TIP segment (not metacarpus); =180+(elev_hand-elev_lowerarm); >180 hyperext; stance values inflated ~20-35 deg vs metacarpal carpus angle
catavitello2015_retrievers,walk,carpus,3,213.41,3.57,6,180=straight; NONSTANDARD: forearm vs wrist->digit-TIP segment (not metacarpus); =180+(elev_hand-elev_lowerarm); >180 hyperext; stance values inflated ~20-35 deg vs metacarpal carpus angle
catavitello2015_retrievers,walk,carpus,4,214.83,3.5,6,180=straight; NONSTANDARD: forearm vs wrist->digit-TIP segment (not metacarpus); =180+(elev_hand-elev_lowerarm); >180 hyperext; stance values inflated ~20-35 deg vs metacarpal carpus angle
catavitello2015_retrievers,walk,carpus,5,216.13,3.34,6,180=straight; NONSTANDARD: forearm vs wrist->digit-TIP segment (not metacarpus); =180+(elev_hand-elev_lowerarm); >180 hyperext; stance values inflated ~20-35 deg vs metacarpal carpus angle
catavitello2015_retrievers,walk,carpus,6,217.13,3.18,6,180=straight; NONSTANDARD: forearm vs wrist->digit-TIP segment (not metacarpus); =180+(elev_hand-elev_lowerarm); >180 hyperext; stance values inflated ~20-35 deg vs metacarpal carpus angle
catavitello2015_retrievers,walk,carpus,7,218.06,3.07,6,180=straight; NONSTANDARD: forearm vs wrist->digit-TIP segment (not metacarpus); =180+(elev_hand-elev_lowerarm); >180 hyperext; stance values inflated ~20-35 deg vs metacarpal carpus angle
catavitello2015_retrievers,walk,carpus,8,218.77,3.05,6,180=straight; NONSTANDARD: forearm vs wrist->digit-TIP segment (not metacarpus); =180+(elev_hand-elev_lowerarm); >180 hyperext; stance values inflated ~20-35 deg vs metacarpal carpus angle
catavitello2015_retrievers,walk,carpus,9,219.36,3.19,6,180=straight; NONSTANDARD: forearm vs wrist->digit-TIP segment (not metacarpus); =180+(elev_hand-elev_lowerarm); >180 hyperext; stance values inflated ~20-35 deg vs metacarpal carpus angle
catavitello2015_retrievers,walk,carpus,10,219.9,3.44,6,180=straight; NONSTANDARD: forearm vs wrist->digit-TIP segment (not metacarpus); =180+(elev_hand-elev_lowerarm); >180 hyperext; stance values inflated ~20-35 deg vs metacarpal carpus angle
catavitello2015_retrievers,walk,carpus,11,220.35,3.78,6,180=straight; NONSTANDARD: forearm vs wrist->digit-TIP segment (not metacarpus); =180+(elev_hand-elev_lowerarm); >180 hyperext; stance values inflated ~20-35 deg vs metacarpal carpus angle
catavitello2015_retrievers,walk,carpus,12,220.82,4.16,6,180=straight; NONSTANDARD: forearm vs wrist->digit-TIP segment (not metacarpus); =180+(elev_hand-elev_lowerarm); >180 hyperext; stance values inflated ~20-35 deg vs metacarpal carpus angle
catavitello2015_retrievers,walk,carpus,13,221.32,4.52,6,180=straight; NONSTANDARD: forearm vs wrist->digit-TIP segment (not metacarpus); =180+(elev_hand-elev_lowerarm); >180 hyperext; stance values inflated ~20-35 deg vs metacarpal carpus angle
catavitello2015_retrievers,walk,carpus,14,221.84,4.85,6,180=straight; NONSTANDARD: forearm vs wrist->digit-TIP segment (not metacarpus); =180+(elev_hand-elev_lowerarm); >180 hyperext; stance values inflated ~20-35 deg vs metacarpal carpus angle
catavitello2015_retrievers,walk,carpus,15,222.41,5.14,6,180=straight; NONSTANDARD: forearm vs wrist->digit-TIP segment (not metacarpus); =180+(elev_hand-elev_lowerarm); >180 hyperext; stance values inflated ~20-35 deg vs metacarpal carpus angle
catavitello2015_retrievers,walk,carpus,16,223.01,5.36,6,180=straight; NONSTANDARD: forearm vs wrist->digit-TIP segment (not metacarpus); =180+(elev_hand-elev_lowerarm); >180 hyperext; stance values inflated ~20-35 deg vs metacarpal carpus angle
catavitello2015_retrievers,walk,carpus,17,223.63,5.5,6,180=straight; NONSTANDARD: forearm vs wrist->digit-TIP segment (not metacarpus); =180+(elev_hand-elev_lowerarm); >180 hyperext; stance values inflated ~20-35 deg vs metacarpal carpus angle
catavitello2015_retrievers,walk,carpus,18,224.25,5.59,6,180=straight; NONSTANDARD: forearm vs wrist->digit-TIP segment (not metacarpus); =180+(elev_hand-elev_lowerarm); >180 hyperext; stance values inflated ~20-35 deg vs metacarpal carpus angle
catavitello2015_retrievers,walk,carpus,19,224.84,5.58,6,180=straight; NONSTANDARD: forearm vs wrist->digit-TIP segment (not metacarpus); =180+(elev_hand-elev_lowerarm); >180 hyperext; stance values inflated ~20-35 deg vs metacarpal carpus angle
catavitello2015_retrievers,walk,carpus,20,225.4,5.56,6,180=straight; NONSTANDARD: forearm vs wrist->digit-TIP segment (not metacarpus); =180+(elev_hand-elev_lowerarm); >180 hyperext; stance values inflated ~20-35 deg vs metacarpal carpus angle
catavitello2015_retrievers,walk,carpus,21,225.89,5.45,6,180=straight; NONSTANDARD: forearm vs wrist->digit-TIP segment (not metacarpus); =180+(elev_hand-elev_lowerarm); >180 hyperext; stance values inflated ~20-35 deg vs metacarpal carpus angle
catavitello2015_retrievers,walk,carpus,22,226.34,5.34,6,180=straight; NONSTANDARD: forearm vs wrist->digit-TIP segment (not metacarpus); =180+(elev_hand-elev_lowerarm); >180 hyperext; stance values inflated ~20-35 deg vs metacarpal carpus angle
catavitello2015_retrievers,walk,carpus,23,226.72,5.23,6,180=straight; NONSTANDARD: forearm vs wrist->digit-TIP segment (not metacarpus); =180+(elev_hand-elev_lowerarm); >180 hyperext; stance values inflated ~20-35 deg vs metacarpal carpus angle
catavitello2015_retrievers,walk,carpus,24,227.04,5.11,6,180=straight; NONSTANDARD: forearm vs wrist->digit-TIP segment (not metacarpus); =180+(elev_hand-elev_lowerarm); >180 hyperext; stance values inflated ~20-35 deg vs metacarpal carpus angle
catavitello2015_retrievers,walk,carpus,25,227.3,5.0,6,180=straight; NONSTANDARD: forearm vs wrist->digit-TIP segment (not metacarpus); =180+(elev_hand-elev_lowerarm); >180 hyperext; stance values inflated ~20-35 deg vs metacarpal carpus angle
catavitello2015_retrievers,walk,carpus,26,227.5,4.93,6,180=straight; NONSTANDARD: forearm vs wrist->digit-TIP segment (not metacarpus); =180+(elev_hand-elev_lowerarm); >180 hyperext; stance values inflated ~20-35 deg vs metacarpal carpus angle
catavitello2015_retrievers,walk,carpus,27,227.67,4.85,6,180=straight; NONSTANDARD: forearm vs wrist->digit-TIP segment (not metacarpus); =180+(elev_hand-elev_lowerarm); >180 hyperext; stance values inflated ~20-35 deg vs metacarpal carpus angle
catavitello2015_retrievers,walk,carpus,28,227.82,4.83,6,180=straight; NONSTANDARD: forearm vs wrist->digit-TIP segment (not metacarpus); =180+(elev_hand-elev_lowerarm); >180 hyperext; stance values inflated ~20-35 deg vs metacarpal carpus angle
catavitello2015_retrievers,walk,carpus,29,227.95,4.81,6,180=straight; NONSTANDARD: forearm vs wrist->digit-TIP segment (not metacarpus); =180+(elev_hand-elev_lowerarm); >180 hyperext; stance values inflated ~20-35 deg vs metacarpal carpus angle
catavitello2015_retrievers,walk,carpus,30,228.09,4.82,6,180=straight; NONSTANDARD: forearm vs wrist->digit-TIP segment (not metacarpus); =180+(elev_hand-elev_lowerarm); >180 hyperext; stance values inflated ~20-35 deg vs metacarpal carpus angle
catavitello2015_retrievers,walk,carpus,31,228.26,4.85,6,180=straight; NONSTANDARD: forearm vs wrist->digit-TIP segment (not metacarpus); =180+(elev_hand-elev_lowerarm); >180 hyperext; stance values inflated ~20-35 deg vs metacarpal carpus angle
catavitello2015_retrievers,walk,carpus,32,228.48,4.88,6,180=straight; NONSTANDARD: forearm vs wrist->digit-TIP segment (not metacarpus); =180+(elev_hand-elev_lowerarm); >180 hyperext; stance values inflated ~20-35 deg vs metacarpal carpus angle
catavitello2015_retrievers,walk,carpus,33,228.72,4.92,6,180=straight; NONSTANDARD: forearm vs wrist->digit-TIP segment (not metacarpus); =180+(elev_hand-elev_lowerarm); >180 hyperext; stance values inflated ~20-35 deg vs metacarpal carpus angle
catavitello2015_retrievers,walk,carpus,34,229.03,4.96,6,180=straight; NONSTANDARD: forearm vs wrist->digit-TIP segment (not metacarpus); =180+(elev_hand-elev_lowerarm); >180 hyperext; stance values inflated ~20-35 deg vs metacarpal carpus angle
catavitello2015_retrievers,walk,carpus,35,229.34,5.03,6,180=straight; NONSTANDARD: forearm vs wrist->digit-TIP segment (not metacarpus); =180+(elev_hand-elev_lowerarm); >180 hyperext; stance values inflated ~20-35 deg vs metacarpal carpus angle
catavitello2015_retrievers,walk,carpus,36,229.67,5.07,6,180=straight; NONSTANDARD: forearm vs wrist->digit-TIP segment (not metacarpus); =180+(elev_hand-elev_lowerarm); >180 hyperext; stance values inflated ~20-35 deg vs metacarpal carpus angle
catavitello2015_retrievers,walk,carpus,37,229.99,5.15,6,180=straight; NONSTANDARD: forearm vs wrist->digit-TIP segment (not metacarpus); =180+(elev_hand-elev_lowerarm); >180 hyperext; stance values inflated ~20-35 deg vs metacarpal carpus angle
catavitello2015_retrievers,walk,carpus,38,230.25,5.18,6,180=straight; NONSTANDARD: forearm vs wrist->digit-TIP segment (not metacarpus); =180+(elev_hand-elev_lowerarm); >180 hyperext; stance values inflated ~20-35 deg vs metacarpal carpus angle
catavitello2015_retrievers,walk,carpus,39,230.45,5.22,6,180=straight; NONSTANDARD: forearm vs wrist->digit-TIP segment (not metacarpus); =180+(elev_hand-elev_lowerarm); >180 hyperext; stance values inflated ~20-35 deg vs metacarpal carpus angle
catavitello2015_retrievers,walk,carpus,40,230.59,5.25,6,180=straight; NONSTANDARD: forearm vs wrist->digit-TIP segment (not metacarpus); =180+(elev_hand-elev_lowerarm); >180 hyperext; stance values inflated ~20-35 deg vs metacarpal carpus angle
catavitello2015_retrievers,walk,carpus,41,230.62,5.2,6,180=straight; NONSTANDARD: forearm vs wrist->digit-TIP segment (not metacarpus); =180+(elev_hand-elev_lowerarm); >180 hyperext; stance values inflated ~20-35 deg vs metacarpal carpus angle
catavitello2015_retrievers,walk,carpus,42,230.58,5.14,6,180=straight; NONSTANDARD: forearm vs wrist->digit-TIP segment (not metacarpus); =180+(elev_hand-elev_lowerarm); >180 hyperext; stance values inflated ~20-35 deg vs metacarpal carpus angle
catavitello2015_retrievers,walk,carpus,43,230.49,5.04,6,180=straight; NONSTANDARD: forearm vs wrist->digit-TIP segment (not metacarpus); =180+(elev_hand-elev_lowerarm); >180 hyperext; stance values inflated ~20-35 deg vs metacarpal carpus angle
catavitello2015_retrievers,walk,carpus,44,230.35,4.87,6,180=straight; NONSTANDARD: forearm vs wrist->digit-TIP segment (not metacarpus); =180+(elev_hand-elev_lowerarm); >180 hyperext; stance values inflated ~20-35 deg vs metacarpal carpus angle
catavitello2015_retrievers,walk,carpus,45,230.23,4.73,6,180=straight; NONSTANDARD: forearm vs wrist->digit-TIP segment (not metacarpus); =180+(elev_hand-elev_lowerarm); >180 hyperext; stance values inflated ~20-35 deg vs metacarpal carpus angle
catavitello2015_retrievers,walk,carpus,46,230.08,4.61,6,180=straight; NONSTANDARD: forearm vs wrist->digit-TIP segment (not metacarpus); =180+(elev_hand-elev_lowerarm); >180 hyperext; stance values inflated ~20-35 deg vs metacarpal carpus angle
catavitello2015_retrievers,walk,carpus,47,229.98,4.54,6,180=straight; NONSTANDARD: forearm vs wrist->digit-TIP segment (not metacarpus); =180+(elev_hand-elev_lowerarm); >180 hyperext; stance values inflated ~20-35 deg vs metacarpal carpus angle
catavitello2015_retrievers,walk,carpus,48,229.83,4.65,6,180=straight; NONSTANDARD: forearm vs wrist->digit-TIP segment (not metacarpus); =180+(elev_hand-elev_lowerarm); >180 hyperext; stance values inflated ~20-35 deg vs metacarpal carpus angle
catavitello2015_retrievers,walk,carpus,49,229.59,4.99,6,180=straight; NONSTANDARD: forearm vs wrist->digit-TIP segment (not metacarpus); =180+(elev_hand-elev_lowerarm); >180 hyperext; stance values inflated ~20-35 deg vs metacarpal carpus angle
catavitello2015_retrievers,walk,carpus,50,229.21,5.51,6,180=straight; NONSTANDARD: forearm vs wrist->digit-TIP segment (not metacarpus); =180+(elev_hand-elev_lowerarm); >180 hyperext; stance values inflated ~20-35 deg vs metacarpal carpus angle
catavitello2015_retrievers,walk,carpus,51,228.4,6.44,6,180=straight; NONSTANDARD: forearm vs wrist->digit-TIP segment (not metacarpus); =180+(elev_hand-elev_lowerarm); >180 hyperext; stance values inflated ~20-35 deg vs metacarpal carpus angle
catavitello2015_retrievers,walk,carpus,52,227.05,7.58,6,180=straight; NONSTANDARD: forearm vs wrist->digit-TIP segment (not metacarpus); =180+(elev_hand-elev_lowerarm); >180 hyperext; stance values inflated ~20-35 deg vs metacarpal carpus angle
catavitello2015_retrievers,walk,carpus,53,225.05,8.94,6,180=straight; NONSTANDARD: forearm vs wrist->digit-TIP segment (not metacarpus); =180+(elev_hand-elev_lowerarm); >180 hyperext; stance values inflated ~20-35 deg vs metacarpal carpus angle
catavitello2015_retrievers,walk,carpus,54,222.16,10.64,6,180=straight; NONSTANDARD: forearm vs wrist->digit-TIP segment (not metacarpus); =180+(elev_hand-elev_lowerarm); >180 hyperext; stance values inflated ~20-35 deg vs metacarpal carpus angle
catavitello2015_retrievers,walk,carpus,55,218.25,12.49,6,180=straight; NONSTANDARD: forearm vs wrist->digit-TIP segment (not metacarpus); =180+(elev_hand-elev_lowerarm); >180 hyperext; stance values inflated ~20-35 deg vs metacarpal carpus angle
catavitello2015_retrievers,walk,carpus,56,213.01,14.56,6,180=straight; NONSTANDARD: forearm vs wrist->digit-TIP segment (not metacarpus); =180+(elev_hand-elev_lowerarm); >180 hyperext; stance values inflated ~20-35 deg vs metacarpal carpus angle
catavitello2015_retrievers,walk,carpus,57,206.62,16.73,6,180=straight; NONSTANDARD: forearm vs wrist->digit-TIP segment (not metacarpus); =180+(elev_hand-elev_lowerarm); >180 hyperext; stance values inflated ~20-35 deg vs metacarpal carpus angle
catavitello2015_retrievers,walk,carpus,58,198.9,18.87,6,180=straight; NONSTANDARD: forearm vs wrist->digit-TIP segment (not metacarpus); =180+(elev_hand-elev_lowerarm); >180 hyperext; stance values inflated ~20-35 deg vs metacarpal carpus angle
catavitello2015_retrievers,walk,carpus,59,190.32,20.8,6,180=straight; NONSTANDARD: forearm vs wrist->digit-TIP segment (not metacarpus); =180+(elev_hand-elev_lowerarm); >180 hyperext; stance values inflated ~20-35 deg vs metacarpal carpus angle
catavitello2015_retrievers,walk,carpus,60,180.89,22.44,6,180=straight; NONSTANDARD: forearm vs wrist->digit-TIP segment (not metacarpus); =180+(elev_hand-elev_lowerarm); >180 hyperext; stance values inflated ~20-35 deg vs metacarpal carpus angle
catavitello2015_retrievers,walk,carpus,61,171.0,23.33,6,180=straight; NONSTANDARD: forearm vs wrist->digit-TIP segment (not metacarpus); =180+(elev_hand-elev_lowerarm); >180 hyperext; stance values inflated ~20-35 deg vs metacarpal carpus angle
catavitello2015_retrievers,walk,carpus,62,161.08,24.08,6,180=straight; NONSTANDARD: forearm vs wrist->digit-TIP segment (not metacarpus); =180+(elev_hand-elev_lowerarm); >180 hyperext; stance values inflated ~20-35 deg vs metacarpal carpus angle
catavitello2015_retrievers,walk,carpus,63,151.37,23.96,6,180=straight; NONSTANDARD: forearm vs wrist->digit-TIP segment (not metacarpus); =180+(elev_hand-elev_lowerarm); >180 hyperext; stance values inflated ~20-35 deg vs metacarpal carpus angle
catavitello2015_retrievers,walk,carpus,64,142.14,23.47,6,180=straight; NONSTANDARD: forearm vs wrist->digit-TIP segment (not metacarpus); =180+(elev_hand-elev_lowerarm); >180 hyperext; stance values inflated ~20-35 deg vs metacarpal carpus angle
catavitello2015_retrievers,walk,carpus,65,133.53,22.65,6,180=straight; NONSTANDARD: forearm vs wrist->digit-TIP segment (not metacarpus); =180+(elev_hand-elev_lowerarm); >180 hyperext; stance values inflated ~20-35 deg vs metacarpal carpus angle
catavitello2015_retrievers,walk,carpus,66,126.09,21.02,6,180=straight; NONSTANDARD: forearm vs wrist->digit-TIP segment (not metacarpus); =180+(elev_hand-elev_lowerarm); >180 hyperext; stance values inflated ~20-35 deg vs metacarpal carpus angle
catavitello2015_retrievers,walk,carpus,67,119.34,19.42,6,180=straight; NONSTANDARD: forearm vs wrist->digit-TIP segment (not metacarpus); =180+(elev_hand-elev_lowerarm); >180 hyperext; stance values inflated ~20-35 deg vs metacarpal carpus angle
catavitello2015_retrievers,walk,carpus,68,113.9,17.32,6,180=straight; NONSTANDARD: forearm vs wrist->digit-TIP segment (not metacarpus); =180+(elev_hand-elev_lowerarm); >180 hyperext; stance values inflated ~20-35 deg vs metacarpal carpus angle
catavitello2015_retrievers,walk,carpus,69,109.36,15.19,6,180=straight; NONSTANDARD: forearm vs wrist->digit-TIP segment (not metacarpus); =180+(elev_hand-elev_lowerarm); >180 hyperext; stance values inflated ~20-35 deg vs metacarpal carpus angle
catavitello2015_retrievers,walk,carpus,70,106.04,13.4,6,180=straight; NONSTANDARD: forearm vs wrist->digit-TIP segment (not metacarpus); =180+(elev_hand-elev_lowerarm); >180 hyperext; stance values inflated ~20-35 deg vs metacarpal carpus angle
catavitello2015_retrievers,walk,carpus,71,103.73,11.75,6,180=straight; NONSTANDARD: forearm vs wrist->digit-TIP segment (not metacarpus); =180+(elev_hand-elev_lowerarm); >180 hyperext; stance values inflated ~20-35 deg vs metacarpal carpus angle
catavitello2015_retrievers,walk,carpus,72,102.35,10.91,6,180=straight; NONSTANDARD: forearm vs wrist->digit-TIP segment (not metacarpus); =180+(elev_hand-elev_lowerarm); >180 hyperext; stance values inflated ~20-35 deg vs metacarpal carpus angle
catavitello2015_retrievers,walk,carpus,73,101.93,10.91,6,180=straight; NONSTANDARD: forearm vs wrist->digit-TIP segment (not metacarpus); =180+(elev_hand-elev_lowerarm); >180 hyperext; stance values inflated ~20-35 deg vs metacarpal carpus angle
catavitello2015_retrievers,walk,carpus,74,102.35,11.51,6,180=straight; NONSTANDARD: forearm vs wrist->digit-TIP segment (not metacarpus); =180+(elev_hand-elev_lowerarm); >180 hyperext; stance values inflated ~20-35 deg vs metacarpal carpus angle
catavitello2015_retrievers,walk,carpus,75,103.83,12.52,6,180=straight; NONSTANDARD: forearm vs wrist->digit-TIP segment (not metacarpus); =180+(elev_hand-elev_lowerarm); >180 hyperext; stance values inflated ~20-35 deg vs metacarpal carpus angle
catavitello2015_retrievers,walk,carpus,76,106.05,13.61,6,180=straight; NONSTANDARD: forearm vs wrist->digit-TIP segment (not metacarpus); =180+(elev_hand-elev_lowerarm); >180 hyperext; stance values inflated ~20-35 deg vs metacarpal carpus angle
catavitello2015_retrievers,walk,carpus,77,109.12,14.73,6,180=straight; NONSTANDARD: forearm vs wrist->digit-TIP segment (not metacarpus); =180+(elev_hand-elev_lowerarm); >180 hyperext; stance values inflated ~20-35 deg vs metacarpal carpus angle
catavitello2015_retrievers,walk,carpus,78,113.08,15.73,6,180=straight; NONSTANDARD: forearm vs wrist->digit-TIP segment (not metacarpus); =180+(elev_hand-elev_lowerarm); >180 hyperext; stance values inflated ~20-35 deg vs metacarpal carpus angle
catavitello2015_retrievers,walk,carpus,79,117.63,16.49,6,180=straight; NONSTANDARD: forearm vs wrist->digit-TIP segment (not metacarpus); =180+(elev_hand-elev_lowerarm); >180 hyperext; stance values inflated ~20-35 deg vs metacarpal carpus angle
catavitello2015_retrievers,walk,carpus,80,122.88,17.22,6,180=straight; NONSTANDARD: forearm vs wrist->digit-TIP segment (not metacarpus); =180+(elev_hand-elev_lowerarm); >180 hyperext; stance values inflated ~20-35 deg vs metacarpal carpus angle
catavitello2015_retrievers,walk,carpus,81,128.84,17.5,6,180=straight; NONSTANDARD: forearm vs wrist->digit-TIP segment (not metacarpus); =180+(elev_hand-elev_lowerarm); >180 hyperext; stance values inflated ~20-35 deg vs metacarpal carpus angle
catavitello2015_retrievers,walk,carpus,82,135.2,17.61,6,180=straight; NONSTANDARD: forearm vs wrist->digit-TIP segment (not metacarpus); =180+(elev_hand-elev_lowerarm); >180 hyperext; stance values inflated ~20-35 deg vs metacarpal carpus angle
catavitello2015_retrievers,walk,carpus,83,141.86,17.37,6,180=straight; NONSTANDARD: forearm vs wrist->digit-TIP segment (not metacarpus); =180+(elev_hand-elev_lowerarm); >180 hyperext; stance values inflated ~20-35 deg vs metacarpal carpus angle
catavitello2015_retrievers,walk,carpus,84,148.66,16.76,6,180=straight; NONSTANDARD: forearm vs wrist->digit-TIP segment (not metacarpus); =180+(elev_hand-elev_lowerarm); >180 hyperext; stance values inflated ~20-35 deg vs metacarpal carpus angle
catavitello2015_retrievers,walk,carpus,85,155.4,15.83,6,180=straight; NONSTANDARD: forearm vs wrist->digit-TIP segment (not metacarpus); =180+(elev_hand-elev_lowerarm); >180 hyperext; stance values inflated ~20-35 deg vs metacarpal carpus angle
catavitello2015_retrievers,walk,carpus,86,161.91,14.64,6,180=straight; NONSTANDARD: forearm vs wrist->digit-TIP segment (not metacarpus); =180+(elev_hand-elev_lowerarm); >180 hyperext; stance values inflated ~20-35 deg vs metacarpal carpus angle
catavitello2015_retrievers,walk,carpus,87,168.08,13.04,6,180=straight; NONSTANDARD: forearm vs wrist->digit-TIP segment (not metacarpus); =180+(elev_hand-elev_lowerarm); >180 hyperext; stance values inflated ~20-35 deg vs metacarpal carpus angle
catavitello2015_retrievers,walk,carpus,88,173.86,11.41,6,180=straight; NONSTANDARD: forearm vs wrist->digit-TIP segment (not metacarpus); =180+(elev_hand-elev_lowerarm); >180 hyperext; stance values inflated ~20-35 deg vs metacarpal carpus angle
catavitello2015_retrievers,walk,carpus,89,179.02,9.69,6,180=straight; NONSTANDARD: forearm vs wrist->digit-TIP segment (not metacarpus); =180+(elev_hand-elev_lowerarm); >180 hyperext; stance values inflated ~20-35 deg vs metacarpal carpus angle
catavitello2015_retrievers,walk,carpus,90,183.8,8.06,6,180=straight; NONSTANDARD: forearm vs wrist->digit-TIP segment (not metacarpus); =180+(elev_hand-elev_lowerarm); >180 hyperext; stance values inflated ~20-35 deg vs metacarpal carpus angle
catavitello2015_retrievers,walk,carpus,91,187.85,6.62,6,180=straight; NONSTANDARD: forearm vs wrist->digit-TIP segment (not metacarpus); =180+(elev_hand-elev_lowerarm); >180 hyperext; stance values inflated ~20-35 deg vs metacarpal carpus angle
catavitello2015_retrievers,walk,carpus,92,191.51,5.29,6,180=straight; NONSTANDARD: forearm vs wrist->digit-TIP segment (not metacarpus); =180+(elev_hand-elev_lowerarm); >180 hyperext; stance values inflated ~20-35 deg vs metacarpal carpus angle
catavitello2015_retrievers,walk,carpus,93,194.71,4.1,6,180=straight; NONSTANDARD: forearm vs wrist->digit-TIP segment (not metacarpus); =180+(elev_hand-elev_lowerarm); >180 hyperext; stance values inflated ~20-35 deg vs metacarpal carpus angle
catavitello2015_retrievers,walk,carpus,94,197.48,3.1,6,180=straight; NONSTANDARD: forearm vs wrist->digit-TIP segment (not metacarpus); =180+(elev_hand-elev_lowerarm); >180 hyperext; stance values inflated ~20-35 deg vs metacarpal carpus angle
catavitello2015_retrievers,walk,carpus,95,200.15,2.16,6,180=straight; NONSTANDARD: forearm vs wrist->digit-TIP segment (not metacarpus); =180+(elev_hand-elev_lowerarm); >180 hyperext; stance values inflated ~20-35 deg vs metacarpal carpus angle
catavitello2015_retrievers,walk,carpus,96,202.45,1.55,6,180=straight; NONSTANDARD: forearm vs wrist->digit-TIP segment (not metacarpus); =180+(elev_hand-elev_lowerarm); >180 hyperext; stance values inflated ~20-35 deg vs metacarpal carpus angle
catavitello2015_retrievers,walk,carpus,97,204.72,1.24,6,180=straight; NONSTANDARD: forearm vs wrist->digit-TIP segment (not metacarpus); =180+(elev_hand-elev_lowerarm); >180 hyperext; stance values inflated ~20-35 deg vs metacarpal carpus angle
catavitello2015_retrievers,walk,carpus,98,206.87,1.36,6,180=straight; NONSTANDARD: forearm vs wrist->digit-TIP segment (not metacarpus); =180+(elev_hand-elev_lowerarm); >180 hyperext; stance values inflated ~20-35 deg vs metacarpal carpus angle
catavitello2015_retrievers,walk,carpus,99,208.92,1.71,6,180=straight; NONSTANDARD: forearm vs wrist->digit-TIP segment (not metacarpus); =180+(elev_hand-elev_lowerarm); >180 hyperext; stance values inflated ~20-35 deg vs metacarpal carpus angle
catavitello2015_retrievers,walk,carpus,100,210.98,2.1,6,180=straight; NONSTANDARD: forearm vs wrist->digit-TIP segment (not metacarpus); =180+(elev_hand-elev_lowerarm); >180 hyperext; stance values inflated ~20-35 deg vs metacarpal carpus angle
catavitello2015_retrievers,walk,elbow,0,147.58,7.14,6,180=straight; included humerus vs radius/ulna; =180-(elev_lowerarm-elev_upperarm)
catavitello2015_retrievers,walk,elbow,1,147.55,6.53,6,180=straight; included humerus vs radius/ulna; =180-(elev_lowerarm-elev_upperarm)
catavitello2015_retrievers,walk,elbow,2,147.49,6.05,6,180=straight; included humerus vs radius/ulna; =180-(elev_lowerarm-elev_upperarm)
catavitello2015_retrievers,walk,elbow,3,146.9,5.57,6,180=straight; included humerus vs radius/ulna; =180-(elev_lowerarm-elev_upperarm)
catavitello2015_retrievers,walk,elbow,4,145.99,5.23,6,180=straight; included humerus vs radius/ulna; =180-(elev_lowerarm-elev_upperarm)
catavitello2015_retrievers,walk,elbow,5,144.96,5.06,6,180=straight; included humerus vs radius/ulna; =180-(elev_lowerarm-elev_upperarm)
catavitello2015_retrievers,walk,elbow,6,143.8,5.0,6,180=straight; included humerus vs radius/ulna; =180-(elev_lowerarm-elev_upperarm)
catavitello2015_retrievers,walk,elbow,7,142.61,5.08,6,180=straight; included humerus vs radius/ulna; =180-(elev_lowerarm-elev_upperarm)
catavitello2015_retrievers,walk,elbow,8,141.59,5.09,6,180=straight; included humerus vs radius/ulna; =180-(elev_lowerarm-elev_upperarm)
catavitello2015_retrievers,walk,elbow,9,140.63,5.15,6,180=straight; included humerus vs radius/ulna; =180-(elev_lowerarm-elev_upperarm)
catavitello2015_retrievers,walk,elbow,10,139.91,5.08,6,180=straight; included humerus vs radius/ulna; =180-(elev_lowerarm-elev_upperarm)
catavitello2015_retrievers,walk,elbow,11,139.34,5.0,6,180=straight; included humerus vs radius/ulna; =180-(elev_lowerarm-elev_upperarm)
catavitello2015_retrievers,walk,elbow,12,138.96,4.87,6,180=straight; included humerus vs radius/ulna; =180-(elev_lowerarm-elev_upperarm)
catavitello2015_retrievers,walk,elbow,13,138.8,4.72,6,180=straight; included humerus vs radius/ulna; =180-(elev_lowerarm-elev_upperarm)
catavitello2015_retrievers,walk,elbow,14,138.71,4.59,6,180=straight; included humerus vs radius/ulna; =180-(elev_lowerarm-elev_upperarm)
catavitello2015_retrievers,walk,elbow,15,138.77,4.43,6,180=straight; included humerus vs radius/ulna; =180-(elev_lowerarm-elev_upperarm)
catavitello2015_retrievers,walk,elbow,16,138.9,4.25,6,180=straight; included humerus vs radius/ulna; =180-(elev_lowerarm-elev_upperarm)
catavitello2015_retrievers,walk,elbow,17,139.02,4.0,6,180=straight; included humerus vs radius/ulna; =180-(elev_lowerarm-elev_upperarm)
catavitello2015_retrievers,walk,elbow,18,139.21,3.74,6,180=straight; included humerus vs radius/ulna; =180-(elev_lowerarm-elev_upperarm)
catavitello2015_retrievers,walk,elbow,19,139.35,3.45,6,180=straight; included humerus vs radius/ulna; =180-(elev_lowerarm-elev_upperarm)
catavitello2015_retrievers,walk,elbow,20,139.49,3.18,6,180=straight; included humerus vs radius/ulna; =180-(elev_lowerarm-elev_upperarm)
catavitello2015_retrievers,walk,elbow,21,139.66,2.93,6,180=straight; included humerus vs radius/ulna; =180-(elev_lowerarm-elev_upperarm)
catavitello2015_retrievers,walk,elbow,22,139.81,2.78,6,180=straight; included humerus vs radius/ulna; =180-(elev_lowerarm-elev_upperarm)
catavitello2015_retrievers,walk,elbow,23,139.97,2.67,6,180=straight; included humerus vs radius/ulna; =180-(elev_lowerarm-elev_upperarm)
catavitello2015_retrievers,walk,elbow,24,140.15,2.61,6,180=straight; included humerus vs radius/ulna; =180-(elev_lowerarm-elev_upperarm)
catavitello2015_retrievers,walk,elbow,25,140.32,2.58,6,180=straight; included humerus vs radius/ulna; =180-(elev_lowerarm-elev_upperarm)
catavitello2015_retrievers,walk,elbow,26,140.51,2.6,6,180=straight; included humerus vs radius/ulna; =180-(elev_lowerarm-elev_upperarm)
catavitello2015_retrievers,walk,elbow,27,140.73,2.68,6,180=straight; included humerus vs radius/ulna; =180-(elev_lowerarm-elev_upperarm)
catavitello2015_retrievers,walk,elbow,28,140.95,2.84,6,180=straight; included humerus vs radius/ulna; =180-(elev_lowerarm-elev_upperarm)
catavitello2015_retrievers,walk,elbow,29,141.2,3.08,6,180=straight; included humerus vs radius/ulna; =180-(elev_lowerarm-elev_upperarm)
catavitello2015_retrievers,walk,elbow,30,141.5,3.41,6,180=straight; included humerus vs radius/ulna; =180-(elev_lowerarm-elev_upperarm)
catavitello2015_retrievers,walk,elbow,31,141.84,3.81,6,180=straight; included humerus vs radius/ulna; =180-(elev_lowerarm-elev_upperarm)
catavitello2015_retrievers,walk,elbow,32,142.27,4.29,6,180=straight; included humerus vs radius/ulna; =180-(elev_lowerarm-elev_upperarm)
catavitello2015_retrievers,walk,elbow,33,142.76,4.78,6,180=straight; included humerus vs radius/ulna; =180-(elev_lowerarm-elev_upperarm)
catavitello2015_retrievers,walk,elbow,34,143.33,5.29,6,180=straight; included humerus vs radius/ulna; =180-(elev_lowerarm-elev_upperarm)
catavitello2015_retrievers,walk,elbow,35,143.95,5.8,6,180=straight; included humerus vs radius/ulna; =180-(elev_lowerarm-elev_upperarm)
catavitello2015_retrievers,walk,elbow,36,144.61,6.24,6,180=straight; included humerus vs radius/ulna; =180-(elev_lowerarm-elev_upperarm)
catavitello2015_retrievers,walk,elbow,37,145.28,6.63,6,180=straight; included humerus vs radius/ulna; =180-(elev_lowerarm-elev_upperarm)
catavitello2015_retrievers,walk,elbow,38,145.92,6.93,6,180=straight; included humerus vs radius/ulna; =180-(elev_lowerarm-elev_upperarm)
catavitello2015_retrievers,walk,elbow,39,146.52,7.08,6,180=straight; included humerus vs radius/ulna; =180-(elev_lowerarm-elev_upperarm)
catavitello2015_retrievers,walk,elbow,40,147.08,7.18,6,180=straight; included humerus vs radius/ulna; =180-(elev_lowerarm-elev_upperarm)
catavitello2015_retrievers,walk,elbow,41,147.57,7.08,6,180=straight; included humerus vs radius/ulna; =180-(elev_lowerarm-elev_upperarm)
catavitello2015_retrievers,walk,elbow,42,148.01,6.96,6,180=straight; included humerus vs radius/ulna; =180-(elev_lowerarm-elev_upperarm)
catavitello2015_retrievers,walk,elbow,43,148.43,6.75,6,180=straight; included humerus vs radius/ulna; =180-(elev_lowerarm-elev_upperarm)
catavitello2015_retrievers,walk,elbow,44,148.84,6.52,6,180=straight; included humerus vs radius/ulna; =180-(elev_lowerarm-elev_upperarm)
catavitello2015_retrievers,walk,elbow,45,149.27,6.31,6,180=straight; included humerus vs radius/ulna; =180-(elev_lowerarm-elev_upperarm)
catavitello2015_retrievers,walk,elbow,46,149.75,6.14,6,180=straight; included humerus vs radius/ulna; =180-(elev_lowerarm-elev_upperarm)
catavitello2015_retrievers,walk,elbow,47,150.3,6.03,6,180=straight; included humerus vs radius/ulna; =180-(elev_lowerarm-elev_upperarm)
catavitello2015_retrievers,walk,elbow,48,150.9,6.02,6,180=straight; included humerus vs radius/ulna; =180-(elev_lowerarm-elev_upperarm)
catavitello2015_retrievers,walk,elbow,49,151.53,6.07,6,180=straight; included humerus vs radius/ulna; =180-(elev_lowerarm-elev_upperarm)
catavitello2015_retrievers,walk,elbow,50,152.2,6.19,6,180=straight; included humerus vs radius/ulna; =180-(elev_lowerarm-elev_upperarm)
catavitello2015_retrievers,walk,elbow,51,152.77,6.32,6,180=straight; included humerus vs radius/ulna; =180-(elev_lowerarm-elev_upperarm)
catavitello2015_retrievers,walk,elbow,52,153.23,6.4,6,180=straight; included humerus vs radius/ulna; =180-(elev_lowerarm-elev_upperarm)
catavitello2015_retrievers,walk,elbow,53,153.49,6.46,6,180=straight; included humerus vs radius/ulna; =180-(elev_lowerarm-elev_upperarm)
catavitello2015_retrievers,walk,elbow,54,153.47,6.38,6,180=straight; included humerus vs radius/ulna; =180-(elev_lowerarm-elev_upperarm)
catavitello2015_retrievers,walk,elbow,55,153.12,6.35,6,180=straight; included humerus vs radius/ulna; =180-(elev_lowerarm-elev_upperarm)
catavitello2015_retrievers,walk,elbow,56,152.27,6.3,6,180=straight; included humerus vs radius/ulna; =180-(elev_lowerarm-elev_upperarm)
catavitello2015_retrievers,walk,elbow,57,151.03,6.38,6,180=straight; included humerus vs radius/ulna; =180-(elev_lowerarm-elev_upperarm)
catavitello2015_retrievers,walk,elbow,58,149.25,6.65,6,180=straight; included humerus vs radius/ulna; =180-(elev_lowerarm-elev_upperarm)
catavitello2015_retrievers,walk,elbow,59,147.05,7.11,6,180=straight; included humerus vs radius/ulna; =180-(elev_lowerarm-elev_upperarm)
catavitello2015_retrievers,walk,elbow,60,144.45,7.71,6,180=straight; included humerus vs radius/ulna; =180-(elev_lowerarm-elev_upperarm)
catavitello2015_retrievers,walk,elbow,61,141.44,8.35,6,180=straight; included humerus vs radius/ulna; =180-(elev_lowerarm-elev_upperarm)
catavitello2015_retrievers,walk,elbow,62,138.29,8.96,6,180=straight; included humerus vs radius/ulna; =180-(elev_lowerarm-elev_upperarm)
catavitello2015_retrievers,walk,elbow,63,134.93,9.28,6,180=straight; included humerus vs radius/ulna; =180-(elev_lowerarm-elev_upperarm)
catavitello2015_retrievers,walk,elbow,64,131.59,9.52,6,180=straight; included humerus vs radius/ulna; =180-(elev_lowerarm-elev_upperarm)
catavitello2015_retrievers,walk,elbow,65,128.27,9.46,6,180=straight; included humerus vs radius/ulna; =180-(elev_lowerarm-elev_upperarm)
catavitello2015_retrievers,walk,elbow,66,125.15,9.03,6,180=straight; included humerus vs radius/ulna; =180-(elev_lowerarm-elev_upperarm)
catavitello2015_retrievers,walk,elbow,67,122.13,8.58,6,180=straight; included humerus vs radius/ulna; =180-(elev_lowerarm-elev_upperarm)
catavitello2015_retrievers,walk,elbow,68,119.31,7.85,6,180=straight; included humerus vs radius/ulna; =180-(elev_lowerarm-elev_upperarm)
catavitello2015_retrievers,walk,elbow,69,116.65,6.99,6,180=straight; included humerus vs radius/ulna; =180-(elev_lowerarm-elev_upperarm)
catavitello2015_retrievers,walk,elbow,70,114.12,6.27,6,180=straight; included humerus vs radius/ulna; =180-(elev_lowerarm-elev_upperarm)
catavitello2015_retrievers,walk,elbow,71,111.71,5.48,6,180=straight; included humerus vs radius/ulna; =180-(elev_lowerarm-elev_upperarm)
catavitello2015_retrievers,walk,elbow,72,109.4,4.96,6,180=straight; included humerus vs radius/ulna; =180-(elev_lowerarm-elev_upperarm)
catavitello2015_retrievers,walk,elbow,73,107.16,4.72,6,180=straight; included humerus vs radius/ulna; =180-(elev_lowerarm-elev_upperarm)
catavitello2015_retrievers,walk,elbow,74,104.98,4.64,6,180=straight; included humerus vs radius/ulna; =180-(elev_lowerarm-elev_upperarm)
catavitello2015_retrievers,walk,elbow,75,103.04,4.76,6,180=straight; included humerus vs radius/ulna; =180-(elev_lowerarm-elev_upperarm)
catavitello2015_retrievers,walk,elbow,76,101.24,4.97,6,180=straight; included humerus vs radius/ulna; =180-(elev_lowerarm-elev_upperarm)
catavitello2015_retrievers,walk,elbow,77,99.75,5.11,6,180=straight; included humerus vs radius/ulna; =180-(elev_lowerarm-elev_upperarm)
catavitello2015_retrievers,walk,elbow,78,98.73,5.2,6,180=straight; included humerus vs radius/ulna; =180-(elev_lowerarm-elev_upperarm)
catavitello2015_retrievers,walk,elbow,79,98.01,5.27,6,180=straight; included humerus vs radius/ulna; =180-(elev_lowerarm-elev_upperarm)
catavitello2015_retrievers,walk,elbow,80,97.92,5.14,6,180=straight; included humerus vs radius/ulna; =180-(elev_lowerarm-elev_upperarm)
catavitello2015_retrievers,walk,elbow,81,98.34,5.13,6,180=straight; included humerus vs radius/ulna; =180-(elev_lowerarm-elev_upperarm)
catavitello2015_retrievers,walk,elbow,82,99.25,5.07,6,180=straight; included humerus vs radius/ulna; =180-(elev_lowerarm-elev_upperarm)
catavitello2015_retrievers,walk,elbow,83,100.79,4.99,6,180=straight; included humerus vs radius/ulna; =180-(elev_lowerarm-elev_upperarm)
catavitello2015_retrievers,walk,elbow,84,102.7,5.03,6,180=straight; included humerus vs radius/ulna; =180-(elev_lowerarm-elev_upperarm)
catavitello2015_retrievers,walk,elbow,85,105.08,5.2,6,180=straight; included humerus vs radius/ulna; =180-(elev_lowerarm-elev_upperarm)
catavitello2015_retrievers,walk,elbow,86,107.8,5.42,6,180=straight; included humerus vs radius/ulna; =180-(elev_lowerarm-elev_upperarm)
catavitello2015_retrievers,walk,elbow,87,110.86,5.79,6,180=straight; included humerus vs radius/ulna; =180-(elev_lowerarm-elev_upperarm)
catavitello2015_retrievers,walk,elbow,88,114.12,6.15,6,180=straight; included humerus vs radius/ulna; =180-(elev_lowerarm-elev_upperarm)
catavitello2015_retrievers,walk,elbow,89,117.69,6.52,6,180=straight; included humerus vs radius/ulna; =180-(elev_lowerarm-elev_upperarm)
catavitello2015_retrievers,walk,elbow,90,121.36,6.93,6,180=straight; included humerus vs radius/ulna; =180-(elev_lowerarm-elev_upperarm)
catavitello2015_retrievers,walk,elbow,91,125.19,7.19,6,180=straight; included humerus vs radius/ulna; =180-(elev_lowerarm-elev_upperarm)
catavitello2015_retrievers,walk,elbow,92,129.04,7.51,6,180=straight; included humerus vs radius/ulna; =180-(elev_lowerarm-elev_upperarm)
catavitello2015_retrievers,walk,elbow,93,132.86,7.75,6,180=straight; included humerus vs radius/ulna; =180-(elev_lowerarm-elev_upperarm)
catavitello2015_retrievers,walk,elbow,94,136.49,7.89,6,180=straight; included humerus vs radius/ulna; =180-(elev_lowerarm-elev_upperarm)
catavitello2015_retrievers,walk,elbow,95,140.02,8.04,6,180=straight; included humerus vs radius/ulna; =180-(elev_lowerarm-elev_upperarm)
catavitello2015_retrievers,walk,elbow,96,143.0,8.04,6,180=straight; included humerus vs radius/ulna; =180-(elev_lowerarm-elev_upperarm)
catavitello2015_retrievers,walk,elbow,97,145.68,7.91,6,180=straight; included humerus vs radius/ulna; =180-(elev_lowerarm-elev_upperarm)
catavitello2015_retrievers,walk,elbow,98,147.87,7.75,6,180=straight; included humerus vs radius/ulna; =180-(elev_lowerarm-elev_upperarm)
catavitello2015_retrievers,walk,elbow,99,149.26,7.26,6,180=straight; included humerus vs radius/ulna; =180-(elev_lowerarm-elev_upperarm)
catavitello2015_retrievers,walk,elbow,100,150.6,6.81,6,180=straight; included humerus vs radius/ulna; =180-(elev_lowerarm-elev_upperarm)
catavitello2015_retrievers,walk,hip,0,56.99,7.63,6,180=straight; NONSTANDARD: angle at greater trochanter between trunk line (GT->scapula top) and femur (GT->knee); NOT pelvis-femur; add roughly pelvic tilt to compare
catavitello2015_retrievers,walk,hip,1,57.52,7.71,6,180=straight; NONSTANDARD: angle at greater trochanter between trunk line (GT->scapula top) and femur (GT->knee); NOT pelvis-femur; add roughly pelvic tilt to compare
catavitello2015_retrievers,walk,hip,2,58.06,7.79,6,180=straight; NONSTANDARD: angle at greater trochanter between trunk line (GT->scapula top) and femur (GT->knee); NOT pelvis-femur; add roughly pelvic tilt to compare
catavitello2015_retrievers,walk,hip,3,58.64,7.79,6,180=straight; NONSTANDARD: angle at greater trochanter between trunk line (GT->scapula top) and femur (GT->knee); NOT pelvis-femur; add roughly pelvic tilt to compare
catavitello2015_retrievers,walk,hip,4,59.25,7.76,6,180=straight; NONSTANDARD: angle at greater trochanter between trunk line (GT->scapula top) and femur (GT->knee); NOT pelvis-femur; add roughly pelvic tilt to compare
catavitello2015_retrievers,walk,hip,5,59.89,7.66,6,180=straight; NONSTANDARD: angle at greater trochanter between trunk line (GT->scapula top) and femur (GT->knee); NOT pelvis-femur; add roughly pelvic tilt to compare
catavitello2015_retrievers,walk,hip,6,60.53,7.49,6,180=straight; NONSTANDARD: angle at greater trochanter between trunk line (GT->scapula top) and femur (GT->knee); NOT pelvis-femur; add roughly pelvic tilt to compare
catavitello2015_retrievers,walk,hip,7,61.19,7.3,6,180=straight; NONSTANDARD: angle at greater trochanter between trunk line (GT->scapula top) and femur (GT->knee); NOT pelvis-femur; add roughly pelvic tilt to compare
catavitello2015_retrievers,walk,hip,8,61.84,7.04,6,180=straight; NONSTANDARD: angle at greater trochanter between trunk line (GT->scapula top) and femur (GT->knee); NOT pelvis-femur; add roughly pelvic tilt to compare
catavitello2015_retrievers,walk,hip,9,62.48,6.78,6,180=straight; NONSTANDARD: angle at greater trochanter between trunk line (GT->scapula top) and femur (GT->knee); NOT pelvis-femur; add roughly pelvic tilt to compare
catavitello2015_retrievers,walk,hip,10,63.09,6.53,6,180=straight; NONSTANDARD: angle at greater trochanter between trunk line (GT->scapula top) and femur (GT->knee); NOT pelvis-femur; add roughly pelvic tilt to compare
catavitello2015_retrievers,walk,hip,11,63.71,6.29,6,180=straight; NONSTANDARD: angle at greater trochanter between trunk line (GT->scapula top) and femur (GT->knee); NOT pelvis-femur; add roughly pelvic tilt to compare
catavitello2015_retrievers,walk,hip,12,64.29,6.11,6,180=straight; NONSTANDARD: angle at greater trochanter between trunk line (GT->scapula top) and femur (GT->knee); NOT pelvis-femur; add roughly pelvic tilt to compare
catavitello2015_retrievers,walk,hip,13,64.87,5.98,6,180=straight; NONSTANDARD: angle at greater trochanter between trunk line (GT->scapula top) and femur (GT->knee); NOT pelvis-femur; add roughly pelvic tilt to compare
catavitello2015_retrievers,walk,hip,14,65.44,5.9,6,180=straight; NONSTANDARD: angle at greater trochanter between trunk line (GT->scapula top) and femur (GT->knee); NOT pelvis-femur; add roughly pelvic tilt to compare
catavitello2015_retrievers,walk,hip,15,66.02,5.9,6,180=straight; NONSTANDARD: angle at greater trochanter between trunk line (GT->scapula top) and femur (GT->knee); NOT pelvis-femur; add roughly pelvic tilt to compare
catavitello2015_retrievers,walk,hip,16,66.6,5.92,6,180=straight; NONSTANDARD: angle at greater trochanter between trunk line (GT->scapula top) and femur (GT->knee); NOT pelvis-femur; add roughly pelvic tilt to compare
catavitello2015_retrievers,walk,hip,17,67.2,5.98,6,180=straight; NONSTANDARD: angle at greater trochanter between trunk line (GT->scapula top) and femur (GT->knee); NOT pelvis-femur; add roughly pelvic tilt to compare
catavitello2015_retrievers,walk,hip,18,67.83,6.07,6,180=straight; NONSTANDARD: angle at greater trochanter between trunk line (GT->scapula top) and femur (GT->knee); NOT pelvis-femur; add roughly pelvic tilt to compare
catavitello2015_retrievers,walk,hip,19,68.48,6.17,6,180=straight; NONSTANDARD: angle at greater trochanter between trunk line (GT->scapula top) and femur (GT->knee); NOT pelvis-femur; add roughly pelvic tilt to compare
catavitello2015_retrievers,walk,hip,20,69.16,6.28,6,180=straight; NONSTANDARD: angle at greater trochanter between trunk line (GT->scapula top) and femur (GT->knee); NOT pelvis-femur; add roughly pelvic tilt to compare
catavitello2015_retrievers,walk,hip,21,69.87,6.39,6,180=straight; NONSTANDARD: angle at greater trochanter between trunk line (GT->scapula top) and femur (GT->knee); NOT pelvis-femur; add roughly pelvic tilt to compare
catavitello2015_retrievers,walk,hip,22,70.62,6.5,6,180=straight; NONSTANDARD: angle at greater trochanter between trunk line (GT->scapula top) and femur (GT->knee); NOT pelvis-femur; add roughly pelvic tilt to compare
catavitello2015_retrievers,walk,hip,23,71.38,6.62,6,180=straight; NONSTANDARD: angle at greater trochanter between trunk line (GT->scapula top) and femur (GT->knee); NOT pelvis-femur; add roughly pelvic tilt to compare
catavitello2015_retrievers,walk,hip,24,72.16,6.71,6,180=straight; NONSTANDARD: angle at greater trochanter between trunk line (GT->scapula top) and femur (GT->knee); NOT pelvis-femur; add roughly pelvic tilt to compare
catavitello2015_retrievers,walk,hip,25,72.94,6.8,6,180=straight; NONSTANDARD: angle at greater trochanter between trunk line (GT->scapula top) and femur (GT->knee); NOT pelvis-femur; add roughly pelvic tilt to compare
catavitello2015_retrievers,walk,hip,26,73.75,6.86,6,180=straight; NONSTANDARD: angle at greater trochanter between trunk line (GT->scapula top) and femur (GT->knee); NOT pelvis-femur; add roughly pelvic tilt to compare
catavitello2015_retrievers,walk,hip,27,74.55,6.92,6,180=straight; NONSTANDARD: angle at greater trochanter between trunk line (GT->scapula top) and femur (GT->knee); NOT pelvis-femur; add roughly pelvic tilt to compare
catavitello2015_retrievers,walk,hip,28,75.36,6.94,6,180=straight; NONSTANDARD: angle at greater trochanter between trunk line (GT->scapula top) and femur (GT->knee); NOT pelvis-femur; add roughly pelvic tilt to compare
catavitello2015_retrievers,walk,hip,29,76.18,6.95,6,180=straight; NONSTANDARD: angle at greater trochanter between trunk line (GT->scapula top) and femur (GT->knee); NOT pelvis-femur; add roughly pelvic tilt to compare
catavitello2015_retrievers,walk,hip,30,76.99,6.96,6,180=straight; NONSTANDARD: angle at greater trochanter between trunk line (GT->scapula top) and femur (GT->knee); NOT pelvis-femur; add roughly pelvic tilt to compare
catavitello2015_retrievers,walk,hip,31,77.82,6.97,6,180=straight; NONSTANDARD: angle at greater trochanter between trunk line (GT->scapula top) and femur (GT->knee); NOT pelvis-femur; add roughly pelvic tilt to compare
catavitello2015_retrievers,walk,hip,32,78.65,7.01,6,180=straight; NONSTANDARD: angle at greater trochanter between trunk line (GT->scapula top) and femur (GT->knee); NOT pelvis-femur; add roughly pelvic tilt to compare
catavitello2015_retrievers,walk,hip,33,79.48,7.08,6,180=straight; NONSTANDARD: angle at greater trochanter between trunk line (GT->scapula top) and femur (GT->knee); NOT pelvis-femur; add roughly pelvic tilt to compare
catavitello2015_retrievers,walk,hip,34,80.32,7.18,6,180=straight; NONSTANDARD: angle at greater trochanter between trunk line (GT->scapula top) and femur (GT->knee); NOT pelvis-femur; add roughly pelvic tilt to compare
catavitello2015_retrievers,walk,hip,35,81.14,7.36,6,180=straight; NONSTANDARD: angle at greater trochanter between trunk line (GT->scapula top) and femur (GT->knee); NOT pelvis-femur; add roughly pelvic tilt to compare
catavitello2015_retrievers,walk,hip,36,82.0,7.57,6,180=straight; NONSTANDARD: angle at greater trochanter between trunk line (GT->scapula top) and femur (GT->knee); NOT pelvis-femur; add roughly pelvic tilt to compare
catavitello2015_retrievers,walk,hip,37,82.83,7.84,6,180=straight; NONSTANDARD: angle at greater trochanter between trunk line (GT->scapula top) and femur (GT->knee); NOT pelvis-femur; add roughly pelvic tilt to compare
catavitello2015_retrievers,walk,hip,38,83.66,8.16,6,180=straight; NONSTANDARD: angle at greater trochanter between trunk line (GT->scapula top) and femur (GT->knee); NOT pelvis-femur; add roughly pelvic tilt to compare
catavitello2015_retrievers,walk,hip,39,84.51,8.51,6,180=straight; NONSTANDARD: angle at greater trochanter between trunk line (GT->scapula top) and femur (GT->knee); NOT pelvis-femur; add roughly pelvic tilt to compare
catavitello2015_retrievers,walk,hip,40,85.33,8.89,6,180=straight; NONSTANDARD: angle at greater trochanter between trunk line (GT->scapula top) and femur (GT->knee); NOT pelvis-femur; add roughly pelvic tilt to compare
catavitello2015_retrievers,walk,hip,41,86.16,9.27,6,180=straight; NONSTANDARD: angle at greater trochanter between trunk line (GT->scapula top) and femur (GT->knee); NOT pelvis-femur; add roughly pelvic tilt to compare
catavitello2015_retrievers,walk,hip,42,86.99,9.7,6,180=straight; NONSTANDARD: angle at greater trochanter between trunk line (GT->scapula top) and femur (GT->knee); NOT pelvis-femur; add roughly pelvic tilt to compare
catavitello2015_retrievers,walk,hip,43,87.77,10.08,6,180=straight; NONSTANDARD: angle at greater trochanter between trunk line (GT->scapula top) and femur (GT->knee); NOT pelvis-femur; add roughly pelvic tilt to compare
catavitello2015_retrievers,walk,hip,44,88.57,10.48,6,180=straight; NONSTANDARD: angle at greater trochanter between trunk line (GT->scapula top) and femur (GT->knee); NOT pelvis-femur; add roughly pelvic tilt to compare
catavitello2015_retrievers,walk,hip,45,89.3,10.82,6,180=straight; NONSTANDARD: angle at greater trochanter between trunk line (GT->scapula top) and femur (GT->knee); NOT pelvis-femur; add roughly pelvic tilt to compare
catavitello2015_retrievers,walk,hip,46,90.0,11.12,6,180=straight; NONSTANDARD: angle at greater trochanter between trunk line (GT->scapula top) and femur (GT->knee); NOT pelvis-femur; add roughly pelvic tilt to compare
catavitello2015_retrievers,walk,hip,47,90.65,11.35,6,180=straight; NONSTANDARD: angle at greater trochanter between trunk line (GT->scapula top) and femur (GT->knee); NOT pelvis-femur; add roughly pelvic tilt to compare
catavitello2015_retrievers,walk,hip,48,91.21,11.51,6,180=straight; NONSTANDARD: angle at greater trochanter between trunk line (GT->scapula top) and femur (GT->knee); NOT pelvis-femur; add roughly pelvic tilt to compare
catavitello2015_retrievers,walk,hip,49,91.72,11.61,6,180=straight; NONSTANDARD: angle at greater trochanter between trunk line (GT->scapula top) and femur (GT->knee); NOT pelvis-femur; add roughly pelvic tilt to compare
catavitello2015_retrievers,walk,hip,50,92.12,11.54,6,180=straight; NONSTANDARD: angle at greater trochanter between trunk line (GT->scapula top) and femur (GT->knee); NOT pelvis-femur; add roughly pelvic tilt to compare
catavitello2015_retrievers,walk,hip,51,92.46,11.45,6,180=straight; NONSTANDARD: angle at greater trochanter between trunk line (GT->scapula top) and femur (GT->knee); NOT pelvis-femur; add roughly pelvic tilt to compare
catavitello2015_retrievers,walk,hip,52,92.63,11.17,6,180=straight; NONSTANDARD: angle at greater trochanter between trunk line (GT->scapula top) and femur (GT->knee); NOT pelvis-femur; add roughly pelvic tilt to compare
catavitello2015_retrievers,walk,hip,53,92.72,10.85,6,180=straight; NONSTANDARD: angle at greater trochanter between trunk line (GT->scapula top) and femur (GT->knee); NOT pelvis-femur; add roughly pelvic tilt to compare
catavitello2015_retrievers,walk,hip,54,92.67,10.5,6,180=straight; NONSTANDARD: angle at greater trochanter between trunk line (GT->scapula top) and femur (GT->knee); NOT pelvis-femur; add roughly pelvic tilt to compare
catavitello2015_retrievers,walk,hip,55,92.42,10.03,6,180=straight; NONSTANDARD: angle at greater trochanter between trunk line (GT->scapula top) and femur (GT->knee); NOT pelvis-femur; add roughly pelvic tilt to compare
catavitello2015_retrievers,walk,hip,56,92.06,9.63,6,180=straight; NONSTANDARD: angle at greater trochanter between trunk line (GT->scapula top) and femur (GT->knee); NOT pelvis-femur; add roughly pelvic tilt to compare
catavitello2015_retrievers,walk,hip,57,91.49,9.22,6,180=straight; NONSTANDARD: angle at greater trochanter between trunk line (GT->scapula top) and femur (GT->knee); NOT pelvis-femur; add roughly pelvic tilt to compare
catavitello2015_retrievers,walk,hip,58,90.75,8.84,6,180=straight; NONSTANDARD: angle at greater trochanter between trunk line (GT->scapula top) and femur (GT->knee); NOT pelvis-femur; add roughly pelvic tilt to compare
catavitello2015_retrievers,walk,hip,59,89.9,8.57,6,180=straight; NONSTANDARD: angle at greater trochanter between trunk line (GT->scapula top) and femur (GT->knee); NOT pelvis-femur; add roughly pelvic tilt to compare
catavitello2015_retrievers,walk,hip,60,88.81,8.3,6,180=straight; NONSTANDARD: angle at greater trochanter between trunk line (GT->scapula top) and femur (GT->knee); NOT pelvis-femur; add roughly pelvic tilt to compare
catavitello2015_retrievers,walk,hip,61,87.66,8.11,6,180=straight; NONSTANDARD: angle at greater trochanter between trunk line (GT->scapula top) and femur (GT->knee); NOT pelvis-femur; add roughly pelvic tilt to compare
catavitello2015_retrievers,walk,hip,62,86.37,7.96,6,180=straight; NONSTANDARD: angle at greater trochanter between trunk line (GT->scapula top) and femur (GT->knee); NOT pelvis-femur; add roughly pelvic tilt to compare
catavitello2015_retrievers,walk,hip,63,84.99,7.8,6,180=straight; NONSTANDARD: angle at greater trochanter between trunk line (GT->scapula top) and femur (GT->knee); NOT pelvis-femur; add roughly pelvic tilt to compare
catavitello2015_retrievers,walk,hip,64,83.56,7.63,6,180=straight; NONSTANDARD: angle at greater trochanter between trunk line (GT->scapula top) and femur (GT->knee); NOT pelvis-femur; add roughly pelvic tilt to compare
catavitello2015_retrievers,walk,hip,65,82.1,7.45,6,180=straight; NONSTANDARD: angle at greater trochanter between trunk line (GT->scapula top) and femur (GT->knee); NOT pelvis-femur; add roughly pelvic tilt to compare
catavitello2015_retrievers,walk,hip,66,80.56,7.24,6,180=straight; NONSTANDARD: angle at greater trochanter between trunk line (GT->scapula top) and femur (GT->knee); NOT pelvis-femur; add roughly pelvic tilt to compare
catavitello2015_retrievers,walk,hip,67,79.05,7.0,6,180=straight; NONSTANDARD: angle at greater trochanter between trunk line (GT->scapula top) and femur (GT->knee); NOT pelvis-femur; add roughly pelvic tilt to compare
catavitello2015_retrievers,walk,hip,68,77.5,6.77,6,180=straight; NONSTANDARD: angle at greater trochanter between trunk line (GT->scapula top) and femur (GT->knee); NOT pelvis-femur; add roughly pelvic tilt to compare
catavitello2015_retrievers,walk,hip,69,75.97,6.5,6,180=straight; NONSTANDARD: angle at greater trochanter between trunk line (GT->scapula top) and femur (GT->knee); NOT pelvis-femur; add roughly pelvic tilt to compare
catavitello2015_retrievers,walk,hip,70,74.44,6.27,6,180=straight; NONSTANDARD: angle at greater trochanter between trunk line (GT->scapula top) and femur (GT->knee); NOT pelvis-femur; add roughly pelvic tilt to compare
catavitello2015_retrievers,walk,hip,71,72.92,6.09,6,180=straight; NONSTANDARD: angle at greater trochanter between trunk line (GT->scapula top) and femur (GT->knee); NOT pelvis-femur; add roughly pelvic tilt to compare
catavitello2015_retrievers,walk,hip,72,71.42,5.96,6,180=straight; NONSTANDARD: angle at greater trochanter between trunk line (GT->scapula top) and femur (GT->knee); NOT pelvis-femur; add roughly pelvic tilt to compare
catavitello2015_retrievers,walk,hip,73,69.96,5.92,6,180=straight; NONSTANDARD: angle at greater trochanter between trunk line (GT->scapula top) and femur (GT->knee); NOT pelvis-femur; add roughly pelvic tilt to compare
catavitello2015_retrievers,walk,hip,74,68.52,5.94,6,180=straight; NONSTANDARD: angle at greater trochanter between trunk line (GT->scapula top) and femur (GT->knee); NOT pelvis-femur; add roughly pelvic tilt to compare
catavitello2015_retrievers,walk,hip,75,67.15,6.03,6,180=straight; NONSTANDARD: angle at greater trochanter between trunk line (GT->scapula top) and femur (GT->knee); NOT pelvis-femur; add roughly pelvic tilt to compare
catavitello2015_retrievers,walk,hip,76,65.79,6.14,6,180=straight; NONSTANDARD: angle at greater trochanter between trunk line (GT->scapula top) and femur (GT->knee); NOT pelvis-femur; add roughly pelvic tilt to compare
catavitello2015_retrievers,walk,hip,77,64.48,6.26,6,180=straight; NONSTANDARD: angle at greater trochanter between trunk line (GT->scapula top) and femur (GT->knee); NOT pelvis-femur; add roughly pelvic tilt to compare
catavitello2015_retrievers,walk,hip,78,63.23,6.34,6,180=straight; NONSTANDARD: angle at greater trochanter between trunk line (GT->scapula top) and femur (GT->knee); NOT pelvis-femur; add roughly pelvic tilt to compare
catavitello2015_retrievers,walk,hip,79,62.0,6.38,6,180=straight; NONSTANDARD: angle at greater trochanter between trunk line (GT->scapula top) and femur (GT->knee); NOT pelvis-femur; add roughly pelvic tilt to compare
catavitello2015_retrievers,walk,hip,80,60.85,6.35,6,180=straight; NONSTANDARD: angle at greater trochanter between trunk line (GT->scapula top) and femur (GT->knee); NOT pelvis-femur; add roughly pelvic tilt to compare
catavitello2015_retrievers,walk,hip,81,59.76,6.25,6,180=straight; NONSTANDARD: angle at greater trochanter between trunk line (GT->scapula top) and femur (GT->knee); NOT pelvis-femur; add roughly pelvic tilt to compare
catavitello2015_retrievers,walk,hip,82,58.74,6.11,6,180=straight; NONSTANDARD: angle at greater trochanter between trunk line (GT->scapula top) and femur (GT->knee); NOT pelvis-femur; add roughly pelvic tilt to compare
catavitello2015_retrievers,walk,hip,83,57.82,5.92,6,180=straight; NONSTANDARD: angle at greater trochanter between trunk line (GT->scapula top) and femur (GT->knee); NOT pelvis-femur; add roughly pelvic tilt to compare
catavitello2015_retrievers,walk,hip,84,56.99,5.73,6,180=straight; NONSTANDARD: angle at greater trochanter between trunk line (GT->scapula top) and femur (GT->knee); NOT pelvis-femur; add roughly pelvic tilt to compare
catavitello2015_retrievers,walk,hip,85,56.3,5.58,6,180=straight; NONSTANDARD: angle at greater trochanter between trunk line (GT->scapula top) and femur (GT->knee); NOT pelvis-femur; add roughly pelvic tilt to compare
catavitello2015_retrievers,walk,hip,86,55.72,5.51,6,180=straight; NONSTANDARD: angle at greater trochanter between trunk line (GT->scapula top) and femur (GT->knee); NOT pelvis-femur; add roughly pelvic tilt to compare
catavitello2015_retrievers,walk,hip,87,55.3,5.49,6,180=straight; NONSTANDARD: angle at greater trochanter between trunk line (GT->scapula top) and femur (GT->knee); NOT pelvis-femur; add roughly pelvic tilt to compare
catavitello2015_retrievers,walk,hip,88,55.01,5.55,6,180=straight; NONSTANDARD: angle at greater trochanter between trunk line (GT->scapula top) and femur (GT->knee); NOT pelvis-femur; add roughly pelvic tilt to compare
catavitello2015_retrievers,walk,hip,89,54.85,5.65,6,180=straight; NONSTANDARD: angle at greater trochanter between trunk line (GT->scapula top) and femur (GT->knee); NOT pelvis-femur; add roughly pelvic tilt to compare
catavitello2015_retrievers,walk,hip,90,54.81,5.71,6,180=straight; NONSTANDARD: angle at greater trochanter between trunk line (GT->scapula top) and femur (GT->knee); NOT pelvis-femur; add roughly pelvic tilt to compare
catavitello2015_retrievers,walk,hip,91,54.86,5.82,6,180=straight; NONSTANDARD: angle at greater trochanter between trunk line (GT->scapula top) and femur (GT->knee); NOT pelvis-femur; add roughly pelvic tilt to compare
catavitello2015_retrievers,walk,hip,92,55.0,5.84,6,180=straight; NONSTANDARD: angle at greater trochanter between trunk line (GT->scapula top) and femur (GT->knee); NOT pelvis-femur; add roughly pelvic tilt to compare
catavitello2015_retrievers,walk,hip,93,55.19,5.89,6,180=straight; NONSTANDARD: angle at greater trochanter between trunk line (GT->scapula top) and femur (GT->knee); NOT pelvis-femur; add roughly pelvic tilt to compare
catavitello2015_retrievers,walk,hip,94,55.45,5.92,6,180=straight; NONSTANDARD: angle at greater trochanter between trunk line (GT->scapula top) and femur (GT->knee); NOT pelvis-femur; add roughly pelvic tilt to compare
catavitello2015_retrievers,walk,hip,95,55.73,5.94,6,180=straight; NONSTANDARD: angle at greater trochanter between trunk line (GT->scapula top) and femur (GT->knee); NOT pelvis-femur; add roughly pelvic tilt to compare
catavitello2015_retrievers,walk,hip,96,56.08,5.99,6,180=straight; NONSTANDARD: angle at greater trochanter between trunk line (GT->scapula top) and femur (GT->knee); NOT pelvis-femur; add roughly pelvic tilt to compare
catavitello2015_retrievers,walk,hip,97,56.44,6.03,6,180=straight; NONSTANDARD: angle at greater trochanter between trunk line (GT->scapula top) and femur (GT->knee); NOT pelvis-femur; add roughly pelvic tilt to compare
catavitello2015_retrievers,walk,hip,98,56.86,6.1,6,180=straight; NONSTANDARD: angle at greater trochanter between trunk line (GT->scapula top) and femur (GT->knee); NOT pelvis-femur; add roughly pelvic tilt to compare
catavitello2015_retrievers,walk,hip,99,57.36,6.16,6,180=straight; NONSTANDARD: angle at greater trochanter between trunk line (GT->scapula top) and femur (GT->knee); NOT pelvis-femur; add roughly pelvic tilt to compare
catavitello2015_retrievers,walk,hip,100,57.86,6.24,6,180=straight; NONSTANDARD: angle at greater trochanter between trunk line (GT->scapula top) and femur (GT->knee); NOT pelvis-femur; add roughly pelvic tilt to compare
catavitello2015_retrievers,walk,shoulder,0,148.81,9.54,6,180=straight; included scapula(spine top->shoulder) vs humerus; =180-(elev_scapula-elev_upperarm); 2D markerless video
catavitello2015_retrievers,walk,shoulder,1,147.74,9.62,6,180=straight; included scapula(spine top->shoulder) vs humerus; =180-(elev_scapula-elev_upperarm); 2D markerless video
catavitello2015_retrievers,walk,shoulder,2,146.69,9.74,6,180=straight; included scapula(spine top->shoulder) vs humerus; =180-(elev_scapula-elev_upperarm); 2D markerless video
catavitello2015_retrievers,walk,shoulder,3,145.57,9.81,6,180=straight; included scapula(spine top->shoulder) vs humerus; =180-(elev_scapula-elev_upperarm); 2D markerless video
catavitello2015_retrievers,walk,shoulder,4,144.46,9.91,6,180=straight; included scapula(spine top->shoulder) vs humerus; =180-(elev_scapula-elev_upperarm); 2D markerless video
catavitello2015_retrievers,walk,shoulder,5,143.39,9.97,6,180=straight; included scapula(spine top->shoulder) vs humerus; =180-(elev_scapula-elev_upperarm); 2D markerless video
catavitello2015_retrievers,walk,shoulder,6,142.47,9.89,6,180=straight; included scapula(spine top->shoulder) vs humerus; =180-(elev_scapula-elev_upperarm); 2D markerless video
catavitello2015_retrievers,walk,shoulder,7,141.59,9.83,6,180=straight; included scapula(spine top->shoulder) vs humerus; =180-(elev_scapula-elev_upperarm); 2D markerless video
catavitello2015_retrievers,walk,shoulder,8,140.87,9.6,6,180=straight; included scapula(spine top->shoulder) vs humerus; =180-(elev_scapula-elev_upperarm); 2D markerless video
catavitello2015_retrievers,walk,shoulder,9,140.2,9.3,6,180=straight; included scapula(spine top->shoulder) vs humerus; =180-(elev_scapula-elev_upperarm); 2D markerless video
catavitello2015_retrievers,walk,shoulder,10,139.66,8.98,6,180=straight; included scapula(spine top->shoulder) vs humerus; =180-(elev_scapula-elev_upperarm); 2D markerless video
catavitello2015_retrievers,walk,shoulder,11,139.12,8.59,6,180=straight; included scapula(spine top->shoulder) vs humerus; =180-(elev_scapula-elev_upperarm); 2D markerless video
catavitello2015_retrievers,walk,shoulder,12,138.63,8.21,6,180=straight; included scapula(spine top->shoulder) vs humerus; =180-(elev_scapula-elev_upperarm); 2D markerless video
catavitello2015_retrievers,walk,shoulder,13,138.18,7.87,6,180=straight; included scapula(spine top->shoulder) vs humerus; =180-(elev_scapula-elev_upperarm); 2D markerless video
catavitello2015_retrievers,walk,shoulder,14,137.68,7.57,6,180=straight; included scapula(spine top->shoulder) vs humerus; =180-(elev_scapula-elev_upperarm); 2D markerless video
catavitello2015_retrievers,walk,shoulder,15,137.2,7.28,6,180=straight; included scapula(spine top->shoulder) vs humerus; =180-(elev_scapula-elev_upperarm); 2D markerless video
catavitello2015_retrievers,walk,shoulder,16,136.7,7.05,6,180=straight; included scapula(spine top->shoulder) vs humerus; =180-(elev_scapula-elev_upperarm); 2D markerless video
catavitello2015_retrievers,walk,shoulder,17,136.15,6.82,6,180=straight; included scapula(spine top->shoulder) vs humerus; =180-(elev_scapula-elev_upperarm); 2D markerless video
catavitello2015_retrievers,walk,shoulder,18,135.63,6.59,6,180=straight; included scapula(spine top->shoulder) vs humerus; =180-(elev_scapula-elev_upperarm); 2D markerless video
catavitello2015_retrievers,walk,shoulder,19,135.09,6.37,6,180=straight; included scapula(spine top->shoulder) vs humerus; =180-(elev_scapula-elev_upperarm); 2D markerless video
catavitello2015_retrievers,walk,shoulder,20,134.56,6.14,6,180=straight; included scapula(spine top->shoulder) vs humerus; =180-(elev_scapula-elev_upperarm); 2D markerless video
catavitello2015_retrievers,walk,shoulder,21,134.07,5.9,6,180=straight; included scapula(spine top->shoulder) vs humerus; =180-(elev_scapula-elev_upperarm); 2D markerless video
catavitello2015_retrievers,walk,shoulder,22,133.61,5.64,6,180=straight; included scapula(spine top->shoulder) vs humerus; =180-(elev_scapula-elev_upperarm); 2D markerless video
catavitello2015_retrievers,walk,shoulder,23,133.2,5.39,6,180=straight; included scapula(spine top->shoulder) vs humerus; =180-(elev_scapula-elev_upperarm); 2D markerless video
catavitello2015_retrievers,walk,shoulder,24,132.83,5.12,6,180=straight; included scapula(spine top->shoulder) vs humerus; =180-(elev_scapula-elev_upperarm); 2D markerless video
catavitello2015_retrievers,walk,shoulder,25,132.48,4.85,6,180=straight; included scapula(spine top->shoulder) vs humerus; =180-(elev_scapula-elev_upperarm); 2D markerless video
catavitello2015_retrievers,walk,shoulder,26,132.17,4.64,6,180=straight; included scapula(spine top->shoulder) vs humerus; =180-(elev_scapula-elev_upperarm); 2D markerless video
catavitello2015_retrievers,walk,shoulder,27,131.88,4.47,6,180=straight; included scapula(spine top->shoulder) vs humerus; =180-(elev_scapula-elev_upperarm); 2D markerless video
catavitello2015_retrievers,walk,shoulder,28,131.62,4.41,6,180=straight; included scapula(spine top->shoulder) vs humerus; =180-(elev_scapula-elev_upperarm); 2D markerless video
catavitello2015_retrievers,walk,shoulder,29,131.37,4.43,6,180=straight; included scapula(spine top->shoulder) vs humerus; =180-(elev_scapula-elev_upperarm); 2D markerless video
catavitello2015_retrievers,walk,shoulder,30,131.17,4.52,6,180=straight; included scapula(spine top->shoulder) vs humerus; =180-(elev_scapula-elev_upperarm); 2D markerless video
catavitello2015_retrievers,walk,shoulder,31,130.98,4.68,6,180=straight; included scapula(spine top->shoulder) vs humerus; =180-(elev_scapula-elev_upperarm); 2D markerless video
catavitello2015_retrievers,walk,shoulder,32,130.85,4.9,6,180=straight; included scapula(spine top->shoulder) vs humerus; =180-(elev_scapula-elev_upperarm); 2D markerless video
catavitello2015_retrievers,walk,shoulder,33,130.76,5.15,6,180=straight; included scapula(spine top->shoulder) vs humerus; =180-(elev_scapula-elev_upperarm); 2D markerless video
catavitello2015_retrievers,walk,shoulder,34,130.69,5.4,6,180=straight; included scapula(spine top->shoulder) vs humerus; =180-(elev_scapula-elev_upperarm); 2D markerless video
catavitello2015_retrievers,walk,shoulder,35,130.64,5.69,6,180=straight; included scapula(spine top->shoulder) vs humerus; =180-(elev_scapula-elev_upperarm); 2D markerless video
catavitello2015_retrievers,walk,shoulder,36,130.59,5.9,6,180=straight; included scapula(spine top->shoulder) vs humerus; =180-(elev_scapula-elev_upperarm); 2D markerless video
catavitello2015_retrievers,walk,shoulder,37,130.51,6.11,6,180=straight; included scapula(spine top->shoulder) vs humerus; =180-(elev_scapula-elev_upperarm); 2D markerless video
catavitello2015_retrievers,walk,shoulder,38,130.39,6.24,6,180=straight; included scapula(spine top->shoulder) vs humerus; =180-(elev_scapula-elev_upperarm); 2D markerless video
catavitello2015_retrievers,walk,shoulder,39,130.18,6.27,6,180=straight; included scapula(spine top->shoulder) vs humerus; =180-(elev_scapula-elev_upperarm); 2D markerless video
catavitello2015_retrievers,walk,shoulder,40,129.92,6.26,6,180=straight; included scapula(spine top->shoulder) vs humerus; =180-(elev_scapula-elev_upperarm); 2D markerless video
catavitello2015_retrievers,walk,shoulder,41,129.57,6.09,6,180=straight; included scapula(spine top->shoulder) vs humerus; =180-(elev_scapula-elev_upperarm); 2D markerless video
catavitello2015_retrievers,walk,shoulder,42,129.17,5.9,6,180=straight; included scapula(spine top->shoulder) vs humerus; =180-(elev_scapula-elev_upperarm); 2D markerless video
catavitello2015_retrievers,walk,shoulder,43,128.72,5.62,6,180=straight; included scapula(spine top->shoulder) vs humerus; =180-(elev_scapula-elev_upperarm); 2D markerless video
catavitello2015_retrievers,walk,shoulder,44,128.28,5.3,6,180=straight; included scapula(spine top->shoulder) vs humerus; =180-(elev_scapula-elev_upperarm); 2D markerless video
catavitello2015_retrievers,walk,shoulder,45,127.83,4.96,6,180=straight; included scapula(spine top->shoulder) vs humerus; =180-(elev_scapula-elev_upperarm); 2D markerless video
catavitello2015_retrievers,walk,shoulder,46,127.47,4.68,6,180=straight; included scapula(spine top->shoulder) vs humerus; =180-(elev_scapula-elev_upperarm); 2D markerless video
catavitello2015_retrievers,walk,shoulder,47,127.16,4.4,6,180=straight; included scapula(spine top->shoulder) vs humerus; =180-(elev_scapula-elev_upperarm); 2D markerless video
catavitello2015_retrievers,walk,shoulder,48,126.93,4.24,6,180=straight; included scapula(spine top->shoulder) vs humerus; =180-(elev_scapula-elev_upperarm); 2D markerless video
catavitello2015_retrievers,walk,shoulder,49,126.77,4.19,6,180=straight; included scapula(spine top->shoulder) vs humerus; =180-(elev_scapula-elev_upperarm); 2D markerless video
catavitello2015_retrievers,walk,shoulder,50,126.68,4.21,6,180=straight; included scapula(spine top->shoulder) vs humerus; =180-(elev_scapula-elev_upperarm); 2D markerless video
catavitello2015_retrievers,walk,shoulder,51,126.61,4.37,6,180=straight; included scapula(spine top->shoulder) vs humerus; =180-(elev_scapula-elev_upperarm); 2D markerless video
catavitello2015_retrievers,walk,shoulder,52,126.56,4.61,6,180=straight; included scapula(spine top->shoulder) vs humerus; =180-(elev_scapula-elev_upperarm); 2D markerless video
catavitello2015_retrievers,walk,shoulder,53,126.45,4.93,6,180=straight; included scapula(spine top->shoulder) vs humerus; =180-(elev_scapula-elev_upperarm); 2D markerless video
catavitello2015_retrievers,walk,shoulder,54,126.27,5.32,6,180=straight; included scapula(spine top->shoulder) vs humerus; =180-(elev_scapula-elev_upperarm); 2D markerless video
catavitello2015_retrievers,walk,shoulder,55,126.02,5.86,6,180=straight; included scapula(spine top->shoulder) vs humerus; =180-(elev_scapula-elev_upperarm); 2D markerless video
catavitello2015_retrievers,walk,shoulder,56,125.6,6.42,6,180=straight; included scapula(spine top->shoulder) vs humerus; =180-(elev_scapula-elev_upperarm); 2D markerless video
catavitello2015_retrievers,walk,shoulder,57,125.12,7.0,6,180=straight; included scapula(spine top->shoulder) vs humerus; =180-(elev_scapula-elev_upperarm); 2D markerless video
catavitello2015_retrievers,walk,shoulder,58,124.57,7.6,6,180=straight; included scapula(spine top->shoulder) vs humerus; =180-(elev_scapula-elev_upperarm); 2D markerless video
catavitello2015_retrievers,walk,shoulder,59,123.91,8.07,6,180=straight; included scapula(spine top->shoulder) vs humerus; =180-(elev_scapula-elev_upperarm); 2D markerless video
catavitello2015_retrievers,walk,shoulder,60,123.3,8.48,6,180=straight; included scapula(spine top->shoulder) vs humerus; =180-(elev_scapula-elev_upperarm); 2D markerless video
catavitello2015_retrievers,walk,shoulder,61,122.65,8.69,6,180=straight; included scapula(spine top->shoulder) vs humerus; =180-(elev_scapula-elev_upperarm); 2D markerless video
catavitello2015_retrievers,walk,shoulder,62,122.08,8.82,6,180=straight; included scapula(spine top->shoulder) vs humerus; =180-(elev_scapula-elev_upperarm); 2D markerless video
catavitello2015_retrievers,walk,shoulder,63,121.59,8.83,6,180=straight; included scapula(spine top->shoulder) vs humerus; =180-(elev_scapula-elev_upperarm); 2D markerless video
catavitello2015_retrievers,walk,shoulder,64,121.19,8.76,6,180=straight; included scapula(spine top->shoulder) vs humerus; =180-(elev_scapula-elev_upperarm); 2D markerless video
catavitello2015_retrievers,walk,shoulder,65,120.93,8.64,6,180=straight; included scapula(spine top->shoulder) vs humerus; =180-(elev_scapula-elev_upperarm); 2D markerless video
catavitello2015_retrievers,walk,shoulder,66,120.82,8.42,6,180=straight; included scapula(spine top->shoulder) vs humerus; =180-(elev_scapula-elev_upperarm); 2D markerless video
catavitello2015_retrievers,walk,shoulder,67,120.82,8.27,6,180=straight; included scapula(spine top->shoulder) vs humerus; =180-(elev_scapula-elev_upperarm); 2D markerless video
catavitello2015_retrievers,walk,shoulder,68,120.99,8.05,6,180=straight; included scapula(spine top->shoulder) vs humerus; =180-(elev_scapula-elev_upperarm); 2D markerless video
catavitello2015_retrievers,walk,shoulder,69,121.23,7.78,6,180=straight; included scapula(spine top->shoulder) vs humerus; =180-(elev_scapula-elev_upperarm); 2D markerless video
catavitello2015_retrievers,walk,shoulder,70,121.61,7.6,6,180=straight; included scapula(spine top->shoulder) vs humerus; =180-(elev_scapula-elev_upperarm); 2D markerless video
catavitello2015_retrievers,walk,shoulder,71,122.07,7.23,6,180=straight; included scapula(spine top->shoulder) vs humerus; =180-(elev_scapula-elev_upperarm); 2D markerless video
catavitello2015_retrievers,walk,shoulder,72,122.54,6.92,6,180=straight; included scapula(spine top->shoulder) vs humerus; =180-(elev_scapula-elev_upperarm); 2D markerless video
catavitello2015_retrievers,walk,shoulder,73,123.06,6.6,6,180=straight; included scapula(spine top->shoulder) vs humerus; =180-(elev_scapula-elev_upperarm); 2D markerless video
catavitello2015_retrievers,walk,shoulder,74,123.52,6.18,6,180=straight; included scapula(spine top->shoulder) vs humerus; =180-(elev_scapula-elev_upperarm); 2D markerless video
catavitello2015_retrievers,walk,shoulder,75,124.07,5.78,6,180=straight; included scapula(spine top->shoulder) vs humerus; =180-(elev_scapula-elev_upperarm); 2D markerless video
catavitello2015_retrievers,walk,shoulder,76,124.57,5.36,6,180=straight; included scapula(spine top->shoulder) vs humerus; =180-(elev_scapula-elev_upperarm); 2D markerless video
catavitello2015_retrievers,walk,shoulder,77,125.15,4.89,6,180=straight; included scapula(spine top->shoulder) vs humerus; =180-(elev_scapula-elev_upperarm); 2D markerless video
catavitello2015_retrievers,walk,shoulder,78,125.87,4.37,6,180=straight; included scapula(spine top->shoulder) vs humerus; =180-(elev_scapula-elev_upperarm); 2D markerless video
catavitello2015_retrievers,walk,shoulder,79,126.63,3.9,6,180=straight; included scapula(spine top->shoulder) vs humerus; =180-(elev_scapula-elev_upperarm); 2D markerless video
catavitello2015_retrievers,walk,shoulder,80,127.65,3.42,6,180=straight; included scapula(spine top->shoulder) vs humerus; =180-(elev_scapula-elev_upperarm); 2D markerless video
catavitello2015_retrievers,walk,shoulder,81,128.88,3.23,6,180=straight; included scapula(spine top->shoulder) vs humerus; =180-(elev_scapula-elev_upperarm); 2D markerless video
catavitello2015_retrievers,walk,shoulder,82,130.22,3.35,6,180=straight; included scapula(spine top->shoulder) vs humerus; =180-(elev_scapula-elev_upperarm); 2D markerless video
catavitello2015_retrievers,walk,shoulder,83,131.86,3.9,6,180=straight; included scapula(spine top->shoulder) vs humerus; =180-(elev_scapula-elev_upperarm); 2D markerless video
catavitello2015_retrievers,walk,shoulder,84,133.6,4.68,6,180=straight; included scapula(spine top->shoulder) vs humerus; =180-(elev_scapula-elev_upperarm); 2D markerless video
catavitello2015_retrievers,walk,shoulder,85,135.46,5.58,6,180=straight; included scapula(spine top->shoulder) vs humerus; =180-(elev_scapula-elev_upperarm); 2D markerless video
catavitello2015_retrievers,walk,shoulder,86,137.4,6.48,6,180=straight; included scapula(spine top->shoulder) vs humerus; =180-(elev_scapula-elev_upperarm); 2D markerless video
catavitello2015_retrievers,walk,shoulder,87,139.4,7.31,6,180=straight; included scapula(spine top->shoulder) vs humerus; =180-(elev_scapula-elev_upperarm); 2D markerless video
catavitello2015_retrievers,walk,shoulder,88,141.32,7.97,6,180=straight; included scapula(spine top->shoulder) vs humerus; =180-(elev_scapula-elev_upperarm); 2D markerless video
catavitello2015_retrievers,walk,shoulder,89,143.28,8.43,6,180=straight; included scapula(spine top->shoulder) vs humerus; =180-(elev_scapula-elev_upperarm); 2D markerless video
catavitello2015_retrievers,walk,shoulder,90,145.13,8.78,6,180=straight; included scapula(spine top->shoulder) vs humerus; =180-(elev_scapula-elev_upperarm); 2D markerless video
catavitello2015_retrievers,walk,shoulder,91,146.88,8.89,6,180=straight; included scapula(spine top->shoulder) vs humerus; =180-(elev_scapula-elev_upperarm); 2D markerless video
catavitello2015_retrievers,walk,shoulder,92,148.47,8.9,6,180=straight; included scapula(spine top->shoulder) vs humerus; =180-(elev_scapula-elev_upperarm); 2D markerless video
catavitello2015_retrievers,walk,shoulder,93,149.9,8.84,6,180=straight; included scapula(spine top->shoulder) vs humerus; =180-(elev_scapula-elev_upperarm); 2D markerless video
catavitello2015_retrievers,walk,shoulder,94,150.99,8.64,6,180=straight; included scapula(spine top->shoulder) vs humerus; =180-(elev_scapula-elev_upperarm); 2D markerless video
catavitello2015_retrievers,walk,shoulder,95,151.95,8.46,6,180=straight; included scapula(spine top->shoulder) vs humerus; =180-(elev_scapula-elev_upperarm); 2D markerless video
catavitello2015_retrievers,walk,shoulder,96,152.4,8.28,6,180=straight; included scapula(spine top->shoulder) vs humerus; =180-(elev_scapula-elev_upperarm); 2D markerless video
catavitello2015_retrievers,walk,shoulder,97,152.61,8.01,6,180=straight; included scapula(spine top->shoulder) vs humerus; =180-(elev_scapula-elev_upperarm); 2D markerless video
catavitello2015_retrievers,walk,shoulder,98,152.52,7.82,6,180=straight; included scapula(spine top->shoulder) vs humerus; =180-(elev_scapula-elev_upperarm); 2D markerless video
catavitello2015_retrievers,walk,shoulder,99,151.96,7.56,6,180=straight; included scapula(spine top->shoulder) vs humerus; =180-(elev_scapula-elev_upperarm); 2D markerless video
catavitello2015_retrievers,walk,shoulder,100,151.39,7.33,6,180=straight; included scapula(spine top->shoulder) vs humerus; =180-(elev_scapula-elev_upperarm); 2D markerless video
catavitello2015_retrievers,walk,stifle,0,143.32,10.51,6,180=straight; included femur vs tibia; =180-(elev_thigh-elev_shank)
catavitello2015_retrievers,walk,stifle,1,142.6,10.6,6,180=straight; included femur vs tibia; =180-(elev_thigh-elev_shank)
catavitello2015_retrievers,walk,stifle,2,141.86,10.72,6,180=straight; included femur vs tibia; =180-(elev_thigh-elev_shank)
catavitello2015_retrievers,walk,stifle,3,141.25,10.81,6,180=straight; included femur vs tibia; =180-(elev_thigh-elev_shank)
catavitello2015_retrievers,walk,stifle,4,140.74,10.88,6,180=straight; included femur vs tibia; =180-(elev_thigh-elev_shank)
catavitello2015_retrievers,walk,stifle,5,140.33,10.89,6,180=straight; included femur vs tibia; =180-(elev_thigh-elev_shank)
catavitello2015_retrievers,walk,stifle,6,140.17,10.74,6,180=straight; included femur vs tibia; =180-(elev_thigh-elev_shank)
catavitello2015_retrievers,walk,stifle,7,140.07,10.55,6,180=straight; included femur vs tibia; =180-(elev_thigh-elev_shank)
catavitello2015_retrievers,walk,stifle,8,140.16,10.22,6,180=straight; included femur vs tibia; =180-(elev_thigh-elev_shank)
catavitello2015_retrievers,walk,stifle,9,140.31,9.85,6,180=straight; included femur vs tibia; =180-(elev_thigh-elev_shank)
catavitello2015_retrievers,walk,stifle,10,140.5,9.47,6,180=straight; included femur vs tibia; =180-(elev_thigh-elev_shank)
catavitello2015_retrievers,walk,stifle,11,140.73,9.1,6,180=straight; included femur vs tibia; =180-(elev_thigh-elev_shank)
catavitello2015_retrievers,walk,stifle,12,140.92,8.81,6,180=straight; included femur vs tibia; =180-(elev_thigh-elev_shank)
catavitello2015_retrievers,walk,stifle,13,141.09,8.62,6,180=straight; included femur vs tibia; =180-(elev_thigh-elev_shank)
catavitello2015_retrievers,walk,stifle,14,141.22,8.55,6,180=straight; included femur vs tibia; =180-(elev_thigh-elev_shank)
catavitello2015_retrievers,walk,stifle,15,141.31,8.58,6,180=straight; included femur vs tibia; =180-(elev_thigh-elev_shank)
catavitello2015_retrievers,walk,stifle,16,141.37,8.75,6,180=straight; included femur vs tibia; =180-(elev_thigh-elev_shank)
catavitello2015_retrievers,walk,stifle,17,141.4,9.0,6,180=straight; included femur vs tibia; =180-(elev_thigh-elev_shank)
catavitello2015_retrievers,walk,stifle,18,141.42,9.32,6,180=straight; included femur vs tibia; =180-(elev_thigh-elev_shank)
catavitello2015_retrievers,walk,stifle,19,141.44,9.69,6,180=straight; included femur vs tibia; =180-(elev_thigh-elev_shank)
catavitello2015_retrievers,walk,stifle,20,141.47,10.08,6,180=straight; included femur vs tibia; =180-(elev_thigh-elev_shank)
catavitello2015_retrievers,walk,stifle,21,141.48,10.46,6,180=straight; included femur vs tibia; =180-(elev_thigh-elev_shank)
catavitello2015_retrievers,walk,stifle,22,141.5,10.82,6,180=straight; included femur vs tibia; =180-(elev_thigh-elev_shank)
catavitello2015_retrievers,walk,stifle,23,141.49,11.15,6,180=straight; included femur vs tibia; =180-(elev_thigh-elev_shank)
catavitello2015_retrievers,walk,stifle,24,141.44,11.41,6,180=straight; included femur vs tibia; =180-(elev_thigh-elev_shank)
catavitello2015_retrievers,walk,stifle,25,141.34,11.64,6,180=straight; included femur vs tibia; =180-(elev_thigh-elev_shank)
catavitello2015_retrievers,walk,stifle,26,141.18,11.81,6,180=straight; included femur vs tibia; =180-(elev_thigh-elev_shank)
catavitello2015_retrievers,walk,stifle,27,140.95,11.93,6,180=straight; included femur vs tibia; =180-(elev_thigh-elev_shank)
catavitello2015_retrievers,walk,stifle,28,140.66,12.04,6,180=straight; included femur vs tibia; =180-(elev_thigh-elev_shank)
catavitello2015_retrievers,walk,stifle,29,140.33,12.09,6,180=straight; included femur vs tibia; =180-(elev_thigh-elev_shank)
catavitello2015_retrievers,walk,stifle,30,139.96,12.15,6,180=straight; included femur vs tibia; =180-(elev_thigh-elev_shank)
catavitello2015_retrievers,walk,stifle,31,139.59,12.22,6,180=straight; included femur vs tibia; =180-(elev_thigh-elev_shank)
catavitello2015_retrievers,walk,stifle,32,139.24,12.32,6,180=straight; included femur vs tibia; =180-(elev_thigh-elev_shank)
catavitello2015_retrievers,walk,stifle,33,138.93,12.45,6,180=straight; included femur vs tibia; =180-(elev_thigh-elev_shank)
catavitello2015_retrievers,walk,stifle,34,138.68,12.63,6,180=straight; included femur vs tibia; =180-(elev_thigh-elev_shank)
catavitello2015_retrievers,walk,stifle,35,138.48,12.87,6,180=straight; included femur vs tibia; =180-(elev_thigh-elev_shank)
catavitello2015_retrievers,walk,stifle,36,138.38,13.17,6,180=straight; included femur vs tibia; =180-(elev_thigh-elev_shank)
catavitello2015_retrievers,walk,stifle,37,138.32,13.49,6,180=straight; included femur vs tibia; =180-(elev_thigh-elev_shank)
catavitello2015_retrievers,walk,stifle,38,138.34,13.86,6,180=straight; included femur vs tibia; =180-(elev_thigh-elev_shank)
catavitello2015_retrievers,walk,stifle,39,138.4,14.25,6,180=straight; included femur vs tibia; =180-(elev_thigh-elev_shank)
catavitello2015_retrievers,walk,stifle,40,138.48,14.63,6,180=straight; included femur vs tibia; =180-(elev_thigh-elev_shank)
catavitello2015_retrievers,walk,stifle,41,138.61,15.01,6,180=straight; included femur vs tibia; =180-(elev_thigh-elev_shank)
catavitello2015_retrievers,walk,stifle,42,138.75,15.39,6,180=straight; included femur vs tibia; =180-(elev_thigh-elev_shank)
catavitello2015_retrievers,walk,stifle,43,138.89,15.68,6,180=straight; included femur vs tibia; =180-(elev_thigh-elev_shank)
catavitello2015_retrievers,walk,stifle,44,139.06,15.96,6,180=straight; included femur vs tibia; =180-(elev_thigh-elev_shank)
catavitello2015_retrievers,walk,stifle,45,139.2,16.15,6,180=straight; included femur vs tibia; =180-(elev_thigh-elev_shank)
catavitello2015_retrievers,walk,stifle,46,139.34,16.28,6,180=straight; included femur vs tibia; =180-(elev_thigh-elev_shank)
catavitello2015_retrievers,walk,stifle,47,139.46,16.35,6,180=straight; included femur vs tibia; =180-(elev_thigh-elev_shank)
catavitello2015_retrievers,walk,stifle,48,139.53,16.33,6,180=straight; included femur vs tibia; =180-(elev_thigh-elev_shank)
catavitello2015_retrievers,walk,stifle,49,139.58,16.25,6,180=straight; included femur vs tibia; =180-(elev_thigh-elev_shank)
catavitello2015_retrievers,walk,stifle,50,139.56,16.08,6,180=straight; included femur vs tibia; =180-(elev_thigh-elev_shank)
catavitello2015_retrievers,walk,stifle,51,139.44,15.9,6,180=straight; included femur vs tibia; =180-(elev_thigh-elev_shank)
catavitello2015_retrievers,walk,stifle,52,139.22,15.61,6,180=straight; included femur vs tibia; =180-(elev_thigh-elev_shank)
catavitello2015_retrievers,walk,stifle,53,138.87,15.36,6,180=straight; included femur vs tibia; =180-(elev_thigh-elev_shank)
catavitello2015_retrievers,walk,stifle,54,138.39,15.07,6,180=straight; included femur vs tibia; =180-(elev_thigh-elev_shank)
catavitello2015_retrievers,walk,stifle,55,137.71,14.73,6,180=straight; included femur vs tibia; =180-(elev_thigh-elev_shank)
catavitello2015_retrievers,walk,stifle,56,136.87,14.43,6,180=straight; included femur vs tibia; =180-(elev_thigh-elev_shank)
catavitello2015_retrievers,walk,stifle,57,135.82,14.01,6,180=straight; included femur vs tibia; =180-(elev_thigh-elev_shank)
catavitello2015_retrievers,walk,stifle,58,134.57,13.64,6,180=straight; included femur vs tibia; =180-(elev_thigh-elev_shank)
catavitello2015_retrievers,walk,stifle,59,133.16,13.2,6,180=straight; included femur vs tibia; =180-(elev_thigh-elev_shank)
catavitello2015_retrievers,walk,stifle,60,131.52,12.7,6,180=straight; included femur vs tibia; =180-(elev_thigh-elev_shank)
catavitello2015_retrievers,walk,stifle,61,129.79,12.22,6,180=straight; included femur vs tibia; =180-(elev_thigh-elev_shank)
catavitello2015_retrievers,walk,stifle,62,127.93,11.64,6,180=straight; included femur vs tibia; =180-(elev_thigh-elev_shank)
catavitello2015_retrievers,walk,stifle,63,125.97,11.08,6,180=straight; included femur vs tibia; =180-(elev_thigh-elev_shank)
catavitello2015_retrievers,walk,stifle,64,124.01,10.53,6,180=straight; included femur vs tibia; =180-(elev_thigh-elev_shank)
catavitello2015_retrievers,walk,stifle,65,122.02,9.96,6,180=straight; included femur vs tibia; =180-(elev_thigh-elev_shank)
catavitello2015_retrievers,walk,stifle,66,120.07,9.48,6,180=straight; included femur vs tibia; =180-(elev_thigh-elev_shank)
catavitello2015_retrievers,walk,stifle,67,118.23,9.02,6,180=straight; included femur vs tibia; =180-(elev_thigh-elev_shank)
catavitello2015_retrievers,walk,stifle,68,116.46,8.67,6,180=straight; included femur vs tibia; =180-(elev_thigh-elev_shank)
catavitello2015_retrievers,walk,stifle,69,114.87,8.38,6,180=straight; included femur vs tibia; =180-(elev_thigh-elev_shank)
catavitello2015_retrievers,walk,stifle,70,113.47,8.23,6,180=straight; included femur vs tibia; =180-(elev_thigh-elev_shank)
catavitello2015_retrievers,walk,stifle,71,112.23,8.16,6,180=straight; included femur vs tibia; =180-(elev_thigh-elev_shank)
catavitello2015_retrievers,walk,stifle,72,111.23,8.13,6,180=straight; included femur vs tibia; =180-(elev_thigh-elev_shank)
catavitello2015_retrievers,walk,stifle,73,110.48,8.23,6,180=straight; included femur vs tibia; =180-(elev_thigh-elev_shank)
catavitello2015_retrievers,walk,stifle,74,109.94,8.29,6,180=straight; included femur vs tibia; =180-(elev_thigh-elev_shank)
catavitello2015_retrievers,walk,stifle,75,109.7,8.39,6,180=straight; included femur vs tibia; =180-(elev_thigh-elev_shank)
catavitello2015_retrievers,walk,stifle,76,109.7,8.49,6,180=straight; included femur vs tibia; =180-(elev_thigh-elev_shank)
catavitello2015_retrievers,walk,stifle,77,109.95,8.54,6,180=straight; included femur vs tibia; =180-(elev_thigh-elev_shank)
catavitello2015_retrievers,walk,stifle,78,110.53,8.68,6,180=straight; included femur vs tibia; =180-(elev_thigh-elev_shank)
catavitello2015_retrievers,walk,stifle,79,111.36,8.74,6,180=straight; included femur vs tibia; =180-(elev_thigh-elev_shank)
catavitello2015_retrievers,walk,stifle,80,112.55,8.9,6,180=straight; included femur vs tibia; =180-(elev_thigh-elev_shank)
catavitello2015_retrievers,walk,stifle,81,114.04,9.1,6,180=straight; included femur vs tibia; =180-(elev_thigh-elev_shank)
catavitello2015_retrievers,walk,stifle,82,115.8,9.33,6,180=straight; included femur vs tibia; =180-(elev_thigh-elev_shank)
catavitello2015_retrievers,walk,stifle,83,117.92,9.67,6,180=straight; included femur vs tibia; =180-(elev_thigh-elev_shank)
catavitello2015_retrievers,walk,stifle,84,120.27,10.03,6,180=straight; included femur vs tibia; =180-(elev_thigh-elev_shank)
catavitello2015_retrievers,walk,stifle,85,122.85,10.36,6,180=straight; included femur vs tibia; =180-(elev_thigh-elev_shank)
catavitello2015_retrievers,walk,stifle,86,125.62,10.7,6,180=straight; included femur vs tibia; =180-(elev_thigh-elev_shank)
catavitello2015_retrievers,walk,stifle,87,128.43,10.92,6,180=straight; included femur vs tibia; =180-(elev_thigh-elev_shank)
catavitello2015_retrievers,walk,stifle,88,131.28,11.04,6,180=straight; included femur vs tibia; =180-(elev_thigh-elev_shank)
catavitello2015_retrievers,walk,stifle,89,133.99,11.03,6,180=straight; included femur vs tibia; =180-(elev_thigh-elev_shank)
catavitello2015_retrievers,walk,stifle,90,136.55,10.95,6,180=straight; included femur vs tibia; =180-(elev_thigh-elev_shank)
catavitello2015_retrievers,walk,stifle,91,138.79,10.7,6,180=straight; included femur vs tibia; =180-(elev_thigh-elev_shank)
catavitello2015_retrievers,walk,stifle,92,140.69,10.5,6,180=straight; included femur vs tibia; =180-(elev_thigh-elev_shank)
catavitello2015_retrievers,walk,stifle,93,142.25,10.21,6,180=straight; included femur vs tibia; =180-(elev_thigh-elev_shank)
catavitello2015_retrievers,walk,stifle,94,143.24,9.91,6,180=straight; included femur vs tibia; =180-(elev_thigh-elev_shank)
catavitello2015_retrievers,walk,stifle,95,144.04,9.75,6,180=straight; included femur vs tibia; =180-(elev_thigh-elev_shank)
catavitello2015_retrievers,walk,stifle,96,144.23,9.55,6,180=straight; included femur vs tibia; =180-(elev_thigh-elev_shank)
catavitello2015_retrievers,walk,stifle,97,144.19,9.51,6,180=straight; included femur vs tibia; =180-(elev_thigh-elev_shank)
catavitello2015_retrievers,walk,stifle,98,143.92,9.53,6,180=straight; included femur vs tibia; =180-(elev_thigh-elev_shank)
catavitello2015_retrievers,walk,stifle,99,143.35,9.65,6,180=straight; included femur vs tibia; =180-(elev_thigh-elev_shank)
catavitello2015_retrievers,walk,stifle,100,142.76,9.83,6,180=straight; included femur vs tibia; =180-(elev_thigh-elev_shank)
catavitello2015_retrievers,walk,tarsus,0,144.98,5.05,6,180=straight; included tibia vs metatarsus (ankle->MTP); =180-(elev_foot-elev_shank)
catavitello2015_retrievers,walk,tarsus,1,143.67,5.11,6,180=straight; included tibia vs metatarsus (ankle->MTP); =180-(elev_foot-elev_shank)
catavitello2015_retrievers,walk,tarsus,2,142.33,5.27,6,180=straight; included tibia vs metatarsus (ankle->MTP); =180-(elev_foot-elev_shank)
catavitello2015_retrievers,walk,tarsus,3,140.97,5.26,6,180=straight; included tibia vs metatarsus (ankle->MTP); =180-(elev_foot-elev_shank)
catavitello2015_retrievers,walk,tarsus,4,139.66,5.15,6,180=straight; included tibia vs metatarsus (ankle->MTP); =180-(elev_foot-elev_shank)
catavitello2015_retrievers,walk,tarsus,5,138.4,5.02,6,180=straight; included tibia vs metatarsus (ankle->MTP); =180-(elev_foot-elev_shank)
catavitello2015_retrievers,walk,tarsus,6,137.5,4.81,6,180=straight; included tibia vs metatarsus (ankle->MTP); =180-(elev_foot-elev_shank)
catavitello2015_retrievers,walk,tarsus,7,136.68,4.61,6,180=straight; included tibia vs metatarsus (ankle->MTP); =180-(elev_foot-elev_shank)
catavitello2015_retrievers,walk,tarsus,8,136.21,4.54,6,180=straight; included tibia vs metatarsus (ankle->MTP); =180-(elev_foot-elev_shank)
catavitello2015_retrievers,walk,tarsus,9,135.94,4.51,6,180=straight; included tibia vs metatarsus (ankle->MTP); =180-(elev_foot-elev_shank)
catavitello2015_retrievers,walk,tarsus,10,135.9,4.67,6,180=straight; included tibia vs metatarsus (ankle->MTP); =180-(elev_foot-elev_shank)
catavitello2015_retrievers,walk,tarsus,11,136.06,4.93,6,180=straight; included tibia vs metatarsus (ankle->MTP); =180-(elev_foot-elev_shank)
catavitello2015_retrievers,walk,tarsus,12,136.38,5.3,6,180=straight; included tibia vs metatarsus (ankle->MTP); =180-(elev_foot-elev_shank)
catavitello2015_retrievers,walk,tarsus,13,136.8,5.75,6,180=straight; included tibia vs metatarsus (ankle->MTP); =180-(elev_foot-elev_shank)
catavitello2015_retrievers,walk,tarsus,14,137.32,6.22,6,180=straight; included tibia vs metatarsus (ankle->MTP); =180-(elev_foot-elev_shank)
catavitello2015_retrievers,walk,tarsus,15,137.88,6.68,6,180=straight; included tibia vs metatarsus (ankle->MTP); =180-(elev_foot-elev_shank)
catavitello2015_retrievers,walk,tarsus,16,138.45,7.09,6,180=straight; included tibia vs metatarsus (ankle->MTP); =180-(elev_foot-elev_shank)
catavitello2015_retrievers,walk,tarsus,17,139.04,7.42,6,180=straight; included tibia vs metatarsus (ankle->MTP); =180-(elev_foot-elev_shank)
catavitello2015_retrievers,walk,tarsus,18,139.58,7.68,6,180=straight; included tibia vs metatarsus (ankle->MTP); =180-(elev_foot-elev_shank)
catavitello2015_retrievers,walk,tarsus,19,140.09,7.83,6,180=straight; included tibia vs metatarsus (ankle->MTP); =180-(elev_foot-elev_shank)
catavitello2015_retrievers,walk,tarsus,20,140.58,7.92,6,180=straight; included tibia vs metatarsus (ankle->MTP); =180-(elev_foot-elev_shank)
catavitello2015_retrievers,walk,tarsus,21,141.01,7.92,6,180=straight; included tibia vs metatarsus (ankle->MTP); =180-(elev_foot-elev_shank)
catavitello2015_retrievers,walk,tarsus,22,141.41,7.9,6,180=straight; included tibia vs metatarsus (ankle->MTP); =180-(elev_foot-elev_shank)
catavitello2015_retrievers,walk,tarsus,23,141.77,7.85,6,180=straight; included tibia vs metatarsus (ankle->MTP); =180-(elev_foot-elev_shank)
catavitello2015_retrievers,walk,tarsus,24,142.1,7.8,6,180=straight; included tibia vs metatarsus (ankle->MTP); =180-(elev_foot-elev_shank)
catavitello2015_retrievers,walk,tarsus,25,142.4,7.76,6,180=straight; included tibia vs metatarsus (ankle->MTP); =180-(elev_foot-elev_shank)
catavitello2015_retrievers,walk,tarsus,26,142.67,7.74,6,180=straight; included tibia vs metatarsus (ankle->MTP); =180-(elev_foot-elev_shank)
catavitello2015_retrievers,walk,tarsus,27,142.9,7.74,6,180=straight; included tibia vs metatarsus (ankle->MTP); =180-(elev_foot-elev_shank)
catavitello2015_retrievers,walk,tarsus,28,143.09,7.76,6,180=straight; included tibia vs metatarsus (ankle->MTP); =180-(elev_foot-elev_shank)
catavitello2015_retrievers,walk,tarsus,29,143.29,7.8,6,180=straight; included tibia vs metatarsus (ankle->MTP); =180-(elev_foot-elev_shank)
catavitello2015_retrievers,walk,tarsus,30,143.44,7.83,6,180=straight; included tibia vs metatarsus (ankle->MTP); =180-(elev_foot-elev_shank)
catavitello2015_retrievers,walk,tarsus,31,143.6,7.86,6,180=straight; included tibia vs metatarsus (ankle->MTP); =180-(elev_foot-elev_shank)
catavitello2015_retrievers,walk,tarsus,32,143.77,7.88,6,180=straight; included tibia vs metatarsus (ankle->MTP); =180-(elev_foot-elev_shank)
catavitello2015_retrievers,walk,tarsus,33,143.96,7.86,6,180=straight; included tibia vs metatarsus (ankle->MTP); =180-(elev_foot-elev_shank)
catavitello2015_retrievers,walk,tarsus,34,144.18,7.82,6,180=straight; included tibia vs metatarsus (ankle->MTP); =180-(elev_foot-elev_shank)
catavitello2015_retrievers,walk,tarsus,35,144.44,7.75,6,180=straight; included tibia vs metatarsus (ankle->MTP); =180-(elev_foot-elev_shank)
catavitello2015_retrievers,walk,tarsus,36,144.76,7.64,6,180=straight; included tibia vs metatarsus (ankle->MTP); =180-(elev_foot-elev_shank)
catavitello2015_retrievers,walk,tarsus,37,145.12,7.52,6,180=straight; included tibia vs metatarsus (ankle->MTP); =180-(elev_foot-elev_shank)
catavitello2015_retrievers,walk,tarsus,38,145.54,7.37,6,180=straight; included tibia vs metatarsus (ankle->MTP); =180-(elev_foot-elev_shank)
catavitello2015_retrievers,walk,tarsus,39,145.99,7.22,6,180=straight; included tibia vs metatarsus (ankle->MTP); =180-(elev_foot-elev_shank)
catavitello2015_retrievers,walk,tarsus,40,146.49,7.1,6,180=straight; included tibia vs metatarsus (ankle->MTP); =180-(elev_foot-elev_shank)
catavitello2015_retrievers,walk,tarsus,41,147.03,7.0,6,180=straight; included tibia vs metatarsus (ankle->MTP); =180-(elev_foot-elev_shank)
catavitello2015_retrievers,walk,tarsus,42,147.62,6.94,6,180=straight; included tibia vs metatarsus (ankle->MTP); =180-(elev_foot-elev_shank)
catavitello2015_retrievers,walk,tarsus,43,148.27,6.97,6,180=straight; included tibia vs metatarsus (ankle->MTP); =180-(elev_foot-elev_shank)
catavitello2015_retrievers,walk,tarsus,44,148.96,7.01,6,180=straight; included tibia vs metatarsus (ankle->MTP); =180-(elev_foot-elev_shank)
catavitello2015_retrievers,walk,tarsus,45,149.75,7.19,6,180=straight; included tibia vs metatarsus (ankle->MTP); =180-(elev_foot-elev_shank)
catavitello2015_retrievers,walk,tarsus,46,150.58,7.39,6,180=straight; included tibia vs metatarsus (ankle->MTP); =180-(elev_foot-elev_shank)
catavitello2015_retrievers,walk,tarsus,47,151.49,7.67,6,180=straight; included tibia vs metatarsus (ankle->MTP); =180-(elev_foot-elev_shank)
catavitello2015_retrievers,walk,tarsus,48,152.46,8.01,6,180=straight; included tibia vs metatarsus (ankle->MTP); =180-(elev_foot-elev_shank)
catavitello2015_retrievers,walk,tarsus,49,153.47,8.37,6,180=straight; included tibia vs metatarsus (ankle->MTP); =180-(elev_foot-elev_shank)
catavitello2015_retrievers,walk,tarsus,50,154.52,8.71,6,180=straight; included tibia vs metatarsus (ankle->MTP); =180-(elev_foot-elev_shank)
catavitello2015_retrievers,walk,tarsus,51,155.58,9.08,6,180=straight; included tibia vs metatarsus (ankle->MTP); =180-(elev_foot-elev_shank)
catavitello2015_retrievers,walk,tarsus,52,156.59,9.28,6,180=straight; included tibia vs metatarsus (ankle->MTP); =180-(elev_foot-elev_shank)
catavitello2015_retrievers,walk,tarsus,53,157.55,9.48,6,180=straight; included tibia vs metatarsus (ankle->MTP); =180-(elev_foot-elev_shank)
catavitello2015_retrievers,walk,tarsus,54,158.41,9.52,6,180=straight; included tibia vs metatarsus (ankle->MTP); =180-(elev_foot-elev_shank)
catavitello2015_retrievers,walk,tarsus,55,159.12,9.4,6,180=straight; included tibia vs metatarsus (ankle->MTP); =180-(elev_foot-elev_shank)
catavitello2015_retrievers,walk,tarsus,56,159.69,9.25,6,180=straight; included tibia vs metatarsus (ankle->MTP); =180-(elev_foot-elev_shank)
catavitello2015_retrievers,walk,tarsus,57,159.96,8.8,6,180=straight; included tibia vs metatarsus (ankle->MTP); =180-(elev_foot-elev_shank)
catavitello2015_retrievers,walk,tarsus,58,160.04,8.36,6,180=straight; included tibia vs metatarsus (ankle->MTP); =180-(elev_foot-elev_shank)
catavitello2015_retrievers,walk,tarsus,59,159.77,7.77,6,180=straight; included tibia vs metatarsus (ankle->MTP); =180-(elev_foot-elev_shank)
catavitello2015_retrievers,walk,tarsus,60,159.09,7.09,6,180=straight; included tibia vs metatarsus (ankle->MTP); =180-(elev_foot-elev_shank)
catavitello2015_retrievers,walk,tarsus,61,158.09,6.42,6,180=straight; included tibia vs metatarsus (ankle->MTP); =180-(elev_foot-elev_shank)
catavitello2015_retrievers,walk,tarsus,62,156.65,5.74,6,180=straight; included tibia vs metatarsus (ankle->MTP); =180-(elev_foot-elev_shank)
catavitello2015_retrievers,walk,tarsus,63,154.84,5.11,6,180=straight; included tibia vs metatarsus (ankle->MTP); =180-(elev_foot-elev_shank)
catavitello2015_retrievers,walk,tarsus,64,152.66,4.64,6,180=straight; included tibia vs metatarsus (ankle->MTP); =180-(elev_foot-elev_shank)
catavitello2015_retrievers,walk,tarsus,65,150.1,4.31,6,180=straight; included tibia vs metatarsus (ankle->MTP); =180-(elev_foot-elev_shank)
catavitello2015_retrievers,walk,tarsus,66,147.36,4.19,6,180=straight; included tibia vs metatarsus (ankle->MTP); =180-(elev_foot-elev_shank)
catavitello2015_retrievers,walk,tarsus,67,144.38,4.17,6,180=straight; included tibia vs metatarsus (ankle->MTP); =180-(elev_foot-elev_shank)
catavitello2015_retrievers,walk,tarsus,68,141.36,4.27,6,180=straight; included tibia vs metatarsus (ankle->MTP); =180-(elev_foot-elev_shank)
catavitello2015_retrievers,walk,tarsus,69,138.32,4.32,6,180=straight; included tibia vs metatarsus (ankle->MTP); =180-(elev_foot-elev_shank)
catavitello2015_retrievers,walk,tarsus,70,135.41,4.34,6,180=straight; included tibia vs metatarsus (ankle->MTP); =180-(elev_foot-elev_shank)
catavitello2015_retrievers,walk,tarsus,71,132.63,4.32,6,180=straight; included tibia vs metatarsus (ankle->MTP); =180-(elev_foot-elev_shank)
catavitello2015_retrievers,walk,tarsus,72,130.05,4.29,6,180=straight; included tibia vs metatarsus (ankle->MTP); =180-(elev_foot-elev_shank)
catavitello2015_retrievers,walk,tarsus,73,127.76,4.33,6,180=straight; included tibia vs metatarsus (ankle->MTP); =180-(elev_foot-elev_shank)
catavitello2015_retrievers,walk,tarsus,74,125.67,4.41,6,180=straight; included tibia vs metatarsus (ankle->MTP); =180-(elev_foot-elev_shank)
catavitello2015_retrievers,walk,tarsus,75,123.89,4.57,6,180=straight; included tibia vs metatarsus (ankle->MTP); =180-(elev_foot-elev_shank)
catavitello2015_retrievers,walk,tarsus,76,122.39,4.92,6,180=straight; included tibia vs metatarsus (ankle->MTP); =180-(elev_foot-elev_shank)
catavitello2015_retrievers,walk,tarsus,77,121.14,5.2,6,180=straight; included tibia vs metatarsus (ankle->MTP); =180-(elev_foot-elev_shank)
catavitello2015_retrievers,walk,tarsus,78,120.26,5.6,6,180=straight; included tibia vs metatarsus (ankle->MTP); =180-(elev_foot-elev_shank)
catavitello2015_retrievers,walk,tarsus,79,119.63,5.91,6,180=straight; included tibia vs metatarsus (ankle->MTP); =180-(elev_foot-elev_shank)
catavitello2015_retrievers,walk,tarsus,80,119.41,6.14,6,180=straight; included tibia vs metatarsus (ankle->MTP); =180-(elev_foot-elev_shank)
catavitello2015_retrievers,walk,tarsus,81,119.54,6.36,6,180=straight; included tibia vs metatarsus (ankle->MTP); =180-(elev_foot-elev_shank)
catavitello2015_retrievers,walk,tarsus,82,119.99,6.42,6,180=straight; included tibia vs metatarsus (ankle->MTP); =180-(elev_foot-elev_shank)
catavitello2015_retrievers,walk,tarsus,83,120.94,6.5,6,180=straight; included tibia vs metatarsus (ankle->MTP); =180-(elev_foot-elev_shank)
catavitello2015_retrievers,walk,tarsus,84,122.24,6.46,6,180=straight; included tibia vs metatarsus (ankle->MTP); =180-(elev_foot-elev_shank)
catavitello2015_retrievers,walk,tarsus,85,123.93,6.37,6,180=straight; included tibia vs metatarsus (ankle->MTP); =180-(elev_foot-elev_shank)
catavitello2015_retrievers,walk,tarsus,86,125.99,6.34,6,180=straight; included tibia vs metatarsus (ankle->MTP); =180-(elev_foot-elev_shank)
catavitello2015_retrievers,walk,tarsus,87,128.28,6.2,6,180=straight; included tibia vs metatarsus (ankle->MTP); =180-(elev_foot-elev_shank)
catavitello2015_retrievers,walk,tarsus,88,130.8,6.14,6,180=straight; included tibia vs metatarsus (ankle->MTP); =180-(elev_foot-elev_shank)
catavitello2015_retrievers,walk,tarsus,89,133.42,6.08,6,180=straight; included tibia vs metatarsus (ankle->MTP); =180-(elev_foot-elev_shank)
catavitello2015_retrievers,walk,tarsus,90,136.02,6.04,6,180=straight; included tibia vs metatarsus (ankle->MTP); =180-(elev_foot-elev_shank)
catavitello2015_retrievers,walk,tarsus,91,138.5,6.01,6,180=straight; included tibia vs metatarsus (ankle->MTP); =180-(elev_foot-elev_shank)
catavitello2015_retrievers,walk,tarsus,92,140.76,6.03,6,180=straight; included tibia vs metatarsus (ankle->MTP); =180-(elev_foot-elev_shank)
catavitello2015_retrievers,walk,tarsus,93,142.73,6.01,6,180=straight; included tibia vs metatarsus (ankle->MTP); =180-(elev_foot-elev_shank)
catavitello2015_retrievers,walk,tarsus,94,144.16,5.94,6,180=straight; included tibia vs metatarsus (ankle->MTP); =180-(elev_foot-elev_shank)
catavitello2015_retrievers,walk,tarsus,95,145.41,6.0,6,180=straight; included tibia vs metatarsus (ankle->MTP); =180-(elev_foot-elev_shank)
catavitello2015_retrievers,walk,tarsus,96,145.87,5.82,6,180=straight; included tibia vs metatarsus (ankle->MTP); =180-(elev_foot-elev_shank)
catavitello2015_retrievers,walk,tarsus,97,146.04,5.77,6,180=straight; included tibia vs metatarsus (ankle->MTP); =180-(elev_foot-elev_shank)
catavitello2015_retrievers,walk,tarsus,98,145.78,5.67,6,180=straight; included tibia vs metatarsus (ankle->MTP); =180-(elev_foot-elev_shank)
catavitello2015_retrievers,walk,tarsus,99,144.95,5.51,6,180=straight; included tibia vs metatarsus (ankle->MTP); =180-(elev_foot-elev_shank)
catavitello2015_retrievers,walk,tarsus,100,144.1,5.51,6,180=straight; included tibia vs metatarsus (ankle->MTP); =180-(elev_foot-elev_shank)
humphries2020_osf_labrador,trot,shoulder,0,132.69,7.95,10,180=straight; included TS(scapular spine prox)-HH(humeral tubercle)-LEB; sagittal projection of 3D skin markers
humphries2020_osf_labrador,trot,shoulder,1,131.44,7.81,10,180=straight; included TS(scapular spine prox)-HH(humeral tubercle)-LEB; sagittal projection of 3D skin markers
humphries2020_osf_labrador,trot,shoulder,2,130.25,7.78,10,180=straight; included TS(scapular spine prox)-HH(humeral tubercle)-LEB; sagittal projection of 3D skin markers
humphries2020_osf_labrador,trot,shoulder,3,128.97,7.74,10,180=straight; included TS(scapular spine prox)-HH(humeral tubercle)-LEB; sagittal projection of 3D skin markers
humphries2020_osf_labrador,trot,shoulder,4,127.3,7.34,10,180=straight; included TS(scapular spine prox)-HH(humeral tubercle)-LEB; sagittal projection of 3D skin markers
humphries2020_osf_labrador,trot,shoulder,5,125.35,7.25,10,180=straight; included TS(scapular spine prox)-HH(humeral tubercle)-LEB; sagittal projection of 3D skin markers
humphries2020_osf_labrador,trot,shoulder,6,123.46,7.23,10,180=straight; included TS(scapular spine prox)-HH(humeral tubercle)-LEB; sagittal projection of 3D skin markers
humphries2020_osf_labrador,trot,shoulder,7,121.8,7.01,10,180=straight; included TS(scapular spine prox)-HH(humeral tubercle)-LEB; sagittal projection of 3D skin markers
humphries2020_osf_labrador,trot,shoulder,8,120.3,7.04,10,180=straight; included TS(scapular spine prox)-HH(humeral tubercle)-LEB; sagittal projection of 3D skin markers
humphries2020_osf_labrador,trot,shoulder,9,119.0,7.11,10,180=straight; included TS(scapular spine prox)-HH(humeral tubercle)-LEB; sagittal projection of 3D skin markers
humphries2020_osf_labrador,trot,shoulder,10,118.01,7.13,10,180=straight; included TS(scapular spine prox)-HH(humeral tubercle)-LEB; sagittal projection of 3D skin markers
humphries2020_osf_labrador,trot,shoulder,11,117.19,7.14,10,180=straight; included TS(scapular spine prox)-HH(humeral tubercle)-LEB; sagittal projection of 3D skin markers
humphries2020_osf_labrador,trot,shoulder,12,116.58,7.3,10,180=straight; included TS(scapular spine prox)-HH(humeral tubercle)-LEB; sagittal projection of 3D skin markers
humphries2020_osf_labrador,trot,shoulder,13,116.11,7.42,10,180=straight; included TS(scapular spine prox)-HH(humeral tubercle)-LEB; sagittal projection of 3D skin markers
humphries2020_osf_labrador,trot,shoulder,14,115.79,7.59,10,180=straight; included TS(scapular spine prox)-HH(humeral tubercle)-LEB; sagittal projection of 3D skin markers
humphries2020_osf_labrador,trot,shoulder,15,115.71,7.74,10,180=straight; included TS(scapular spine prox)-HH(humeral tubercle)-LEB; sagittal projection of 3D skin markers
humphries2020_osf_labrador,trot,shoulder,16,115.66,7.9,10,180=straight; included TS(scapular spine prox)-HH(humeral tubercle)-LEB; sagittal projection of 3D skin markers
humphries2020_osf_labrador,trot,shoulder,17,115.76,8.12,10,180=straight; included TS(scapular spine prox)-HH(humeral tubercle)-LEB; sagittal projection of 3D skin markers
humphries2020_osf_labrador,trot,shoulder,18,115.88,8.37,10,180=straight; included TS(scapular spine prox)-HH(humeral tubercle)-LEB; sagittal projection of 3D skin markers
humphries2020_osf_labrador,trot,shoulder,19,116.1,8.5,10,180=straight; included TS(scapular spine prox)-HH(humeral tubercle)-LEB; sagittal projection of 3D skin markers
humphries2020_osf_labrador,trot,shoulder,20,116.28,8.62,10,180=straight; included TS(scapular spine prox)-HH(humeral tubercle)-LEB; sagittal projection of 3D skin markers
humphries2020_osf_labrador,trot,shoulder,21,116.42,8.98,10,180=straight; included TS(scapular spine prox)-HH(humeral tubercle)-LEB; sagittal projection of 3D skin markers
humphries2020_osf_labrador,trot,shoulder,22,116.49,9.4,10,180=straight; included TS(scapular spine prox)-HH(humeral tubercle)-LEB; sagittal projection of 3D skin markers
humphries2020_osf_labrador,trot,shoulder,23,116.7,9.82,10,180=straight; included TS(scapular spine prox)-HH(humeral tubercle)-LEB; sagittal projection of 3D skin markers
humphries2020_osf_labrador,trot,shoulder,24,116.61,10.22,10,180=straight; included TS(scapular spine prox)-HH(humeral tubercle)-LEB; sagittal projection of 3D skin markers
humphries2020_osf_labrador,trot,shoulder,25,116.33,10.73,10,180=straight; included TS(scapular spine prox)-HH(humeral tubercle)-LEB; sagittal projection of 3D skin markers
humphries2020_osf_labrador,trot,shoulder,26,116.37,11.0,10,180=straight; included TS(scapular spine prox)-HH(humeral tubercle)-LEB; sagittal projection of 3D skin markers
humphries2020_osf_labrador,trot,shoulder,27,116.34,11.32,10,180=straight; included TS(scapular spine prox)-HH(humeral tubercle)-LEB; sagittal projection of 3D skin markers
humphries2020_osf_labrador,trot,shoulder,28,116.23,11.48,10,180=straight; included TS(scapular spine prox)-HH(humeral tubercle)-LEB; sagittal projection of 3D skin markers
humphries2020_osf_labrador,trot,shoulder,29,116.01,11.61,10,180=straight; included TS(scapular spine prox)-HH(humeral tubercle)-LEB; sagittal projection of 3D skin markers
humphries2020_osf_labrador,trot,shoulder,30,115.54,11.86,10,180=straight; included TS(scapular spine prox)-HH(humeral tubercle)-LEB; sagittal projection of 3D skin markers
humphries2020_osf_labrador,trot,shoulder,31,115.29,11.94,10,180=straight; included TS(scapular spine prox)-HH(humeral tubercle)-LEB; sagittal projection of 3D skin markers
humphries2020_osf_labrador,trot,shoulder,32,115.06,11.98,10,180=straight; included TS(scapular spine prox)-HH(humeral tubercle)-LEB; sagittal projection of 3D skin markers
humphries2020_osf_labrador,trot,shoulder,33,114.86,11.99,10,180=straight; included TS(scapular spine prox)-HH(humeral tubercle)-LEB; sagittal projection of 3D skin markers
humphries2020_osf_labrador,trot,shoulder,34,114.57,11.89,10,180=straight; included TS(scapular spine prox)-HH(humeral tubercle)-LEB; sagittal projection of 3D skin markers
humphries2020_osf_labrador,trot,shoulder,35,114.44,11.63,10,180=straight; included TS(scapular spine prox)-HH(humeral tubercle)-LEB; sagittal projection of 3D skin markers
humphries2020_osf_labrador,trot,shoulder,36,114.17,11.37,10,180=straight; included TS(scapular spine prox)-HH(humeral tubercle)-LEB; sagittal projection of 3D skin markers
humphries2020_osf_labrador,trot,shoulder,37,113.82,11.07,10,180=straight; included TS(scapular spine prox)-HH(humeral tubercle)-LEB; sagittal projection of 3D skin markers
humphries2020_osf_labrador,trot,shoulder,38,113.38,10.77,10,180=straight; included TS(scapular spine prox)-HH(humeral tubercle)-LEB; sagittal projection of 3D skin markers
humphries2020_osf_labrador,trot,shoulder,39,112.8,10.39,10,180=straight; included TS(scapular spine prox)-HH(humeral tubercle)-LEB; sagittal projection of 3D skin markers
humphries2020_osf_labrador,trot,shoulder,40,112.4,9.81,10,180=straight; included TS(scapular spine prox)-HH(humeral tubercle)-LEB; sagittal projection of 3D skin markers
humphries2020_osf_labrador,trot,shoulder,41,111.69,9.46,10,180=straight; included TS(scapular spine prox)-HH(humeral tubercle)-LEB; sagittal projection of 3D skin markers
humphries2020_osf_labrador,trot,shoulder,42,110.65,9.4,10,180=straight; included TS(scapular spine prox)-HH(humeral tubercle)-LEB; sagittal projection of 3D skin markers
humphries2020_osf_labrador,trot,shoulder,43,109.63,9.47,10,180=straight; included TS(scapular spine prox)-HH(humeral tubercle)-LEB; sagittal projection of 3D skin markers
humphries2020_osf_labrador,trot,shoulder,44,108.68,9.65,10,180=straight; included TS(scapular spine prox)-HH(humeral tubercle)-LEB; sagittal projection of 3D skin markers
humphries2020_osf_labrador,trot,shoulder,45,107.83,10.02,10,180=straight; included TS(scapular spine prox)-HH(humeral tubercle)-LEB; sagittal projection of 3D skin markers
humphries2020_osf_labrador,trot,shoulder,46,107.4,10.0,10,180=straight; included TS(scapular spine prox)-HH(humeral tubercle)-LEB; sagittal projection of 3D skin markers
humphries2020_osf_labrador,trot,shoulder,47,106.76,10.0,10,180=straight; included TS(scapular spine prox)-HH(humeral tubercle)-LEB; sagittal projection of 3D skin markers
humphries2020_osf_labrador,trot,shoulder,48,106.05,10.08,10,180=straight; included TS(scapular spine prox)-HH(humeral tubercle)-LEB; sagittal projection of 3D skin markers
humphries2020_osf_labrador,trot,shoulder,49,105.49,10.23,10,180=straight; included TS(scapular spine prox)-HH(humeral tubercle)-LEB; sagittal projection of 3D skin markers
humphries2020_osf_labrador,trot,shoulder,50,105.14,10.2,10,180=straight; included TS(scapular spine prox)-HH(humeral tubercle)-LEB; sagittal projection of 3D skin markers
humphries2020_osf_labrador,trot,shoulder,51,104.82,10.12,10,180=straight; included TS(scapular spine prox)-HH(humeral tubercle)-LEB; sagittal projection of 3D skin markers
humphries2020_osf_labrador,trot,shoulder,52,104.34,10.2,10,180=straight; included TS(scapular spine prox)-HH(humeral tubercle)-LEB; sagittal projection of 3D skin markers
humphries2020_osf_labrador,trot,shoulder,53,104.08,10.1,10,180=straight; included TS(scapular spine prox)-HH(humeral tubercle)-LEB; sagittal projection of 3D skin markers
humphries2020_osf_labrador,trot,shoulder,54,103.79,10.08,10,180=straight; included TS(scapular spine prox)-HH(humeral tubercle)-LEB; sagittal projection of 3D skin markers
humphries2020_osf_labrador,trot,shoulder,55,103.3,10.32,10,180=straight; included TS(scapular spine prox)-HH(humeral tubercle)-LEB; sagittal projection of 3D skin markers
humphries2020_osf_labrador,trot,shoulder,56,102.97,10.44,10,180=straight; included TS(scapular spine prox)-HH(humeral tubercle)-LEB; sagittal projection of 3D skin markers
humphries2020_osf_labrador,trot,shoulder,57,102.6,10.65,10,180=straight; included TS(scapular spine prox)-HH(humeral tubercle)-LEB; sagittal projection of 3D skin markers
humphries2020_osf_labrador,trot,shoulder,58,102.24,10.83,10,180=straight; included TS(scapular spine prox)-HH(humeral tubercle)-LEB; sagittal projection of 3D skin markers
humphries2020_osf_labrador,trot,shoulder,59,101.89,10.86,10,180=straight; included TS(scapular spine prox)-HH(humeral tubercle)-LEB; sagittal projection of 3D skin markers
humphries2020_osf_labrador,trot,shoulder,60,101.57,10.84,10,180=straight; included TS(scapular spine prox)-HH(humeral tubercle)-LEB; sagittal projection of 3D skin markers
humphries2020_osf_labrador,trot,shoulder,61,101.2,10.83,10,180=straight; included TS(scapular spine prox)-HH(humeral tubercle)-LEB; sagittal projection of 3D skin markers
humphries2020_osf_labrador,trot,shoulder,62,100.87,10.71,10,180=straight; included TS(scapular spine prox)-HH(humeral tubercle)-LEB; sagittal projection of 3D skin markers
humphries2020_osf_labrador,trot,shoulder,63,100.64,10.4,10,180=straight; included TS(scapular spine prox)-HH(humeral tubercle)-LEB; sagittal projection of 3D skin markers
humphries2020_osf_labrador,trot,shoulder,64,100.44,10.12,10,180=straight; included TS(scapular spine prox)-HH(humeral tubercle)-LEB; sagittal projection of 3D skin markers
humphries2020_osf_labrador,trot,shoulder,65,100.56,9.68,10,180=straight; included TS(scapular spine prox)-HH(humeral tubercle)-LEB; sagittal projection of 3D skin markers
humphries2020_osf_labrador,trot,shoulder,66,100.76,9.39,10,180=straight; included TS(scapular spine prox)-HH(humeral tubercle)-LEB; sagittal projection of 3D skin markers
humphries2020_osf_labrador,trot,shoulder,67,101.21,8.95,10,180=straight; included TS(scapular spine prox)-HH(humeral tubercle)-LEB; sagittal projection of 3D skin markers
humphries2020_osf_labrador,trot,shoulder,68,101.19,8.81,10,180=straight; included TS(scapular spine prox)-HH(humeral tubercle)-LEB; sagittal projection of 3D skin markers
humphries2020_osf_labrador,trot,shoulder,69,101.45,8.95,10,180=straight; included TS(scapular spine prox)-HH(humeral tubercle)-LEB; sagittal projection of 3D skin markers
humphries2020_osf_labrador,trot,shoulder,70,102.55,8.87,10,180=straight; included TS(scapular spine prox)-HH(humeral tubercle)-LEB; sagittal projection of 3D skin markers
humphries2020_osf_labrador,trot,shoulder,71,103.55,8.97,10,180=straight; included TS(scapular spine prox)-HH(humeral tubercle)-LEB; sagittal projection of 3D skin markers
humphries2020_osf_labrador,trot,shoulder,72,104.63,9.02,10,180=straight; included TS(scapular spine prox)-HH(humeral tubercle)-LEB; sagittal projection of 3D skin markers
humphries2020_osf_labrador,trot,shoulder,73,105.88,9.2,10,180=straight; included TS(scapular spine prox)-HH(humeral tubercle)-LEB; sagittal projection of 3D skin markers
humphries2020_osf_labrador,trot,shoulder,74,107.2,9.35,10,180=straight; included TS(scapular spine prox)-HH(humeral tubercle)-LEB; sagittal projection of 3D skin markers
humphries2020_osf_labrador,trot,shoulder,75,108.53,9.46,10,180=straight; included TS(scapular spine prox)-HH(humeral tubercle)-LEB; sagittal projection of 3D skin markers
humphries2020_osf_labrador,trot,shoulder,76,109.97,9.61,10,180=straight; included TS(scapular spine prox)-HH(humeral tubercle)-LEB; sagittal projection of 3D skin markers
humphries2020_osf_labrador,trot,shoulder,77,111.52,9.8,10,180=straight; included TS(scapular spine prox)-HH(humeral tubercle)-LEB; sagittal projection of 3D skin markers
humphries2020_osf_labrador,trot,shoulder,78,113.08,9.95,10,180=straight; included TS(scapular spine prox)-HH(humeral tubercle)-LEB; sagittal projection of 3D skin markers
humphries2020_osf_labrador,trot,shoulder,79,114.55,10.12,10,180=straight; included TS(scapular spine prox)-HH(humeral tubercle)-LEB; sagittal projection of 3D skin markers
humphries2020_osf_labrador,trot,shoulder,80,116.11,10.26,10,180=straight; included TS(scapular spine prox)-HH(humeral tubercle)-LEB; sagittal projection of 3D skin markers
humphries2020_osf_labrador,trot,shoulder,81,117.7,10.22,10,180=straight; included TS(scapular spine prox)-HH(humeral tubercle)-LEB; sagittal projection of 3D skin markers
humphries2020_osf_labrador,trot,shoulder,82,119.22,10.34,10,180=straight; included TS(scapular spine prox)-HH(humeral tubercle)-LEB; sagittal projection of 3D skin markers
humphries2020_osf_labrador,trot,shoulder,83,120.74,10.63,10,180=straight; included TS(scapular spine prox)-HH(humeral tubercle)-LEB; sagittal projection of 3D skin markers
humphries2020_osf_labrador,trot,shoulder,84,122.15,10.66,10,180=straight; included TS(scapular spine prox)-HH(humeral tubercle)-LEB; sagittal projection of 3D skin markers
humphries2020_osf_labrador,trot,shoulder,85,123.77,10.63,10,180=straight; included TS(scapular spine prox)-HH(humeral tubercle)-LEB; sagittal projection of 3D skin markers
humphries2020_osf_labrador,trot,shoulder,86,124.77,10.88,10,180=straight; included TS(scapular spine prox)-HH(humeral tubercle)-LEB; sagittal projection of 3D skin markers
humphries2020_osf_labrador,trot,shoulder,87,126.03,10.9,10,180=straight; included TS(scapular spine prox)-HH(humeral tubercle)-LEB; sagittal projection of 3D skin markers
humphries2020_osf_labrador,trot,shoulder,88,127.25,10.85,10,180=straight; included TS(scapular spine prox)-HH(humeral tubercle)-LEB; sagittal projection of 3D skin markers
humphries2020_osf_labrador,trot,shoulder,89,128.41,10.79,10,180=straight; included TS(scapular spine prox)-HH(humeral tubercle)-LEB; sagittal projection of 3D skin markers
humphries2020_osf_labrador,trot,shoulder,90,129.59,10.72,10,180=straight; included TS(scapular spine prox)-HH(humeral tubercle)-LEB; sagittal projection of 3D skin markers
humphries2020_osf_labrador,trot,shoulder,91,131.18,10.45,10,180=straight; included TS(scapular spine prox)-HH(humeral tubercle)-LEB; sagittal projection of 3D skin markers
humphries2020_osf_labrador,trot,shoulder,92,132.45,10.11,10,180=straight; included TS(scapular spine prox)-HH(humeral tubercle)-LEB; sagittal projection of 3D skin markers
humphries2020_osf_labrador,trot,shoulder,93,133.3,9.77,10,180=straight; included TS(scapular spine prox)-HH(humeral tubercle)-LEB; sagittal projection of 3D skin markers
humphries2020_osf_labrador,trot,shoulder,94,133.83,9.38,10,180=straight; included TS(scapular spine prox)-HH(humeral tubercle)-LEB; sagittal projection of 3D skin markers
humphries2020_osf_labrador,trot,shoulder,95,133.61,9.26,10,180=straight; included TS(scapular spine prox)-HH(humeral tubercle)-LEB; sagittal projection of 3D skin markers
humphries2020_osf_labrador,trot,shoulder,96,133.05,9.35,10,180=straight; included TS(scapular spine prox)-HH(humeral tubercle)-LEB; sagittal projection of 3D skin markers
humphries2020_osf_labrador,trot,shoulder,97,132.47,9.4,10,180=straight; included TS(scapular spine prox)-HH(humeral tubercle)-LEB; sagittal projection of 3D skin markers
humphries2020_osf_labrador,trot,shoulder,98,132.24,9.12,10,180=straight; included TS(scapular spine prox)-HH(humeral tubercle)-LEB; sagittal projection of 3D skin markers
humphries2020_osf_labrador,trot,shoulder,99,131.83,8.79,10,180=straight; included TS(scapular spine prox)-HH(humeral tubercle)-LEB; sagittal projection of 3D skin markers
humphries2020_osf_labrador,trot,shoulder,100,131.01,8.49,10,180=straight; included TS(scapular spine prox)-HH(humeral tubercle)-LEB; sagittal projection of 3D skin markers
humphries2020_osf_labrador,trot,elbow,0,132.13,5.29,10,180=straight; included HH-LEB-LCP(lateral styloid)
humphries2020_osf_labrador,trot,elbow,1,131.86,4.89,10,180=straight; included HH-LEB-LCP(lateral styloid)
humphries2020_osf_labrador,trot,elbow,2,131.58,4.59,10,180=straight; included HH-LEB-LCP(lateral styloid)
humphries2020_osf_labrador,trot,elbow,3,131.04,4.49,10,180=straight; included HH-LEB-LCP(lateral styloid)
humphries2020_osf_labrador,trot,elbow,4,129.94,4.46,10,180=straight; included HH-LEB-LCP(lateral styloid)
humphries2020_osf_labrador,trot,elbow,5,128.45,4.91,10,180=straight; included HH-LEB-LCP(lateral styloid)
humphries2020_osf_labrador,trot,elbow,6,126.73,5.17,10,180=straight; included HH-LEB-LCP(lateral styloid)
humphries2020_osf_labrador,trot,elbow,7,124.75,5.2,10,180=straight; included HH-LEB-LCP(lateral styloid)
humphries2020_osf_labrador,trot,elbow,8,122.48,5.32,10,180=straight; included HH-LEB-LCP(lateral styloid)
humphries2020_osf_labrador,trot,elbow,9,120.3,5.27,10,180=straight; included HH-LEB-LCP(lateral styloid)
humphries2020_osf_labrador,trot,elbow,10,118.35,5.15,10,180=straight; included HH-LEB-LCP(lateral styloid)
humphries2020_osf_labrador,trot,elbow,11,116.62,5.25,10,180=straight; included HH-LEB-LCP(lateral styloid)
humphries2020_osf_labrador,trot,elbow,12,115.31,5.32,10,180=straight; included HH-LEB-LCP(lateral styloid)
humphries2020_osf_labrador,trot,elbow,13,114.33,5.45,10,180=straight; included HH-LEB-LCP(lateral styloid)
humphries2020_osf_labrador,trot,elbow,14,113.65,5.7,10,180=straight; included HH-LEB-LCP(lateral styloid)
humphries2020_osf_labrador,trot,elbow,15,113.35,5.91,10,180=straight; included HH-LEB-LCP(lateral styloid)
humphries2020_osf_labrador,trot,elbow,16,113.27,6.42,10,180=straight; included HH-LEB-LCP(lateral styloid)
humphries2020_osf_labrador,trot,elbow,17,113.63,6.64,10,180=straight; included HH-LEB-LCP(lateral styloid)
humphries2020_osf_labrador,trot,elbow,18,114.13,6.92,10,180=straight; included HH-LEB-LCP(lateral styloid)
humphries2020_osf_labrador,trot,elbow,19,114.74,7.1,10,180=straight; included HH-LEB-LCP(lateral styloid)
humphries2020_osf_labrador,trot,elbow,20,115.5,7.22,10,180=straight; included HH-LEB-LCP(lateral styloid)
humphries2020_osf_labrador,trot,elbow,21,116.13,7.6,10,180=straight; included HH-LEB-LCP(lateral styloid)
humphries2020_osf_labrador,trot,elbow,22,117.21,7.77,10,180=straight; included HH-LEB-LCP(lateral styloid)
humphries2020_osf_labrador,trot,elbow,23,118.62,7.74,10,180=straight; included HH-LEB-LCP(lateral styloid)
humphries2020_osf_labrador,trot,elbow,24,119.45,7.87,10,180=straight; included HH-LEB-LCP(lateral styloid)
humphries2020_osf_labrador,trot,elbow,25,119.94,8.1,10,180=straight; included HH-LEB-LCP(lateral styloid)
humphries2020_osf_labrador,trot,elbow,26,120.73,8.16,10,180=straight; included HH-LEB-LCP(lateral styloid)
humphries2020_osf_labrador,trot,elbow,27,121.53,8.24,10,180=straight; included HH-LEB-LCP(lateral styloid)
humphries2020_osf_labrador,trot,elbow,28,122.41,8.21,10,180=straight; included HH-LEB-LCP(lateral styloid)
humphries2020_osf_labrador,trot,elbow,29,123.21,8.2,10,180=straight; included HH-LEB-LCP(lateral styloid)
humphries2020_osf_labrador,trot,elbow,30,123.91,8.26,10,180=straight; included HH-LEB-LCP(lateral styloid)
humphries2020_osf_labrador,trot,elbow,31,124.84,8.24,10,180=straight; included HH-LEB-LCP(lateral styloid)
humphries2020_osf_labrador,trot,elbow,32,125.73,8.41,10,180=straight; included HH-LEB-LCP(lateral styloid)
humphries2020_osf_labrador,trot,elbow,33,126.78,8.65,10,180=straight; included HH-LEB-LCP(lateral styloid)
humphries2020_osf_labrador,trot,elbow,34,127.81,8.86,10,180=straight; included HH-LEB-LCP(lateral styloid)
humphries2020_osf_labrador,trot,elbow,35,129.04,8.75,10,180=straight; included HH-LEB-LCP(lateral styloid)
humphries2020_osf_labrador,trot,elbow,36,130.11,8.89,10,180=straight; included HH-LEB-LCP(lateral styloid)
humphries2020_osf_labrador,trot,elbow,37,131.06,8.86,10,180=straight; included HH-LEB-LCP(lateral styloid)
humphries2020_osf_labrador,trot,elbow,38,132.01,8.83,10,180=straight; included HH-LEB-LCP(lateral styloid)
humphries2020_osf_labrador,trot,elbow,39,132.82,8.87,10,180=straight; included HH-LEB-LCP(lateral styloid)
humphries2020_osf_labrador,trot,elbow,40,133.52,8.7,10,180=straight; included HH-LEB-LCP(lateral styloid)
humphries2020_osf_labrador,trot,elbow,41,133.83,8.56,10,180=straight; included HH-LEB-LCP(lateral styloid)
humphries2020_osf_labrador,trot,elbow,42,133.89,8.55,10,180=straight; included HH-LEB-LCP(lateral styloid)
humphries2020_osf_labrador,trot,elbow,43,133.87,8.33,10,180=straight; included HH-LEB-LCP(lateral styloid)
humphries2020_osf_labrador,trot,elbow,44,133.35,8.44,10,180=straight; included HH-LEB-LCP(lateral styloid)
humphries2020_osf_labrador,trot,elbow,45,132.65,8.91,10,180=straight; included HH-LEB-LCP(lateral styloid)
humphries2020_osf_labrador,trot,elbow,46,131.76,9.57,10,180=straight; included HH-LEB-LCP(lateral styloid)
humphries2020_osf_labrador,trot,elbow,47,130.48,10.07,10,180=straight; included HH-LEB-LCP(lateral styloid)
humphries2020_osf_labrador,trot,elbow,48,129.04,10.4,10,180=straight; included HH-LEB-LCP(lateral styloid)
humphries2020_osf_labrador,trot,elbow,49,127.3,10.51,10,180=straight; included HH-LEB-LCP(lateral styloid)
humphries2020_osf_labrador,trot,elbow,50,125.33,10.52,10,180=straight; included HH-LEB-LCP(lateral styloid)
humphries2020_osf_labrador,trot,elbow,51,123.24,10.14,10,180=straight; included HH-LEB-LCP(lateral styloid)
humphries2020_osf_labrador,trot,elbow,52,121.22,9.65,10,180=straight; included HH-LEB-LCP(lateral styloid)
humphries2020_osf_labrador,trot,elbow,53,118.97,9.06,10,180=straight; included HH-LEB-LCP(lateral styloid)
humphries2020_osf_labrador,trot,elbow,54,116.58,8.44,10,180=straight; included HH-LEB-LCP(lateral styloid)
humphries2020_osf_labrador,trot,elbow,55,113.8,8.01,10,180=straight; included HH-LEB-LCP(lateral styloid)
humphries2020_osf_labrador,trot,elbow,56,110.92,7.95,10,180=straight; included HH-LEB-LCP(lateral styloid)
humphries2020_osf_labrador,trot,elbow,57,108.26,7.92,10,180=straight; included HH-LEB-LCP(lateral styloid)
humphries2020_osf_labrador,trot,elbow,58,105.61,7.94,10,180=straight; included HH-LEB-LCP(lateral styloid)
humphries2020_osf_labrador,trot,elbow,59,102.65,7.9,10,180=straight; included HH-LEB-LCP(lateral styloid)
humphries2020_osf_labrador,trot,elbow,60,99.81,7.65,10,180=straight; included HH-LEB-LCP(lateral styloid)
humphries2020_osf_labrador,trot,elbow,61,96.92,7.48,10,180=straight; included HH-LEB-LCP(lateral styloid)
humphries2020_osf_labrador,trot,elbow,62,94.26,7.4,10,180=straight; included HH-LEB-LCP(lateral styloid)
humphries2020_osf_labrador,trot,elbow,63,91.44,6.74,10,180=straight; included HH-LEB-LCP(lateral styloid)
humphries2020_osf_labrador,trot,elbow,64,88.91,6.49,10,180=straight; included HH-LEB-LCP(lateral styloid)
humphries2020_osf_labrador,trot,elbow,65,86.65,6.54,10,180=straight; included HH-LEB-LCP(lateral styloid)
humphries2020_osf_labrador,trot,elbow,66,84.63,7.14,10,180=straight; included HH-LEB-LCP(lateral styloid)
humphries2020_osf_labrador,trot,elbow,67,82.91,8.24,10,180=straight; included HH-LEB-LCP(lateral styloid)
humphries2020_osf_labrador,trot,elbow,68,80.34,7.32,10,180=straight; included HH-LEB-LCP(lateral styloid)
humphries2020_osf_labrador,trot,elbow,69,78.31,6.94,10,180=straight; included HH-LEB-LCP(lateral styloid)
humphries2020_osf_labrador,trot,elbow,70,77.63,7.62,10,180=straight; included HH-LEB-LCP(lateral styloid)
humphries2020_osf_labrador,trot,elbow,71,76.91,7.55,10,180=straight; included HH-LEB-LCP(lateral styloid)
humphries2020_osf_labrador,trot,elbow,72,76.26,7.37,10,180=straight; included HH-LEB-LCP(lateral styloid)
humphries2020_osf_labrador,trot,elbow,73,75.74,7.4,10,180=straight; included HH-LEB-LCP(lateral styloid)
humphries2020_osf_labrador,trot,elbow,74,75.61,7.28,10,180=straight; included HH-LEB-LCP(lateral styloid)
humphries2020_osf_labrador,trot,elbow,75,75.85,7.1,10,180=straight; included HH-LEB-LCP(lateral styloid)
humphries2020_osf_labrador,trot,elbow,76,76.28,7.14,10,180=straight; included HH-LEB-LCP(lateral styloid)
humphries2020_osf_labrador,trot,elbow,77,77.06,7.33,10,180=straight; included HH-LEB-LCP(lateral styloid)
humphries2020_osf_labrador,trot,elbow,78,78.5,7.26,10,180=straight; included HH-LEB-LCP(lateral styloid)
humphries2020_osf_labrador,trot,elbow,79,80.16,7.37,10,180=straight; included HH-LEB-LCP(lateral styloid)
humphries2020_osf_labrador,trot,elbow,80,81.97,7.74,10,180=straight; included HH-LEB-LCP(lateral styloid)
humphries2020_osf_labrador,trot,elbow,81,83.97,7.94,10,180=straight; included HH-LEB-LCP(lateral styloid)
humphries2020_osf_labrador,trot,elbow,82,86.44,8.35,10,180=straight; included HH-LEB-LCP(lateral styloid)
humphries2020_osf_labrador,trot,elbow,83,89.11,9.14,10,180=straight; included HH-LEB-LCP(lateral styloid)
humphries2020_osf_labrador,trot,elbow,84,92.03,9.44,10,180=straight; included HH-LEB-LCP(lateral styloid)
humphries2020_osf_labrador,trot,elbow,85,95.2,9.78,10,180=straight; included HH-LEB-LCP(lateral styloid)
humphries2020_osf_labrador,trot,elbow,86,97.96,10.23,10,180=straight; included HH-LEB-LCP(lateral styloid)
humphries2020_osf_labrador,trot,elbow,87,101.24,10.26,10,180=straight; included HH-LEB-LCP(lateral styloid)
humphries2020_osf_labrador,trot,elbow,88,104.41,10.31,10,180=straight; included HH-LEB-LCP(lateral styloid)
humphries2020_osf_labrador,trot,elbow,89,107.57,10.61,10,180=straight; included HH-LEB-LCP(lateral styloid)
humphries2020_osf_labrador,trot,elbow,90,111.09,10.61,10,180=straight; included HH-LEB-LCP(lateral styloid)
humphries2020_osf_labrador,trot,elbow,91,114.8,10.52,10,180=straight; included HH-LEB-LCP(lateral styloid)
humphries2020_osf_labrador,trot,elbow,92,118.21,10.26,10,180=straight; included HH-LEB-LCP(lateral styloid)
humphries2020_osf_labrador,trot,elbow,93,121.13,9.9,10,180=straight; included HH-LEB-LCP(lateral styloid)
humphries2020_osf_labrador,trot,elbow,94,123.89,9.09,10,180=straight; included HH-LEB-LCP(lateral styloid)
humphries2020_osf_labrador,trot,elbow,95,125.76,7.98,10,180=straight; included HH-LEB-LCP(lateral styloid)
humphries2020_osf_labrador,trot,elbow,96,127.16,7.28,10,180=straight; included HH-LEB-LCP(lateral styloid)
humphries2020_osf_labrador,trot,elbow,97,128.1,6.76,10,180=straight; included HH-LEB-LCP(lateral styloid)
humphries2020_osf_labrador,trot,elbow,98,129.1,6.27,10,180=straight; included HH-LEB-LCP(lateral styloid)
humphries2020_osf_labrador,trot,elbow,99,129.79,5.91,10,180=straight; included HH-LEB-LCP(lateral styloid)
humphries2020_osf_labrador,trot,elbow,100,129.98,5.88,10,180=straight; included HH-LEB-LCP(lateral styloid)
humphries2020_osf_labrador,trot,carpus,0,194.84,13.14,10,180=straight; included LEB-LCP-5MC on palmar side; >180 = hyperextension
humphries2020_osf_labrador,trot,carpus,1,197.51,13.16,10,180=straight; included LEB-LCP-5MC on palmar side; >180 = hyperextension
humphries2020_osf_labrador,trot,carpus,2,200.23,13.15,10,180=straight; included LEB-LCP-5MC on palmar side; >180 = hyperextension
humphries2020_osf_labrador,trot,carpus,3,202.92,13.2,10,180=straight; included LEB-LCP-5MC on palmar side; >180 = hyperextension
humphries2020_osf_labrador,trot,carpus,4,205.07,12.76,10,180=straight; included LEB-LCP-5MC on palmar side; >180 = hyperextension
humphries2020_osf_labrador,trot,carpus,5,207.06,12.38,10,180=straight; included LEB-LCP-5MC on palmar side; >180 = hyperextension
humphries2020_osf_labrador,trot,carpus,6,208.7,11.82,10,180=straight; included LEB-LCP-5MC on palmar side; >180 = hyperextension
humphries2020_osf_labrador,trot,carpus,7,209.98,11.39,10,180=straight; included LEB-LCP-5MC on palmar side; >180 = hyperextension
humphries2020_osf_labrador,trot,carpus,8,210.71,11.28,10,180=straight; included LEB-LCP-5MC on palmar side; >180 = hyperextension
humphries2020_osf_labrador,trot,carpus,9,211.16,11.53,10,180=straight; included LEB-LCP-5MC on palmar side; >180 = hyperextension
humphries2020_osf_labrador,trot,carpus,10,211.5,11.81,10,180=straight; included LEB-LCP-5MC on palmar side; >180 = hyperextension
humphries2020_osf_labrador,trot,carpus,11,211.91,12.06,10,180=straight; included LEB-LCP-5MC on palmar side; >180 = hyperextension
humphries2020_osf_labrador,trot,carpus,12,212.56,12.16,10,180=straight; included LEB-LCP-5MC on palmar side; >180 = hyperextension
humphries2020_osf_labrador,trot,carpus,13,213.1,12.31,10,180=straight; included LEB-LCP-5MC on palmar side; >180 = hyperextension
humphries2020_osf_labrador,trot,carpus,14,213.38,12.55,10,180=straight; included LEB-LCP-5MC on palmar side; >180 = hyperextension
humphries2020_osf_labrador,trot,carpus,15,213.82,12.56,10,180=straight; included LEB-LCP-5MC on palmar side; >180 = hyperextension
humphries2020_osf_labrador,trot,carpus,16,214.33,12.57,10,180=straight; included LEB-LCP-5MC on palmar side; >180 = hyperextension
humphries2020_osf_labrador,trot,carpus,17,214.8,12.52,10,180=straight; included LEB-LCP-5MC on palmar side; >180 = hyperextension
humphries2020_osf_labrador,trot,carpus,18,215.28,12.47,10,180=straight; included LEB-LCP-5MC on palmar side; >180 = hyperextension
humphries2020_osf_labrador,trot,carpus,19,215.62,12.42,10,180=straight; included LEB-LCP-5MC on palmar side; >180 = hyperextension
humphries2020_osf_labrador,trot,carpus,20,216.14,12.4,10,180=straight; included LEB-LCP-5MC on palmar side; >180 = hyperextension
humphries2020_osf_labrador,trot,carpus,21,216.48,12.28,10,180=straight; included LEB-LCP-5MC on palmar side; >180 = hyperextension
humphries2020_osf_labrador,trot,carpus,22,216.71,11.82,10,180=straight; included LEB-LCP-5MC on palmar side; >180 = hyperextension
humphries2020_osf_labrador,trot,carpus,23,217.17,11.38,10,180=straight; included LEB-LCP-5MC on palmar side; >180 = hyperextension
humphries2020_osf_labrador,trot,carpus,24,217.31,11.08,10,180=straight; included LEB-LCP-5MC on palmar side; >180 = hyperextension
humphries2020_osf_labrador,trot,carpus,25,216.62,11.08,10,180=straight; included LEB-LCP-5MC on palmar side; >180 = hyperextension
humphries2020_osf_labrador,trot,carpus,26,215.97,11.37,10,180=straight; included LEB-LCP-5MC on palmar side; >180 = hyperextension
humphries2020_osf_labrador,trot,carpus,27,215.46,11.5,10,180=straight; included LEB-LCP-5MC on palmar side; >180 = hyperextension
humphries2020_osf_labrador,trot,carpus,28,214.6,11.5,10,180=straight; included LEB-LCP-5MC on palmar side; >180 = hyperextension
humphries2020_osf_labrador,trot,carpus,29,213.64,11.62,10,180=straight; included LEB-LCP-5MC on palmar side; >180 = hyperextension
humphries2020_osf_labrador,trot,carpus,30,212.38,11.89,10,180=straight; included LEB-LCP-5MC on palmar side; >180 = hyperextension
humphries2020_osf_labrador,trot,carpus,31,211.32,11.97,10,180=straight; included LEB-LCP-5MC on palmar side; >180 = hyperextension
humphries2020_osf_labrador,trot,carpus,32,210.05,12.1,10,180=straight; included LEB-LCP-5MC on palmar side; >180 = hyperextension
humphries2020_osf_labrador,trot,carpus,33,208.73,12.42,10,180=straight; included LEB-LCP-5MC on palmar side; >180 = hyperextension
humphries2020_osf_labrador,trot,carpus,34,207.27,12.6,10,180=straight; included LEB-LCP-5MC on palmar side; >180 = hyperextension
humphries2020_osf_labrador,trot,carpus,35,205.76,12.22,10,180=straight; included LEB-LCP-5MC on palmar side; >180 = hyperextension
humphries2020_osf_labrador,trot,carpus,36,204.13,11.94,10,180=straight; included LEB-LCP-5MC on palmar side; >180 = hyperextension
humphries2020_osf_labrador,trot,carpus,37,202.11,11.58,10,180=straight; included LEB-LCP-5MC on palmar side; >180 = hyperextension
humphries2020_osf_labrador,trot,carpus,38,199.18,11.92,10,180=straight; included LEB-LCP-5MC on palmar side; >180 = hyperextension
humphries2020_osf_labrador,trot,carpus,39,195.58,12.47,10,180=straight; included LEB-LCP-5MC on palmar side; >180 = hyperextension
humphries2020_osf_labrador,trot,carpus,40,192.07,12.28,10,180=straight; included LEB-LCP-5MC on palmar side; >180 = hyperextension
humphries2020_osf_labrador,trot,carpus,41,187.94,12.36,10,180=straight; included LEB-LCP-5MC on palmar side; >180 = hyperextension
humphries2020_osf_labrador,trot,carpus,42,183.36,13.29,10,180=straight; included LEB-LCP-5MC on palmar side; >180 = hyperextension
humphries2020_osf_labrador,trot,carpus,43,178.86,14.1,10,180=straight; included LEB-LCP-5MC on palmar side; >180 = hyperextension
humphries2020_osf_labrador,trot,carpus,44,173.37,15.95,10,180=straight; included LEB-LCP-5MC on palmar side; >180 = hyperextension
humphries2020_osf_labrador,trot,carpus,45,167.32,18.33,10,180=straight; included LEB-LCP-5MC on palmar side; >180 = hyperextension
humphries2020_osf_labrador,trot,carpus,46,161.06,20.76,10,180=straight; included LEB-LCP-5MC on palmar side; >180 = hyperextension
humphries2020_osf_labrador,trot,carpus,47,154.32,22.83,10,180=straight; included LEB-LCP-5MC on palmar side; >180 = hyperextension
humphries2020_osf_labrador,trot,carpus,48,147.03,24.25,10,180=straight; included LEB-LCP-5MC on palmar side; >180 = hyperextension
humphries2020_osf_labrador,trot,carpus,49,139.58,24.86,10,180=straight; included LEB-LCP-5MC on palmar side; >180 = hyperextension
humphries2020_osf_labrador,trot,carpus,50,132.07,24.84,10,180=straight; included LEB-LCP-5MC on palmar side; >180 = hyperextension
humphries2020_osf_labrador,trot,carpus,51,125.46,24.11,10,180=straight; included LEB-LCP-5MC on palmar side; >180 = hyperextension
humphries2020_osf_labrador,trot,carpus,52,118.83,23.33,10,180=straight; included LEB-LCP-5MC on palmar side; >180 = hyperextension
humphries2020_osf_labrador,trot,carpus,53,112.21,22.81,10,180=straight; included LEB-LCP-5MC on palmar side; >180 = hyperextension
humphries2020_osf_labrador,trot,carpus,54,106.22,22.39,10,180=straight; included LEB-LCP-5MC on palmar side; >180 = hyperextension
humphries2020_osf_labrador,trot,carpus,55,101.52,21.88,10,180=straight; included LEB-LCP-5MC on palmar side; >180 = hyperextension
humphries2020_osf_labrador,trot,carpus,56,97.84,20.67,10,180=straight; included LEB-LCP-5MC on palmar side; >180 = hyperextension
humphries2020_osf_labrador,trot,carpus,57,94.49,19.09,10,180=straight; included LEB-LCP-5MC on palmar side; >180 = hyperextension
humphries2020_osf_labrador,trot,carpus,58,91.8,17.65,10,180=straight; included LEB-LCP-5MC on palmar side; >180 = hyperextension
humphries2020_osf_labrador,trot,carpus,59,89.82,16.16,10,180=straight; included LEB-LCP-5MC on palmar side; >180 = hyperextension
humphries2020_osf_labrador,trot,carpus,60,88.47,14.43,10,180=straight; included LEB-LCP-5MC on palmar side; >180 = hyperextension
humphries2020_osf_labrador,trot,carpus,61,87.53,13.0,10,180=straight; included LEB-LCP-5MC on palmar side; >180 = hyperextension
humphries2020_osf_labrador,trot,carpus,62,87.51,12.19,10,180=straight; included LEB-LCP-5MC on palmar side; >180 = hyperextension
humphries2020_osf_labrador,trot,carpus,63,87.53,10.85,10,180=straight; included LEB-LCP-5MC on palmar side; >180 = hyperextension
humphries2020_osf_labrador,trot,carpus,64,88.04,10.13,10,180=straight; included LEB-LCP-5MC on palmar side; >180 = hyperextension
humphries2020_osf_labrador,trot,carpus,65,89.1,9.75,10,180=straight; included LEB-LCP-5MC on palmar side; >180 = hyperextension
humphries2020_osf_labrador,trot,carpus,66,90.56,9.48,10,180=straight; included LEB-LCP-5MC on palmar side; >180 = hyperextension
humphries2020_osf_labrador,trot,carpus,67,92.51,9.32,10,180=straight; included LEB-LCP-5MC on palmar side; >180 = hyperextension
humphries2020_osf_labrador,trot,carpus,68,94.34,9.01,10,180=straight; included LEB-LCP-5MC on palmar side; >180 = hyperextension
humphries2020_osf_labrador,trot,carpus,69,96.34,9.33,10,180=straight; included LEB-LCP-5MC on palmar side; >180 = hyperextension
humphries2020_osf_labrador,trot,carpus,70,99.66,10.23,10,180=straight; included LEB-LCP-5MC on palmar side; >180 = hyperextension
humphries2020_osf_labrador,trot,carpus,71,103.02,11.03,10,180=straight; included LEB-LCP-5MC on palmar side; >180 = hyperextension
humphries2020_osf_labrador,trot,carpus,72,106.45,11.79,10,180=straight; included LEB-LCP-5MC on palmar side; >180 = hyperextension
humphries2020_osf_labrador,trot,carpus,73,110.2,12.41,10,180=straight; included LEB-LCP-5MC on palmar side; >180 = hyperextension
humphries2020_osf_labrador,trot,carpus,74,113.73,12.79,10,180=straight; included LEB-LCP-5MC on palmar side; >180 = hyperextension
humphries2020_osf_labrador,trot,carpus,75,117.63,12.94,10,180=straight; included LEB-LCP-5MC on palmar side; >180 = hyperextension
humphries2020_osf_labrador,trot,carpus,76,121.87,12.36,10,180=straight; included LEB-LCP-5MC on palmar side; >180 = hyperextension
humphries2020_osf_labrador,trot,carpus,77,125.32,12.12,10,180=straight; included LEB-LCP-5MC on palmar side; >180 = hyperextension
humphries2020_osf_labrador,trot,carpus,78,129.35,13.31,10,180=straight; included LEB-LCP-5MC on palmar side; >180 = hyperextension
humphries2020_osf_labrador,trot,carpus,79,134.37,14.44,10,180=straight; included LEB-LCP-5MC on palmar side; >180 = hyperextension
humphries2020_osf_labrador,trot,carpus,80,139.7,14.66,10,180=straight; included LEB-LCP-5MC on palmar side; >180 = hyperextension
humphries2020_osf_labrador,trot,carpus,81,144.93,15.31,10,180=straight; included LEB-LCP-5MC on palmar side; >180 = hyperextension
humphries2020_osf_labrador,trot,carpus,82,149.96,16.69,10,180=straight; included LEB-LCP-5MC on palmar side; >180 = hyperextension
humphries2020_osf_labrador,trot,carpus,83,155.17,17.94,10,180=straight; included LEB-LCP-5MC on palmar side; >180 = hyperextension
humphries2020_osf_labrador,trot,carpus,84,160.71,18.47,10,180=straight; included LEB-LCP-5MC on palmar side; >180 = hyperextension
humphries2020_osf_labrador,trot,carpus,85,165.76,18.5,10,180=straight; included LEB-LCP-5MC on palmar side; >180 = hyperextension
humphries2020_osf_labrador,trot,carpus,86,170.01,17.83,10,180=straight; included LEB-LCP-5MC on palmar side; >180 = hyperextension
humphries2020_osf_labrador,trot,carpus,87,173.82,16.82,10,180=straight; included LEB-LCP-5MC on palmar side; >180 = hyperextension
humphries2020_osf_labrador,trot,carpus,88,176.23,16.91,10,180=straight; included LEB-LCP-5MC on palmar side; >180 = hyperextension
humphries2020_osf_labrador,trot,carpus,89,179.88,15.81,10,180=straight; included LEB-LCP-5MC on palmar side; >180 = hyperextension
humphries2020_osf_labrador,trot,carpus,90,182.84,15.24,10,180=straight; included LEB-LCP-5MC on palmar side; >180 = hyperextension
humphries2020_osf_labrador,trot,carpus,91,184.64,14.46,10,180=straight; included LEB-LCP-5MC on palmar side; >180 = hyperextension
humphries2020_osf_labrador,trot,carpus,92,186.4,12.8,10,180=straight; included LEB-LCP-5MC on palmar side; >180 = hyperextension
humphries2020_osf_labrador,trot,carpus,93,187.21,12.26,10,180=straight; included LEB-LCP-5MC on palmar side; >180 = hyperextension
humphries2020_osf_labrador,trot,carpus,94,188.48,11.25,10,180=straight; included LEB-LCP-5MC on palmar side; >180 = hyperextension
humphries2020_osf_labrador,trot,carpus,95,190.32,9.83,10,180=straight; included LEB-LCP-5MC on palmar side; >180 = hyperextension
humphries2020_osf_labrador,trot,carpus,96,191.38,9.78,10,180=straight; included LEB-LCP-5MC on palmar side; >180 = hyperextension
humphries2020_osf_labrador,trot,carpus,97,192.1,9.88,10,180=straight; included LEB-LCP-5MC on palmar side; >180 = hyperextension
humphries2020_osf_labrador,trot,carpus,98,192.72,10.49,10,180=straight; included LEB-LCP-5MC on palmar side; >180 = hyperextension
humphries2020_osf_labrador,trot,carpus,99,193.8,11.53,10,180=straight; included LEB-LCP-5MC on palmar side; >180 = hyperextension
humphries2020_osf_labrador,trot,carpus,100,195.28,12.26,10,180=straight; included LEB-LCP-5MC on palmar side; >180 = hyperextension
humphries2020_osf_labrador,trot,hip,0,135.3,11.28,10,"180=straight; included S1(sacrum)-GT-LFC; sacrum-based (paper convention), not iliac crest"
humphries2020_osf_labrador,trot,hip,1,135.76,11.18,10,"180=straight; included S1(sacrum)-GT-LFC; sacrum-based (paper convention), not iliac crest"
humphries2020_osf_labrador,trot,hip,2,136.45,11.24,10,"180=straight; included S1(sacrum)-GT-LFC; sacrum-based (paper convention), not iliac crest"
humphries2020_osf_labrador,trot,hip,3,137.27,11.46,10,"180=straight; included S1(sacrum)-GT-LFC; sacrum-based (paper convention), not iliac crest"
humphries2020_osf_labrador,trot,hip,4,138.02,11.81,10,"180=straight; included S1(sacrum)-GT-LFC; sacrum-based (paper convention), not iliac crest"
humphries2020_osf_labrador,trot,hip,5,138.66,11.67,10,"180=straight; included S1(sacrum)-GT-LFC; sacrum-based (paper convention), not iliac crest"
humphries2020_osf_labrador,trot,hip,6,139.49,11.67,10,"180=straight; included S1(sacrum)-GT-LFC; sacrum-based (paper convention), not iliac crest"
humphries2020_osf_labrador,trot,hip,7,140.4,11.91,10,"180=straight; included S1(sacrum)-GT-LFC; sacrum-based (paper convention), not iliac crest"
humphries2020_osf_labrador,trot,hip,8,140.99,11.98,10,"180=straight; included S1(sacrum)-GT-LFC; sacrum-based (paper convention), not iliac crest"
humphries2020_osf_labrador,trot,hip,9,141.55,11.82,10,"180=straight; included S1(sacrum)-GT-LFC; sacrum-based (paper convention), not iliac crest"
humphries2020_osf_labrador,trot,hip,10,142.12,11.69,10,"180=straight; included S1(sacrum)-GT-LFC; sacrum-based (paper convention), not iliac crest"
humphries2020_osf_labrador,trot,hip,11,142.57,11.7,10,"180=straight; included S1(sacrum)-GT-LFC; sacrum-based (paper convention), not iliac crest"
humphries2020_osf_labrador,trot,hip,12,142.91,11.91,10,"180=straight; included S1(sacrum)-GT-LFC; sacrum-based (paper convention), not iliac crest"
humphries2020_osf_labrador,trot,hip,13,143.1,11.99,10,"180=straight; included S1(sacrum)-GT-LFC; sacrum-based (paper convention), not iliac crest"
humphries2020_osf_labrador,trot,hip,14,143.55,12.05,10,"180=straight; included S1(sacrum)-GT-LFC; sacrum-based (paper convention), not iliac crest"
humphries2020_osf_labrador,trot,hip,15,144.08,12.28,10,"180=straight; included S1(sacrum)-GT-LFC; sacrum-based (paper convention), not iliac crest"
humphries2020_osf_labrador,trot,hip,16,144.32,12.43,10,"180=straight; included S1(sacrum)-GT-LFC; sacrum-based (paper convention), not iliac crest"
humphries2020_osf_labrador,trot,hip,17,144.41,12.81,10,"180=straight; included S1(sacrum)-GT-LFC; sacrum-based (paper convention), not iliac crest"
humphries2020_osf_labrador,trot,hip,18,144.61,12.97,10,"180=straight; included S1(sacrum)-GT-LFC; sacrum-based (paper convention), not iliac crest"
humphries2020_osf_labrador,trot,hip,19,144.92,12.86,10,"180=straight; included S1(sacrum)-GT-LFC; sacrum-based (paper convention), not iliac crest"
humphries2020_osf_labrador,trot,hip,20,145.29,12.72,10,"180=straight; included S1(sacrum)-GT-LFC; sacrum-based (paper convention), not iliac crest"
humphries2020_osf_labrador,trot,hip,21,145.71,12.59,10,"180=straight; included S1(sacrum)-GT-LFC; sacrum-based (paper convention), not iliac crest"
humphries2020_osf_labrador,trot,hip,22,146.14,12.64,10,"180=straight; included S1(sacrum)-GT-LFC; sacrum-based (paper convention), not iliac crest"
humphries2020_osf_labrador,trot,hip,23,146.75,12.52,10,"180=straight; included S1(sacrum)-GT-LFC; sacrum-based (paper convention), not iliac crest"
humphries2020_osf_labrador,trot,hip,24,147.33,12.36,10,"180=straight; included S1(sacrum)-GT-LFC; sacrum-based (paper convention), not iliac crest"
humphries2020_osf_labrador,trot,hip,25,147.82,12.25,10,"180=straight; included S1(sacrum)-GT-LFC; sacrum-based (paper convention), not iliac crest"
humphries2020_osf_labrador,trot,hip,26,148.56,12.19,10,"180=straight; included S1(sacrum)-GT-LFC; sacrum-based (paper convention), not iliac crest"
humphries2020_osf_labrador,trot,hip,27,149.55,12.21,10,"180=straight; included S1(sacrum)-GT-LFC; sacrum-based (paper convention), not iliac crest"
humphries2020_osf_labrador,trot,hip,28,150.51,12.33,10,"180=straight; included S1(sacrum)-GT-LFC; sacrum-based (paper convention), not iliac crest"
humphries2020_osf_labrador,trot,hip,29,151.44,12.48,10,"180=straight; included S1(sacrum)-GT-LFC; sacrum-based (paper convention), not iliac crest"
humphries2020_osf_labrador,trot,hip,30,152.48,12.59,10,"180=straight; included S1(sacrum)-GT-LFC; sacrum-based (paper convention), not iliac crest"
humphries2020_osf_labrador,trot,hip,31,153.42,12.55,10,"180=straight; included S1(sacrum)-GT-LFC; sacrum-based (paper convention), not iliac crest"
humphries2020_osf_labrador,trot,hip,32,154.37,12.57,10,"180=straight; included S1(sacrum)-GT-LFC; sacrum-based (paper convention), not iliac crest"
humphries2020_osf_labrador,trot,hip,33,155.06,12.59,10,"180=straight; included S1(sacrum)-GT-LFC; sacrum-based (paper convention), not iliac crest"
humphries2020_osf_labrador,trot,hip,34,155.55,12.59,10,"180=straight; included S1(sacrum)-GT-LFC; sacrum-based (paper convention), not iliac crest"
humphries2020_osf_labrador,trot,hip,35,156.48,12.47,10,"180=straight; included S1(sacrum)-GT-LFC; sacrum-based (paper convention), not iliac crest"
humphries2020_osf_labrador,trot,hip,36,156.79,12.04,10,"180=straight; included S1(sacrum)-GT-LFC; sacrum-based (paper convention), not iliac crest"
humphries2020_osf_labrador,trot,hip,37,157.22,11.97,10,"180=straight; included S1(sacrum)-GT-LFC; sacrum-based (paper convention), not iliac crest"
humphries2020_osf_labrador,trot,hip,38,157.82,12.14,10,"180=straight; included S1(sacrum)-GT-LFC; sacrum-based (paper convention), not iliac crest"
humphries2020_osf_labrador,trot,hip,39,158.27,12.11,10,"180=straight; included S1(sacrum)-GT-LFC; sacrum-based (paper convention), not iliac crest"
humphries2020_osf_labrador,trot,hip,40,158.38,12.06,10,"180=straight; included S1(sacrum)-GT-LFC; sacrum-based (paper convention), not iliac crest"
humphries2020_osf_labrador,trot,hip,41,158.55,12.02,10,"180=straight; included S1(sacrum)-GT-LFC; sacrum-based (paper convention), not iliac crest"
humphries2020_osf_labrador,trot,hip,42,158.83,11.91,10,"180=straight; included S1(sacrum)-GT-LFC; sacrum-based (paper convention), not iliac crest"
humphries2020_osf_labrador,trot,hip,43,159.11,11.93,10,"180=straight; included S1(sacrum)-GT-LFC; sacrum-based (paper convention), not iliac crest"
humphries2020_osf_labrador,trot,hip,44,159.18,12.03,10,"180=straight; included S1(sacrum)-GT-LFC; sacrum-based (paper convention), not iliac crest"
humphries2020_osf_labrador,trot,hip,45,159.01,12.03,10,"180=straight; included S1(sacrum)-GT-LFC; sacrum-based (paper convention), not iliac crest"
humphries2020_osf_labrador,trot,hip,46,158.85,11.98,10,"180=straight; included S1(sacrum)-GT-LFC; sacrum-based (paper convention), not iliac crest"
humphries2020_osf_labrador,trot,hip,47,158.59,11.99,10,"180=straight; included S1(sacrum)-GT-LFC; sacrum-based (paper convention), not iliac crest"
humphries2020_osf_labrador,trot,hip,48,158.26,11.95,10,"180=straight; included S1(sacrum)-GT-LFC; sacrum-based (paper convention), not iliac crest"
humphries2020_osf_labrador,trot,hip,49,158.01,12.02,10,"180=straight; included S1(sacrum)-GT-LFC; sacrum-based (paper convention), not iliac crest"
humphries2020_osf_labrador,trot,hip,50,157.67,11.87,10,"180=straight; included S1(sacrum)-GT-LFC; sacrum-based (paper convention), not iliac crest"
humphries2020_osf_labrador,trot,hip,51,157.01,11.66,10,"180=straight; included S1(sacrum)-GT-LFC; sacrum-based (paper convention), not iliac crest"
humphries2020_osf_labrador,trot,hip,52,156.4,11.72,10,"180=straight; included S1(sacrum)-GT-LFC; sacrum-based (paper convention), not iliac crest"
humphries2020_osf_labrador,trot,hip,53,155.9,11.8,10,"180=straight; included S1(sacrum)-GT-LFC; sacrum-based (paper convention), not iliac crest"
humphries2020_osf_labrador,trot,hip,54,155.31,11.81,10,"180=straight; included S1(sacrum)-GT-LFC; sacrum-based (paper convention), not iliac crest"
humphries2020_osf_labrador,trot,hip,55,154.53,11.65,10,"180=straight; included S1(sacrum)-GT-LFC; sacrum-based (paper convention), not iliac crest"
humphries2020_osf_labrador,trot,hip,56,153.44,11.54,10,"180=straight; included S1(sacrum)-GT-LFC; sacrum-based (paper convention), not iliac crest"
humphries2020_osf_labrador,trot,hip,57,152.41,11.34,10,"180=straight; included S1(sacrum)-GT-LFC; sacrum-based (paper convention), not iliac crest"
humphries2020_osf_labrador,trot,hip,58,151.11,11.15,10,"180=straight; included S1(sacrum)-GT-LFC; sacrum-based (paper convention), not iliac crest"
humphries2020_osf_labrador,trot,hip,59,149.91,11.36,10,"180=straight; included S1(sacrum)-GT-LFC; sacrum-based (paper convention), not iliac crest"
humphries2020_osf_labrador,trot,hip,60,148.74,11.45,10,"180=straight; included S1(sacrum)-GT-LFC; sacrum-based (paper convention), not iliac crest"
humphries2020_osf_labrador,trot,hip,61,147.52,11.21,10,"180=straight; included S1(sacrum)-GT-LFC; sacrum-based (paper convention), not iliac crest"
humphries2020_osf_labrador,trot,hip,62,145.91,11.18,10,"180=straight; included S1(sacrum)-GT-LFC; sacrum-based (paper convention), not iliac crest"
humphries2020_osf_labrador,trot,hip,63,144.15,11.25,10,"180=straight; included S1(sacrum)-GT-LFC; sacrum-based (paper convention), not iliac crest"
humphries2020_osf_labrador,trot,hip,64,142.35,11.06,10,"180=straight; included S1(sacrum)-GT-LFC; sacrum-based (paper convention), not iliac crest"
humphries2020_osf_labrador,trot,hip,65,140.83,11.07,10,"180=straight; included S1(sacrum)-GT-LFC; sacrum-based (paper convention), not iliac crest"
humphries2020_osf_labrador,trot,hip,66,139.6,11.29,10,"180=straight; included S1(sacrum)-GT-LFC; sacrum-based (paper convention), not iliac crest"
humphries2020_osf_labrador,trot,hip,67,138.28,11.39,10,"180=straight; included S1(sacrum)-GT-LFC; sacrum-based (paper convention), not iliac crest"
humphries2020_osf_labrador,trot,hip,68,137.0,11.45,10,"180=straight; included S1(sacrum)-GT-LFC; sacrum-based (paper convention), not iliac crest"
humphries2020_osf_labrador,trot,hip,69,135.87,11.43,10,"180=straight; included S1(sacrum)-GT-LFC; sacrum-based (paper convention), not iliac crest"
humphries2020_osf_labrador,trot,hip,70,134.83,11.21,10,"180=straight; included S1(sacrum)-GT-LFC; sacrum-based (paper convention), not iliac crest"
humphries2020_osf_labrador,trot,hip,71,134.14,11.19,10,"180=straight; included S1(sacrum)-GT-LFC; sacrum-based (paper convention), not iliac crest"
humphries2020_osf_labrador,trot,hip,72,133.79,11.73,10,"180=straight; included S1(sacrum)-GT-LFC; sacrum-based (paper convention), not iliac crest"
humphries2020_osf_labrador,trot,hip,73,133.84,12.23,10,"180=straight; included S1(sacrum)-GT-LFC; sacrum-based (paper convention), not iliac crest"
humphries2020_osf_labrador,trot,hip,74,133.69,12.46,10,"180=straight; included S1(sacrum)-GT-LFC; sacrum-based (paper convention), not iliac crest"
humphries2020_osf_labrador,trot,hip,75,133.29,12.3,10,"180=straight; included S1(sacrum)-GT-LFC; sacrum-based (paper convention), not iliac crest"
humphries2020_osf_labrador,trot,hip,76,133.3,12.66,10,"180=straight; included S1(sacrum)-GT-LFC; sacrum-based (paper convention), not iliac crest"
humphries2020_osf_labrador,trot,hip,77,133.48,12.82,10,"180=straight; included S1(sacrum)-GT-LFC; sacrum-based (paper convention), not iliac crest"
humphries2020_osf_labrador,trot,hip,78,133.66,13.03,10,"180=straight; included S1(sacrum)-GT-LFC; sacrum-based (paper convention), not iliac crest"
humphries2020_osf_labrador,trot,hip,79,133.57,13.03,10,"180=straight; included S1(sacrum)-GT-LFC; sacrum-based (paper convention), not iliac crest"
humphries2020_osf_labrador,trot,hip,80,133.35,12.69,10,"180=straight; included S1(sacrum)-GT-LFC; sacrum-based (paper convention), not iliac crest"
humphries2020_osf_labrador,trot,hip,81,133.51,12.8,10,"180=straight; included S1(sacrum)-GT-LFC; sacrum-based (paper convention), not iliac crest"
humphries2020_osf_labrador,trot,hip,82,133.91,13.2,10,"180=straight; included S1(sacrum)-GT-LFC; sacrum-based (paper convention), not iliac crest"
humphries2020_osf_labrador,trot,hip,83,134.18,13.2,10,"180=straight; included S1(sacrum)-GT-LFC; sacrum-based (paper convention), not iliac crest"
humphries2020_osf_labrador,trot,hip,84,134.56,13.23,10,"180=straight; included S1(sacrum)-GT-LFC; sacrum-based (paper convention), not iliac crest"
humphries2020_osf_labrador,trot,hip,85,134.72,13.13,10,"180=straight; included S1(sacrum)-GT-LFC; sacrum-based (paper convention), not iliac crest"
humphries2020_osf_labrador,trot,hip,86,134.74,13.07,10,"180=straight; included S1(sacrum)-GT-LFC; sacrum-based (paper convention), not iliac crest"
humphries2020_osf_labrador,trot,hip,87,134.74,12.87,10,"180=straight; included S1(sacrum)-GT-LFC; sacrum-based (paper convention), not iliac crest"
humphries2020_osf_labrador,trot,hip,88,135.28,13.07,10,"180=straight; included S1(sacrum)-GT-LFC; sacrum-based (paper convention), not iliac crest"
humphries2020_osf_labrador,trot,hip,89,135.63,13.01,10,"180=straight; included S1(sacrum)-GT-LFC; sacrum-based (paper convention), not iliac crest"
humphries2020_osf_labrador,trot,hip,90,135.81,12.78,10,"180=straight; included S1(sacrum)-GT-LFC; sacrum-based (paper convention), not iliac crest"
humphries2020_osf_labrador,trot,hip,91,135.84,12.59,10,"180=straight; included S1(sacrum)-GT-LFC; sacrum-based (paper convention), not iliac crest"
humphries2020_osf_labrador,trot,hip,92,135.73,12.24,10,"180=straight; included S1(sacrum)-GT-LFC; sacrum-based (paper convention), not iliac crest"
humphries2020_osf_labrador,trot,hip,93,135.54,11.75,10,"180=straight; included S1(sacrum)-GT-LFC; sacrum-based (paper convention), not iliac crest"
humphries2020_osf_labrador,trot,hip,94,135.49,11.38,10,"180=straight; included S1(sacrum)-GT-LFC; sacrum-based (paper convention), not iliac crest"
humphries2020_osf_labrador,trot,hip,95,135.49,11.34,10,"180=straight; included S1(sacrum)-GT-LFC; sacrum-based (paper convention), not iliac crest"
humphries2020_osf_labrador,trot,hip,96,135.76,11.27,10,"180=straight; included S1(sacrum)-GT-LFC; sacrum-based (paper convention), not iliac crest"
humphries2020_osf_labrador,trot,hip,97,135.99,11.0,10,"180=straight; included S1(sacrum)-GT-LFC; sacrum-based (paper convention), not iliac crest"
humphries2020_osf_labrador,trot,hip,98,136.17,10.99,10,"180=straight; included S1(sacrum)-GT-LFC; sacrum-based (paper convention), not iliac crest"
humphries2020_osf_labrador,trot,hip,99,136.37,11.13,10,"180=straight; included S1(sacrum)-GT-LFC; sacrum-based (paper convention), not iliac crest"
humphries2020_osf_labrador,trot,hip,100,136.55,11.24,10,"180=straight; included S1(sacrum)-GT-LFC; sacrum-based (paper convention), not iliac crest"
humphries2020_osf_labrador,trot,stifle,0,159.81,7.19,10,180=straight; included GT-LFC-LM(lateral malleolus)
humphries2020_osf_labrador,trot,stifle,1,158.45,7.2,10,180=straight; included GT-LFC-LM(lateral malleolus)
humphries2020_osf_labrador,trot,stifle,2,157.08,7.24,10,180=straight; included GT-LFC-LM(lateral malleolus)
humphries2020_osf_labrador,trot,stifle,3,155.73,7.24,10,180=straight; included GT-LFC-LM(lateral malleolus)
humphries2020_osf_labrador,trot,stifle,4,154.35,7.19,10,180=straight; included GT-LFC-LM(lateral malleolus)
humphries2020_osf_labrador,trot,stifle,5,153.27,7.32,10,180=straight; included GT-LFC-LM(lateral malleolus)
humphries2020_osf_labrador,trot,stifle,6,152.49,7.56,10,180=straight; included GT-LFC-LM(lateral malleolus)
humphries2020_osf_labrador,trot,stifle,7,151.92,7.77,10,180=straight; included GT-LFC-LM(lateral malleolus)
humphries2020_osf_labrador,trot,stifle,8,151.29,7.85,10,180=straight; included GT-LFC-LM(lateral malleolus)
humphries2020_osf_labrador,trot,stifle,9,150.74,8.06,10,180=straight; included GT-LFC-LM(lateral malleolus)
humphries2020_osf_labrador,trot,stifle,10,150.08,8.2,10,180=straight; included GT-LFC-LM(lateral malleolus)
humphries2020_osf_labrador,trot,stifle,11,149.31,8.25,10,180=straight; included GT-LFC-LM(lateral malleolus)
humphries2020_osf_labrador,trot,stifle,12,148.54,8.33,10,180=straight; included GT-LFC-LM(lateral malleolus)
humphries2020_osf_labrador,trot,stifle,13,147.75,8.54,10,180=straight; included GT-LFC-LM(lateral malleolus)
humphries2020_osf_labrador,trot,stifle,14,147.15,8.63,10,180=straight; included GT-LFC-LM(lateral malleolus)
humphries2020_osf_labrador,trot,stifle,15,146.57,8.82,10,180=straight; included GT-LFC-LM(lateral malleolus)
humphries2020_osf_labrador,trot,stifle,16,145.91,9.25,10,180=straight; included GT-LFC-LM(lateral malleolus)
humphries2020_osf_labrador,trot,stifle,17,145.12,9.59,10,180=straight; included GT-LFC-LM(lateral malleolus)
humphries2020_osf_labrador,trot,stifle,18,144.38,9.68,10,180=straight; included GT-LFC-LM(lateral malleolus)
humphries2020_osf_labrador,trot,stifle,19,143.89,9.52,10,180=straight; included GT-LFC-LM(lateral malleolus)
humphries2020_osf_labrador,trot,stifle,20,143.61,9.51,10,180=straight; included GT-LFC-LM(lateral malleolus)
humphries2020_osf_labrador,trot,stifle,21,143.43,9.61,10,180=straight; included GT-LFC-LM(lateral malleolus)
humphries2020_osf_labrador,trot,stifle,22,143.28,9.77,10,180=straight; included GT-LFC-LM(lateral malleolus)
humphries2020_osf_labrador,trot,stifle,23,143.27,9.8,10,180=straight; included GT-LFC-LM(lateral malleolus)
humphries2020_osf_labrador,trot,stifle,24,143.29,9.79,10,180=straight; included GT-LFC-LM(lateral malleolus)
humphries2020_osf_labrador,trot,stifle,25,143.3,9.86,10,180=straight; included GT-LFC-LM(lateral malleolus)
humphries2020_osf_labrador,trot,stifle,26,143.64,9.87,10,180=straight; included GT-LFC-LM(lateral malleolus)
humphries2020_osf_labrador,trot,stifle,27,144.21,9.79,10,180=straight; included GT-LFC-LM(lateral malleolus)
humphries2020_osf_labrador,trot,stifle,28,144.84,9.9,10,180=straight; included GT-LFC-LM(lateral malleolus)
humphries2020_osf_labrador,trot,stifle,29,145.45,10.33,10,180=straight; included GT-LFC-LM(lateral malleolus)
humphries2020_osf_labrador,trot,stifle,30,146.1,10.57,10,180=straight; included GT-LFC-LM(lateral malleolus)
humphries2020_osf_labrador,trot,stifle,31,147.07,10.64,10,180=straight; included GT-LFC-LM(lateral malleolus)
humphries2020_osf_labrador,trot,stifle,32,147.78,10.81,10,180=straight; included GT-LFC-LM(lateral malleolus)
humphries2020_osf_labrador,trot,stifle,33,148.01,10.81,10,180=straight; included GT-LFC-LM(lateral malleolus)
humphries2020_osf_labrador,trot,stifle,34,148.09,10.88,10,180=straight; included GT-LFC-LM(lateral malleolus)
humphries2020_osf_labrador,trot,stifle,35,148.71,11.02,10,180=straight; included GT-LFC-LM(lateral malleolus)
humphries2020_osf_labrador,trot,stifle,36,148.99,10.86,10,180=straight; included GT-LFC-LM(lateral malleolus)
humphries2020_osf_labrador,trot,stifle,37,149.2,10.69,10,180=straight; included GT-LFC-LM(lateral malleolus)
humphries2020_osf_labrador,trot,stifle,38,149.45,10.81,10,180=straight; included GT-LFC-LM(lateral malleolus)
humphries2020_osf_labrador,trot,stifle,39,149.66,10.85,10,180=straight; included GT-LFC-LM(lateral malleolus)
humphries2020_osf_labrador,trot,stifle,40,149.54,10.65,10,180=straight; included GT-LFC-LM(lateral malleolus)
humphries2020_osf_labrador,trot,stifle,41,149.18,10.45,10,180=straight; included GT-LFC-LM(lateral malleolus)
humphries2020_osf_labrador,trot,stifle,42,148.86,10.3,10,180=straight; included GT-LFC-LM(lateral malleolus)
humphries2020_osf_labrador,trot,stifle,43,148.25,10.07,10,180=straight; included GT-LFC-LM(lateral malleolus)
humphries2020_osf_labrador,trot,stifle,44,147.32,10.06,10,180=straight; included GT-LFC-LM(lateral malleolus)
humphries2020_osf_labrador,trot,stifle,45,146.12,9.88,10,180=straight; included GT-LFC-LM(lateral malleolus)
humphries2020_osf_labrador,trot,stifle,46,144.69,9.59,10,180=straight; included GT-LFC-LM(lateral malleolus)
humphries2020_osf_labrador,trot,stifle,47,143.11,9.57,10,180=straight; included GT-LFC-LM(lateral malleolus)
humphries2020_osf_labrador,trot,stifle,48,141.36,9.41,10,180=straight; included GT-LFC-LM(lateral malleolus)
humphries2020_osf_labrador,trot,stifle,49,139.72,9.43,10,180=straight; included GT-LFC-LM(lateral malleolus)
humphries2020_osf_labrador,trot,stifle,50,137.99,9.32,10,180=straight; included GT-LFC-LM(lateral malleolus)
humphries2020_osf_labrador,trot,stifle,51,135.8,8.88,10,180=straight; included GT-LFC-LM(lateral malleolus)
humphries2020_osf_labrador,trot,stifle,52,133.25,8.94,10,180=straight; included GT-LFC-LM(lateral malleolus)
humphries2020_osf_labrador,trot,stifle,53,130.91,9.17,10,180=straight; included GT-LFC-LM(lateral malleolus)
humphries2020_osf_labrador,trot,stifle,54,128.65,9.0,10,180=straight; included GT-LFC-LM(lateral malleolus)
humphries2020_osf_labrador,trot,stifle,55,126.25,8.61,10,180=straight; included GT-LFC-LM(lateral malleolus)
humphries2020_osf_labrador,trot,stifle,56,123.77,8.54,10,180=straight; included GT-LFC-LM(lateral malleolus)
humphries2020_osf_labrador,trot,stifle,57,121.27,8.34,10,180=straight; included GT-LFC-LM(lateral malleolus)
humphries2020_osf_labrador,trot,stifle,58,118.82,8.1,10,180=straight; included GT-LFC-LM(lateral malleolus)
humphries2020_osf_labrador,trot,stifle,59,116.53,8.07,10,180=straight; included GT-LFC-LM(lateral malleolus)
humphries2020_osf_labrador,trot,stifle,60,114.29,8.19,10,180=straight; included GT-LFC-LM(lateral malleolus)
humphries2020_osf_labrador,trot,stifle,61,112.3,8.18,10,180=straight; included GT-LFC-LM(lateral malleolus)
humphries2020_osf_labrador,trot,stifle,62,110.36,8.37,10,180=straight; included GT-LFC-LM(lateral malleolus)
humphries2020_osf_labrador,trot,stifle,63,108.46,8.66,10,180=straight; included GT-LFC-LM(lateral malleolus)
humphries2020_osf_labrador,trot,stifle,64,106.76,8.97,10,180=straight; included GT-LFC-LM(lateral malleolus)
humphries2020_osf_labrador,trot,stifle,65,105.52,9.41,10,180=straight; included GT-LFC-LM(lateral malleolus)
humphries2020_osf_labrador,trot,stifle,66,104.58,9.93,10,180=straight; included GT-LFC-LM(lateral malleolus)
humphries2020_osf_labrador,trot,stifle,67,103.9,10.42,10,180=straight; included GT-LFC-LM(lateral malleolus)
humphries2020_osf_labrador,trot,stifle,68,103.68,10.98,10,180=straight; included GT-LFC-LM(lateral malleolus)
humphries2020_osf_labrador,trot,stifle,69,103.83,11.53,10,180=straight; included GT-LFC-LM(lateral malleolus)
humphries2020_osf_labrador,trot,stifle,70,104.25,12.07,10,180=straight; included GT-LFC-LM(lateral malleolus)
humphries2020_osf_labrador,trot,stifle,71,105.08,12.46,10,180=straight; included GT-LFC-LM(lateral malleolus)
humphries2020_osf_labrador,trot,stifle,72,106.3,12.88,10,180=straight; included GT-LFC-LM(lateral malleolus)
humphries2020_osf_labrador,trot,stifle,73,108.21,13.44,10,180=straight; included GT-LFC-LM(lateral malleolus)
humphries2020_osf_labrador,trot,stifle,74,110.11,13.73,10,180=straight; included GT-LFC-LM(lateral malleolus)
humphries2020_osf_labrador,trot,stifle,75,111.93,13.85,10,180=straight; included GT-LFC-LM(lateral malleolus)
humphries2020_osf_labrador,trot,stifle,76,114.27,14.03,10,180=straight; included GT-LFC-LM(lateral malleolus)
humphries2020_osf_labrador,trot,stifle,77,117.02,14.2,10,180=straight; included GT-LFC-LM(lateral malleolus)
humphries2020_osf_labrador,trot,stifle,78,119.89,14.22,10,180=straight; included GT-LFC-LM(lateral malleolus)
humphries2020_osf_labrador,trot,stifle,79,122.8,14.13,10,180=straight; included GT-LFC-LM(lateral malleolus)
humphries2020_osf_labrador,trot,stifle,80,125.67,13.99,10,180=straight; included GT-LFC-LM(lateral malleolus)
humphries2020_osf_labrador,trot,stifle,81,129.25,13.99,10,180=straight; included GT-LFC-LM(lateral malleolus)
humphries2020_osf_labrador,trot,stifle,82,132.76,14.09,10,180=straight; included GT-LFC-LM(lateral malleolus)
humphries2020_osf_labrador,trot,stifle,83,136.13,13.92,10,180=straight; included GT-LFC-LM(lateral malleolus)
humphries2020_osf_labrador,trot,stifle,84,139.64,13.73,10,180=straight; included GT-LFC-LM(lateral malleolus)
humphries2020_osf_labrador,trot,stifle,85,143.09,13.64,10,180=straight; included GT-LFC-LM(lateral malleolus)
humphries2020_osf_labrador,trot,stifle,86,146.35,13.47,10,180=straight; included GT-LFC-LM(lateral malleolus)
humphries2020_osf_labrador,trot,stifle,87,149.35,12.93,10,180=straight; included GT-LFC-LM(lateral malleolus)
humphries2020_osf_labrador,trot,stifle,88,152.55,12.49,10,180=straight; included GT-LFC-LM(lateral malleolus)
humphries2020_osf_labrador,trot,stifle,89,155.53,12.03,10,180=straight; included GT-LFC-LM(lateral malleolus)
humphries2020_osf_labrador,trot,stifle,90,158.0,11.38,10,180=straight; included GT-LFC-LM(lateral malleolus)
humphries2020_osf_labrador,trot,stifle,91,159.89,10.67,10,180=straight; included GT-LFC-LM(lateral malleolus)
humphries2020_osf_labrador,trot,stifle,92,161.38,9.81,10,180=straight; included GT-LFC-LM(lateral malleolus)
humphries2020_osf_labrador,trot,stifle,93,162.41,9.24,10,180=straight; included GT-LFC-LM(lateral malleolus)
humphries2020_osf_labrador,trot,stifle,94,163.16,8.96,10,180=straight; included GT-LFC-LM(lateral malleolus)
humphries2020_osf_labrador,trot,stifle,95,163.38,8.77,10,180=straight; included GT-LFC-LM(lateral malleolus)
humphries2020_osf_labrador,trot,stifle,96,163.23,8.58,10,180=straight; included GT-LFC-LM(lateral malleolus)
humphries2020_osf_labrador,trot,stifle,97,162.8,8.41,10,180=straight; included GT-LFC-LM(lateral malleolus)
humphries2020_osf_labrador,trot,stifle,98,162.06,8.49,10,180=straight; included GT-LFC-LM(lateral malleolus)
humphries2020_osf_labrador,trot,stifle,99,161.21,8.51,10,180=straight; included GT-LFC-LM(lateral malleolus)
humphries2020_osf_labrador,trot,stifle,100,160.11,8.53,10,180=straight; included GT-LFC-LM(lateral malleolus)
humphries2020_osf_labrador,trot,tarsus,0,145.45,5.32,10,180=straight; included LFC-LM-5MT
humphries2020_osf_labrador,trot,tarsus,1,143.24,4.79,10,180=straight; included LFC-LM-5MT
humphries2020_osf_labrador,trot,tarsus,2,140.86,4.68,10,180=straight; included LFC-LM-5MT
humphries2020_osf_labrador,trot,tarsus,3,138.26,4.69,10,180=straight; included LFC-LM-5MT
humphries2020_osf_labrador,trot,tarsus,4,135.48,4.72,10,180=straight; included LFC-LM-5MT
humphries2020_osf_labrador,trot,tarsus,5,133.02,5.09,10,180=straight; included LFC-LM-5MT
humphries2020_osf_labrador,trot,tarsus,6,130.99,5.56,10,180=straight; included LFC-LM-5MT
humphries2020_osf_labrador,trot,tarsus,7,129.35,5.92,10,180=straight; included LFC-LM-5MT
humphries2020_osf_labrador,trot,tarsus,8,127.82,6.26,10,180=straight; included LFC-LM-5MT
humphries2020_osf_labrador,trot,tarsus,9,126.65,6.51,10,180=straight; included LFC-LM-5MT
humphries2020_osf_labrador,trot,tarsus,10,125.6,6.68,10,180=straight; included LFC-LM-5MT
humphries2020_osf_labrador,trot,tarsus,11,124.71,6.82,10,180=straight; included LFC-LM-5MT
humphries2020_osf_labrador,trot,tarsus,12,124.0,6.79,10,180=straight; included LFC-LM-5MT
humphries2020_osf_labrador,trot,tarsus,13,123.3,6.77,10,180=straight; included LFC-LM-5MT
humphries2020_osf_labrador,trot,tarsus,14,122.89,6.56,10,180=straight; included LFC-LM-5MT
humphries2020_osf_labrador,trot,tarsus,15,122.6,6.42,10,180=straight; included LFC-LM-5MT
humphries2020_osf_labrador,trot,tarsus,16,122.54,6.45,10,180=straight; included LFC-LM-5MT
humphries2020_osf_labrador,trot,tarsus,17,122.65,6.55,10,180=straight; included LFC-LM-5MT
humphries2020_osf_labrador,trot,tarsus,18,122.94,6.69,10,180=straight; included LFC-LM-5MT
humphries2020_osf_labrador,trot,tarsus,19,123.57,6.61,10,180=straight; included LFC-LM-5MT
humphries2020_osf_labrador,trot,tarsus,20,124.69,6.74,10,180=straight; included LFC-LM-5MT
humphries2020_osf_labrador,trot,tarsus,21,125.81,6.94,10,180=straight; included LFC-LM-5MT
humphries2020_osf_labrador,trot,tarsus,22,127.02,7.18,10,180=straight; included LFC-LM-5MT
humphries2020_osf_labrador,trot,tarsus,23,128.4,7.34,10,180=straight; included LFC-LM-5MT
humphries2020_osf_labrador,trot,tarsus,24,129.78,7.35,10,180=straight; included LFC-LM-5MT
humphries2020_osf_labrador,trot,tarsus,25,131.4,7.48,10,180=straight; included LFC-LM-5MT
humphries2020_osf_labrador,trot,tarsus,26,133.62,7.72,10,180=straight; included LFC-LM-5MT
humphries2020_osf_labrador,trot,tarsus,27,136.04,8.04,10,180=straight; included LFC-LM-5MT
humphries2020_osf_labrador,trot,tarsus,28,138.26,8.2,10,180=straight; included LFC-LM-5MT
humphries2020_osf_labrador,trot,tarsus,29,140.44,8.43,10,180=straight; included LFC-LM-5MT
humphries2020_osf_labrador,trot,tarsus,30,142.68,8.67,10,180=straight; included LFC-LM-5MT
humphries2020_osf_labrador,trot,tarsus,31,145.38,9.3,10,180=straight; included LFC-LM-5MT
humphries2020_osf_labrador,trot,tarsus,32,147.76,9.72,10,180=straight; included LFC-LM-5MT
humphries2020_osf_labrador,trot,tarsus,33,149.51,9.32,10,180=straight; included LFC-LM-5MT
humphries2020_osf_labrador,trot,tarsus,34,151.08,9.16,10,180=straight; included LFC-LM-5MT
humphries2020_osf_labrador,trot,tarsus,35,152.93,9.35,10,180=straight; included LFC-LM-5MT
humphries2020_osf_labrador,trot,tarsus,36,154.44,9.12,10,180=straight; included LFC-LM-5MT
humphries2020_osf_labrador,trot,tarsus,37,155.76,8.75,10,180=straight; included LFC-LM-5MT
humphries2020_osf_labrador,trot,tarsus,38,157.33,8.72,10,180=straight; included LFC-LM-5MT
humphries2020_osf_labrador,trot,tarsus,39,158.77,8.5,10,180=straight; included LFC-LM-5MT
humphries2020_osf_labrador,trot,tarsus,40,159.78,8.29,10,180=straight; included LFC-LM-5MT
humphries2020_osf_labrador,trot,tarsus,41,160.29,8.17,10,180=straight; included LFC-LM-5MT
humphries2020_osf_labrador,trot,tarsus,42,160.58,8.13,10,180=straight; included LFC-LM-5MT
humphries2020_osf_labrador,trot,tarsus,43,160.42,8.04,10,180=straight; included LFC-LM-5MT
humphries2020_osf_labrador,trot,tarsus,44,159.77,7.8,10,180=straight; included LFC-LM-5MT
humphries2020_osf_labrador,trot,tarsus,45,158.96,7.31,10,180=straight; included LFC-LM-5MT
humphries2020_osf_labrador,trot,tarsus,46,157.84,7.02,10,180=straight; included LFC-LM-5MT
humphries2020_osf_labrador,trot,tarsus,47,156.74,6.59,10,180=straight; included LFC-LM-5MT
humphries2020_osf_labrador,trot,tarsus,48,155.4,6.37,10,180=straight; included LFC-LM-5MT
humphries2020_osf_labrador,trot,tarsus,49,154.02,6.14,10,180=straight; included LFC-LM-5MT
humphries2020_osf_labrador,trot,tarsus,50,152.61,6.33,10,180=straight; included LFC-LM-5MT
humphries2020_osf_labrador,trot,tarsus,51,150.62,6.55,10,180=straight; included LFC-LM-5MT
humphries2020_osf_labrador,trot,tarsus,52,148.25,6.75,10,180=straight; included LFC-LM-5MT
humphries2020_osf_labrador,trot,tarsus,53,145.78,6.8,10,180=straight; included LFC-LM-5MT
humphries2020_osf_labrador,trot,tarsus,54,142.9,6.55,10,180=straight; included LFC-LM-5MT
humphries2020_osf_labrador,trot,tarsus,55,139.65,5.89,10,180=straight; included LFC-LM-5MT
humphries2020_osf_labrador,trot,tarsus,56,136.47,6.1,10,180=straight; included LFC-LM-5MT
humphries2020_osf_labrador,trot,tarsus,57,132.79,6.19,10,180=straight; included LFC-LM-5MT
humphries2020_osf_labrador,trot,tarsus,58,129.13,5.85,10,180=straight; included LFC-LM-5MT
humphries2020_osf_labrador,trot,tarsus,59,125.85,5.83,10,180=straight; included LFC-LM-5MT
humphries2020_osf_labrador,trot,tarsus,60,122.35,5.95,10,180=straight; included LFC-LM-5MT
humphries2020_osf_labrador,trot,tarsus,61,119.19,5.85,10,180=straight; included LFC-LM-5MT
humphries2020_osf_labrador,trot,tarsus,62,116.05,5.8,10,180=straight; included LFC-LM-5MT
humphries2020_osf_labrador,trot,tarsus,63,112.77,5.54,10,180=straight; included LFC-LM-5MT
humphries2020_osf_labrador,trot,tarsus,64,109.84,4.69,10,180=straight; included LFC-LM-5MT
humphries2020_osf_labrador,trot,tarsus,65,107.41,4.74,10,180=straight; included LFC-LM-5MT
humphries2020_osf_labrador,trot,tarsus,66,105.26,5.04,10,180=straight; included LFC-LM-5MT
humphries2020_osf_labrador,trot,tarsus,67,103.26,5.07,10,180=straight; included LFC-LM-5MT
humphries2020_osf_labrador,trot,tarsus,68,101.79,5.57,10,180=straight; included LFC-LM-5MT
humphries2020_osf_labrador,trot,tarsus,69,100.67,6.22,10,180=straight; included LFC-LM-5MT
humphries2020_osf_labrador,trot,tarsus,70,99.8,6.6,10,180=straight; included LFC-LM-5MT
humphries2020_osf_labrador,trot,tarsus,71,99.26,6.99,10,180=straight; included LFC-LM-5MT
humphries2020_osf_labrador,trot,tarsus,72,99.02,7.37,10,180=straight; included LFC-LM-5MT
humphries2020_osf_labrador,trot,tarsus,73,99.41,8.02,10,180=straight; included LFC-LM-5MT
humphries2020_osf_labrador,trot,tarsus,74,100.1,8.31,10,180=straight; included LFC-LM-5MT
humphries2020_osf_labrador,trot,tarsus,75,100.81,8.35,10,180=straight; included LFC-LM-5MT
humphries2020_osf_labrador,trot,tarsus,76,102.06,8.72,10,180=straight; included LFC-LM-5MT
humphries2020_osf_labrador,trot,tarsus,77,103.75,9.16,10,180=straight; included LFC-LM-5MT
humphries2020_osf_labrador,trot,tarsus,78,105.74,9.19,10,180=straight; included LFC-LM-5MT
humphries2020_osf_labrador,trot,tarsus,79,108.0,9.21,10,180=straight; included LFC-LM-5MT
humphries2020_osf_labrador,trot,tarsus,80,110.52,9.29,10,180=straight; included LFC-LM-5MT
humphries2020_osf_labrador,trot,tarsus,81,113.9,9.66,10,180=straight; included LFC-LM-5MT
humphries2020_osf_labrador,trot,tarsus,82,117.19,9.6,10,180=straight; included LFC-LM-5MT
humphries2020_osf_labrador,trot,tarsus,83,120.58,9.49,10,180=straight; included LFC-LM-5MT
humphries2020_osf_labrador,trot,tarsus,84,124.23,9.26,10,180=straight; included LFC-LM-5MT
humphries2020_osf_labrador,trot,tarsus,85,128.0,9.05,10,180=straight; included LFC-LM-5MT
humphries2020_osf_labrador,trot,tarsus,86,131.64,8.58,10,180=straight; included LFC-LM-5MT
humphries2020_osf_labrador,trot,tarsus,87,135.09,7.89,10,180=straight; included LFC-LM-5MT
humphries2020_osf_labrador,trot,tarsus,88,138.67,7.26,10,180=straight; included LFC-LM-5MT
humphries2020_osf_labrador,trot,tarsus,89,141.99,6.47,10,180=straight; included LFC-LM-5MT
humphries2020_osf_labrador,trot,tarsus,90,144.69,5.72,10,180=straight; included LFC-LM-5MT
humphries2020_osf_labrador,trot,tarsus,91,146.74,5.07,10,180=straight; included LFC-LM-5MT
humphries2020_osf_labrador,trot,tarsus,92,148.08,4.59,10,180=straight; included LFC-LM-5MT
humphries2020_osf_labrador,trot,tarsus,93,148.71,4.75,10,180=straight; included LFC-LM-5MT
humphries2020_osf_labrador,trot,tarsus,94,149.12,5.49,10,180=straight; included LFC-LM-5MT
humphries2020_osf_labrador,trot,tarsus,95,149.03,6.12,10,180=straight; included LFC-LM-5MT
humphries2020_osf_labrador,trot,tarsus,96,148.56,6.5,10,180=straight; included LFC-LM-5MT
humphries2020_osf_labrador,trot,tarsus,97,147.96,6.43,10,180=straight; included LFC-LM-5MT
humphries2020_osf_labrador,trot,tarsus,98,147.24,6.38,10,180=straight; included LFC-LM-5MT
humphries2020_osf_labrador,trot,tarsus,99,146.39,6.05,10,180=straight; included LFC-LM-5MT
humphries2020_osf_labrador,trot,tarsus,100,145.14,5.29,10,180=straight; included LFC-LM-5MT
fischer2018_MC_whippet,walk,tarsus,0.0,123.3,3.9,5,180=straight; skin-marker MC; =180-(metatarsus-tibia) published segment angles vs vertical; sd = published hock joint SD; 8 time points mapped with published MC duty factor
fischer2018_MC_whippet,walk,tarsus,14.0,114.9,1.8,5,180=straight; skin-marker MC; =180-(metatarsus-tibia) published segment angles vs vertical; sd = published hock joint SD; 8 time points mapped with published MC duty factor
fischer2018_MC_whippet,walk,tarsus,28.0,117.5,2.2,5,180=straight; skin-marker MC; =180-(metatarsus-tibia) published segment angles vs vertical; sd = published hock joint SD; 8 time points mapped with published MC duty factor
fischer2018_MC_whippet,walk,tarsus,42.0,123.6,2.7,5,180=straight; skin-marker MC; =180-(metatarsus-tibia) published segment angles vs vertical; sd = published hock joint SD; 8 time points mapped with published MC duty factor
fischer2018_MC_whippet,walk,tarsus,56.0,138.0,3.1,5,180=straight; skin-marker MC; =180-(metatarsus-tibia) published segment angles vs vertical; sd = published hock joint SD; 8 time points mapped with published MC duty factor
fischer2018_MC_whippet,walk,tarsus,67.0,120.5,5.4,5,180=straight; skin-marker MC; =180-(metatarsus-tibia) published segment angles vs vertical; sd = published hock joint SD; 8 time points mapped with published MC duty factor
fischer2018_MC_whippet,walk,tarsus,78.0,110.7,4.3,5,180=straight; skin-marker MC; =180-(metatarsus-tibia) published segment angles vs vertical; sd = published hock joint SD; 8 time points mapped with published MC duty factor
fischer2018_MC_whippet,walk,tarsus,89.0,123.2,4.8,5,180=straight; skin-marker MC; =180-(metatarsus-tibia) published segment angles vs vertical; sd = published hock joint SD; 8 time points mapped with published MC duty factor
fischer2018_MC_whippet,trot,tarsus,0.0,122.8,6.1,5,180=straight; skin-marker MC; =180-(metatarsus-tibia) published segment angles vs vertical; sd = published hock joint SD; 8 time points mapped with published MC duty factor
fischer2018_MC_whippet,trot,tarsus,10.2,108.8,7.1,5,180=straight; skin-marker MC; =180-(metatarsus-tibia) published segment angles vs vertical; sd = published hock joint SD; 8 time points mapped with published MC duty factor
fischer2018_MC_whippet,trot,tarsus,20.5,105.9,9.5,5,180=straight; skin-marker MC; =180-(metatarsus-tibia) published segment angles vs vertical; sd = published hock joint SD; 8 time points mapped with published MC duty factor
fischer2018_MC_whippet,trot,tarsus,30.7,113.7,10.3,5,180=straight; skin-marker MC; =180-(metatarsus-tibia) published segment angles vs vertical; sd = published hock joint SD; 8 time points mapped with published MC duty factor
fischer2018_MC_whippet,trot,tarsus,41.0,139.2,9.5,5,180=straight; skin-marker MC; =180-(metatarsus-tibia) published segment angles vs vertical; sd = published hock joint SD; 8 time points mapped with published MC duty factor
fischer2018_MC_whippet,trot,tarsus,55.8,120.3,8.8,5,180=straight; skin-marker MC; =180-(metatarsus-tibia) published segment angles vs vertical; sd = published hock joint SD; 8 time points mapped with published MC duty factor
fischer2018_MC_whippet,trot,tarsus,70.5,97.2,7.5,5,180=straight; skin-marker MC; =180-(metatarsus-tibia) published segment angles vs vertical; sd = published hock joint SD; 8 time points mapped with published MC duty factor
fischer2018_MC_whippet,trot,tarsus,85.2,114.2,9.6,5,180=straight; skin-marker MC; =180-(metatarsus-tibia) published segment angles vs vertical; sd = published hock joint SD; 8 time points mapped with published MC duty factor
fischer2018_MC_french_bulldog,walk,tarsus,0.0,132.0,6.3,4,180=straight; skin-marker MC; =180-(metatarsus-tibia) published segment angles vs vertical; sd = published hock joint SD; 8 time points mapped with published MC duty factor
fischer2018_MC_french_bulldog,walk,tarsus,14.0,126.8,4.5,4,180=straight; skin-marker MC; =180-(metatarsus-tibia) published segment angles vs vertical; sd = published hock joint SD; 8 time points mapped with published MC duty factor
fischer2018_MC_french_bulldog,walk,tarsus,28.0,127.8,8.9,4,180=straight; skin-marker MC; =180-(metatarsus-tibia) published segment angles vs vertical; sd = published hock joint SD; 8 time points mapped with published MC duty factor
fischer2018_MC_french_bulldog,walk,tarsus,42.0,143.8,9.3,4,180=straight; skin-marker MC; =180-(metatarsus-tibia) published segment angles vs vertical; sd = published hock joint SD; 8 time points mapped with published MC duty factor
fischer2018_MC_french_bulldog,walk,tarsus,56.0,123.5,20.2,4,180=straight; skin-marker MC; =180-(metatarsus-tibia) published segment angles vs vertical; sd = published hock joint SD; 8 time points mapped with published MC duty factor
fischer2018_MC_french_bulldog,walk,tarsus,67.0,116.6,10.4,4,180=straight; skin-marker MC; =180-(metatarsus-tibia) published segment angles vs vertical; sd = published hock joint SD; 8 time points mapped with published MC duty factor
fischer2018_MC_french_bulldog,walk,tarsus,78.0,128.9,14.0,4,180=straight; skin-marker MC; =180-(metatarsus-tibia) published segment angles vs vertical; sd = published hock joint SD; 8 time points mapped with published MC duty factor
fischer2018_MC_french_bulldog,walk,tarsus,89.0,138.2,10.2,4,180=straight; skin-marker MC; =180-(metatarsus-tibia) published segment angles vs vertical; sd = published hock joint SD; 8 time points mapped with published MC duty factor
fischer2018_MC_french_bulldog,trot,tarsus,0.0,136.6,8.0,4,180=straight; skin-marker MC; =180-(metatarsus-tibia) published segment angles vs vertical; sd = published hock joint SD; 8 time points mapped with published MC duty factor
fischer2018_MC_french_bulldog,trot,tarsus,10.2,119.9,11.3,4,180=straight; skin-marker MC; =180-(metatarsus-tibia) published segment angles vs vertical; sd = published hock joint SD; 8 time points mapped with published MC duty factor
fischer2018_MC_french_bulldog,trot,tarsus,20.5,123.4,11.3,4,180=straight; skin-marker MC; =180-(metatarsus-tibia) published segment angles vs vertical; sd = published hock joint SD; 8 time points mapped with published MC duty factor
fischer2018_MC_french_bulldog,trot,tarsus,30.7,143.0,10.6,4,180=straight; skin-marker MC; =180-(metatarsus-tibia) published segment angles vs vertical; sd = published hock joint SD; 8 time points mapped with published MC duty factor
fischer2018_MC_french_bulldog,trot,tarsus,41.0,148.8,8.5,4,180=straight; skin-marker MC; =180-(metatarsus-tibia) published segment angles vs vertical; sd = published hock joint SD; 8 time points mapped with published MC duty factor
fischer2018_MC_french_bulldog,trot,tarsus,55.8,110.9,10.0,4,180=straight; skin-marker MC; =180-(metatarsus-tibia) published segment angles vs vertical; sd = published hock joint SD; 8 time points mapped with published MC duty factor
fischer2018_MC_french_bulldog,trot,tarsus,70.5,104.1,8.8,4,180=straight; skin-marker MC; =180-(metatarsus-tibia) published segment angles vs vertical; sd = published hock joint SD; 8 time points mapped with published MC duty factor
fischer2018_MC_french_bulldog,trot,tarsus,85.2,142.4,7.5,4,180=straight; skin-marker MC; =180-(metatarsus-tibia) published segment angles vs vertical; sd = published hock joint SD; 8 time points mapped with published MC duty factor
fischer2018_MC_malinois,walk,tarsus,0.0,133.8,5.1,5,180=straight; skin-marker MC; =180-(metatarsus-tibia) published segment angles vs vertical; sd = published hock joint SD; 8 time points mapped with published MC duty factor
fischer2018_MC_malinois,walk,tarsus,16.0,122.3,6.6,5,180=straight; skin-marker MC; =180-(metatarsus-tibia) published segment angles vs vertical; sd = published hock joint SD; 8 time points mapped with published MC duty factor
fischer2018_MC_malinois,walk,tarsus,32.0,127.2,4.3,5,180=straight; skin-marker MC; =180-(metatarsus-tibia) published segment angles vs vertical; sd = published hock joint SD; 8 time points mapped with published MC duty factor
fischer2018_MC_malinois,walk,tarsus,48.0,134.9,4.2,5,180=straight; skin-marker MC; =180-(metatarsus-tibia) published segment angles vs vertical; sd = published hock joint SD; 8 time points mapped with published MC duty factor
fischer2018_MC_malinois,walk,tarsus,64.0,152.4,4.0,5,180=straight; skin-marker MC; =180-(metatarsus-tibia) published segment angles vs vertical; sd = published hock joint SD; 8 time points mapped with published MC duty factor
fischer2018_MC_malinois,walk,tarsus,73.0,146.4,7.4,5,180=straight; skin-marker MC; =180-(metatarsus-tibia) published segment angles vs vertical; sd = published hock joint SD; 8 time points mapped with published MC duty factor
fischer2018_MC_malinois,walk,tarsus,82.0,117.1,5.0,5,180=straight; skin-marker MC; =180-(metatarsus-tibia) published segment angles vs vertical; sd = published hock joint SD; 8 time points mapped with published MC duty factor
fischer2018_MC_malinois,walk,tarsus,91.0,126.3,6.9,5,180=straight; skin-marker MC; =180-(metatarsus-tibia) published segment angles vs vertical; sd = published hock joint SD; 8 time points mapped with published MC duty factor
fischer2018_MC_malinois,walk,stifle,0.0,130.0,4.7,5,180=straight; skin-marker MC (femur less reliable per authors); =180-(femur-tibia) published segment angles; sd = published stifle joint SD
fischer2018_MC_malinois,walk,stifle,16.0,123.0,7.8,5,180=straight; skin-marker MC (femur less reliable per authors); =180-(femur-tibia) published segment angles; sd = published stifle joint SD
fischer2018_MC_malinois,walk,stifle,32.0,123.7,6.8,5,180=straight; skin-marker MC (femur less reliable per authors); =180-(femur-tibia) published segment angles; sd = published stifle joint SD
fischer2018_MC_malinois,walk,stifle,48.0,124.9,8.4,5,180=straight; skin-marker MC (femur less reliable per authors); =180-(femur-tibia) published segment angles; sd = published stifle joint SD
fischer2018_MC_malinois,walk,stifle,64.0,116.2,9.5,5,180=straight; skin-marker MC (femur less reliable per authors); =180-(femur-tibia) published segment angles; sd = published stifle joint SD
fischer2018_MC_malinois,walk,stifle,73.0,115.4,8.7,5,180=straight; skin-marker MC (femur less reliable per authors); =180-(femur-tibia) published segment angles; sd = published stifle joint SD
fischer2018_MC_malinois,walk,stifle,82.0,97.2,4.0,5,180=straight; skin-marker MC (femur less reliable per authors); =180-(femur-tibia) published segment angles; sd = published stifle joint SD
fischer2018_MC_malinois,walk,stifle,91.0,116.5,10.3,5,180=straight; skin-marker MC (femur less reliable per authors); =180-(femur-tibia) published segment angles; sd = published stifle joint SD
fischer2018_MC_malinois,trot,tarsus,0.0,133.2,4.7,5,180=straight; skin-marker MC; =180-(metatarsus-tibia) published segment angles vs vertical; sd = published hock joint SD; 8 time points mapped with published MC duty factor
fischer2018_MC_malinois,trot,tarsus,10.5,115.7,5.6,5,180=straight; skin-marker MC; =180-(metatarsus-tibia) published segment angles vs vertical; sd = published hock joint SD; 8 time points mapped with published MC duty factor
fischer2018_MC_malinois,trot,tarsus,21.0,124.5,9.5,5,180=straight; skin-marker MC; =180-(metatarsus-tibia) published segment angles vs vertical; sd = published hock joint SD; 8 time points mapped with published MC duty factor
fischer2018_MC_malinois,trot,tarsus,31.5,148.8,5.8,5,180=straight; skin-marker MC; =180-(metatarsus-tibia) published segment angles vs vertical; sd = published hock joint SD; 8 time points mapped with published MC duty factor
fischer2018_MC_malinois,trot,tarsus,42.0,152.9,4.9,5,180=straight; skin-marker MC; =180-(metatarsus-tibia) published segment angles vs vertical; sd = published hock joint SD; 8 time points mapped with published MC duty factor
fischer2018_MC_malinois,trot,tarsus,56.5,126.3,6.1,5,180=straight; skin-marker MC; =180-(metatarsus-tibia) published segment angles vs vertical; sd = published hock joint SD; 8 time points mapped with published MC duty factor
fischer2018_MC_malinois,trot,tarsus,71.0,104.3,7.3,5,180=straight; skin-marker MC; =180-(metatarsus-tibia) published segment angles vs vertical; sd = published hock joint SD; 8 time points mapped with published MC duty factor
fischer2018_MC_malinois,trot,tarsus,85.5,126.6,9.1,5,180=straight; skin-marker MC; =180-(metatarsus-tibia) published segment angles vs vertical; sd = published hock joint SD; 8 time points mapped with published MC duty factor
fischer2018_MC_malinois,trot,stifle,0.0,133.8,3.4,5,180=straight; skin-marker MC (femur less reliable per authors); =180-(femur-tibia) published segment angles; sd = published stifle joint SD
fischer2018_MC_malinois,trot,stifle,10.5,125.7,5.5,5,180=straight; skin-marker MC (femur less reliable per authors); =180-(femur-tibia) published segment angles; sd = published stifle joint SD
fischer2018_MC_malinois,trot,stifle,21.0,125.1,7.1,5,180=straight; skin-marker MC (femur less reliable per authors); =180-(femur-tibia) published segment angles; sd = published stifle joint SD
fischer2018_MC_malinois,trot,stifle,31.5,133.5,5.8,5,180=straight; skin-marker MC (femur less reliable per authors); =180-(femur-tibia) published segment angles; sd = published stifle joint SD
fischer2018_MC_malinois,trot,stifle,42.0,125.7,3.8,5,180=straight; skin-marker MC (femur less reliable per authors); =180-(femur-tibia) published segment angles; sd = published stifle joint SD
fischer2018_MC_malinois,trot,stifle,56.5,101.9,3.5,5,180=straight; skin-marker MC (femur less reliable per authors); =180-(femur-tibia) published segment angles; sd = published stifle joint SD
fischer2018_MC_malinois,trot,stifle,71.0,93.5,3.9,5,180=straight; skin-marker MC (femur less reliable per authors); =180-(femur-tibia) published segment angles; sd = published stifle joint SD
fischer2018_MC_malinois,trot,stifle,85.5,122.1,7.6,5,180=straight; skin-marker MC (femur less reliable per authors); =180-(femur-tibia) published segment angles; sd = published stifle joint SD
fischer2018_MC_beagle,walk,tarsus,0.0,132.5,14.9,5,180=straight; skin-marker MC; =180-(metatarsus-tibia) published segment angles vs vertical; sd = published hock joint SD; 8 time points mapped with published MC duty factor
fischer2018_MC_beagle,walk,tarsus,15.2,120.6,7.4,5,180=straight; skin-marker MC; =180-(metatarsus-tibia) published segment angles vs vertical; sd = published hock joint SD; 8 time points mapped with published MC duty factor
fischer2018_MC_beagle,walk,tarsus,30.5,132.4,7.6,5,180=straight; skin-marker MC; =180-(metatarsus-tibia) published segment angles vs vertical; sd = published hock joint SD; 8 time points mapped with published MC duty factor
fischer2018_MC_beagle,walk,tarsus,45.8,141.4,7.8,5,180=straight; skin-marker MC; =180-(metatarsus-tibia) published segment angles vs vertical; sd = published hock joint SD; 8 time points mapped with published MC duty factor
fischer2018_MC_beagle,walk,tarsus,61.0,157.6,10.1,5,180=straight; skin-marker MC; =180-(metatarsus-tibia) published segment angles vs vertical; sd = published hock joint SD; 8 time points mapped with published MC duty factor
fischer2018_MC_beagle,walk,tarsus,70.8,141.2,9.7,5,180=straight; skin-marker MC; =180-(metatarsus-tibia) published segment angles vs vertical; sd = published hock joint SD; 8 time points mapped with published MC duty factor
fischer2018_MC_beagle,walk,tarsus,80.5,118.2,8.2,5,180=straight; skin-marker MC; =180-(metatarsus-tibia) published segment angles vs vertical; sd = published hock joint SD; 8 time points mapped with published MC duty factor
fischer2018_MC_beagle,walk,tarsus,90.2,134.1,11.5,5,180=straight; skin-marker MC; =180-(metatarsus-tibia) published segment angles vs vertical; sd = published hock joint SD; 8 time points mapped with published MC duty factor
fischer2018_MC_beagle,trot,tarsus,0.0,138.6,10.3,5,180=straight; skin-marker MC; =180-(metatarsus-tibia) published segment angles vs vertical; sd = published hock joint SD; 8 time points mapped with published MC duty factor
fischer2018_MC_beagle,trot,tarsus,9.8,122.8,10.3,5,180=straight; skin-marker MC; =180-(metatarsus-tibia) published segment angles vs vertical; sd = published hock joint SD; 8 time points mapped with published MC duty factor
fischer2018_MC_beagle,trot,tarsus,19.5,123.2,14.2,5,180=straight; skin-marker MC; =180-(metatarsus-tibia) published segment angles vs vertical; sd = published hock joint SD; 8 time points mapped with published MC duty factor
fischer2018_MC_beagle,trot,tarsus,29.2,141.1,10.5,5,180=straight; skin-marker MC; =180-(metatarsus-tibia) published segment angles vs vertical; sd = published hock joint SD; 8 time points mapped with published MC duty factor
fischer2018_MC_beagle,trot,tarsus,39.0,158.0,7.4,5,180=straight; skin-marker MC; =180-(metatarsus-tibia) published segment angles vs vertical; sd = published hock joint SD; 8 time points mapped with published MC duty factor
fischer2018_MC_beagle,trot,tarsus,54.2,143.6,4.4,5,180=straight; skin-marker MC; =180-(metatarsus-tibia) published segment angles vs vertical; sd = published hock joint SD; 8 time points mapped with published MC duty factor
fischer2018_MC_beagle,trot,tarsus,69.5,110.6,4.8,5,180=straight; skin-marker MC; =180-(metatarsus-tibia) published segment angles vs vertical; sd = published hock joint SD; 8 time points mapped with published MC duty factor
fischer2018_MC_beagle,trot,tarsus,84.8,133.2,7.7,5,180=straight; skin-marker MC; =180-(metatarsus-tibia) published segment angles vs vertical; sd = published hock joint SD; 8 time points mapped with published MC duty factor
fischer2018_SR_whippet,walk,stifle,0.0,128.2,3.8,5,180=straight; biplanar fluoroscopy (Scientific Rotoscoping); =180+published stifle flexion-ext value (which equals -(femur-tibia) segment angles vs vertical); pct_stride from TD/25/50/75%stance/TO/25/50/75%swing using published duty factor
fischer2018_SR_whippet,walk,stifle,15.0,125.1,6.1,5,180=straight; biplanar fluoroscopy (Scientific Rotoscoping); =180+published stifle flexion-ext value (which equals -(femur-tibia) segment angles vs vertical); pct_stride from TD/25/50/75%stance/TO/25/50/75%swing using published duty factor
fischer2018_SR_whippet,walk,stifle,30.0,122.1,6.9,5,180=straight; biplanar fluoroscopy (Scientific Rotoscoping); =180+published stifle flexion-ext value (which equals -(femur-tibia) segment angles vs vertical); pct_stride from TD/25/50/75%stance/TO/25/50/75%swing using published duty factor
fischer2018_SR_whippet,walk,stifle,45.0,125.2,7.7,5,180=straight; biplanar fluoroscopy (Scientific Rotoscoping); =180+published stifle flexion-ext value (which equals -(femur-tibia) segment angles vs vertical); pct_stride from TD/25/50/75%stance/TO/25/50/75%swing using published duty factor
fischer2018_SR_whippet,walk,stifle,60.0,124.3,9.5,5,180=straight; biplanar fluoroscopy (Scientific Rotoscoping); =180+published stifle flexion-ext value (which equals -(femur-tibia) segment angles vs vertical); pct_stride from TD/25/50/75%stance/TO/25/50/75%swing using published duty factor
fischer2018_SR_whippet,walk,stifle,70.0,108.6,10.3,5,180=straight; biplanar fluoroscopy (Scientific Rotoscoping); =180+published stifle flexion-ext value (which equals -(femur-tibia) segment angles vs vertical); pct_stride from TD/25/50/75%stance/TO/25/50/75%swing using published duty factor
fischer2018_SR_whippet,walk,stifle,80.0,102.9,6.7,5,180=straight; biplanar fluoroscopy (Scientific Rotoscoping); =180+published stifle flexion-ext value (which equals -(femur-tibia) segment angles vs vertical); pct_stride from TD/25/50/75%stance/TO/25/50/75%swing using published duty factor
fischer2018_SR_whippet,walk,stifle,90.0,113.6,5.4,5,180=straight; biplanar fluoroscopy (Scientific Rotoscoping); =180+published stifle flexion-ext value (which equals -(femur-tibia) segment angles vs vertical); pct_stride from TD/25/50/75%stance/TO/25/50/75%swing using published duty factor
fischer2018_SR_whippet,trot,stifle,0.0,129.1,5.7,5,180=straight; biplanar fluoroscopy (Scientific Rotoscoping); =180+published stifle flexion-ext value (which equals -(femur-tibia) segment angles vs vertical); pct_stride from TD/25/50/75%stance/TO/25/50/75%swing using published duty factor
fischer2018_SR_whippet,trot,stifle,10.5,123.3,5.2,5,180=straight; biplanar fluoroscopy (Scientific Rotoscoping); =180+published stifle flexion-ext value (which equals -(femur-tibia) segment angles vs vertical); pct_stride from TD/25/50/75%stance/TO/25/50/75%swing using published duty factor
fischer2018_SR_whippet,trot,stifle,21.0,117.8,6.3,5,180=straight; biplanar fluoroscopy (Scientific Rotoscoping); =180+published stifle flexion-ext value (which equals -(femur-tibia) segment angles vs vertical); pct_stride from TD/25/50/75%stance/TO/25/50/75%swing using published duty factor
fischer2018_SR_whippet,trot,stifle,31.5,118.6,6.9,5,180=straight; biplanar fluoroscopy (Scientific Rotoscoping); =180+published stifle flexion-ext value (which equals -(femur-tibia) segment angles vs vertical); pct_stride from TD/25/50/75%stance/TO/25/50/75%swing using published duty factor
fischer2018_SR_whippet,trot,stifle,42.0,126.0,8.2,5,180=straight; biplanar fluoroscopy (Scientific Rotoscoping); =180+published stifle flexion-ext value (which equals -(femur-tibia) segment angles vs vertical); pct_stride from TD/25/50/75%stance/TO/25/50/75%swing using published duty factor
fischer2018_SR_whippet,trot,stifle,56.5,119.0,7.0,5,180=straight; biplanar fluoroscopy (Scientific Rotoscoping); =180+published stifle flexion-ext value (which equals -(femur-tibia) segment angles vs vertical); pct_stride from TD/25/50/75%stance/TO/25/50/75%swing using published duty factor
fischer2018_SR_whippet,trot,stifle,71.0,87.9,6.6,5,180=straight; biplanar fluoroscopy (Scientific Rotoscoping); =180+published stifle flexion-ext value (which equals -(femur-tibia) segment angles vs vertical); pct_stride from TD/25/50/75%stance/TO/25/50/75%swing using published duty factor
fischer2018_SR_whippet,trot,stifle,85.5,103.0,5.8,5,180=straight; biplanar fluoroscopy (Scientific Rotoscoping); =180+published stifle flexion-ext value (which equals -(femur-tibia) segment angles vs vertical); pct_stride from TD/25/50/75%stance/TO/25/50/75%swing using published duty factor
fischer2018_SR_french_bulldog,walk,stifle,0.0,128.0,6.3,4,180=straight; biplanar fluoroscopy (Scientific Rotoscoping); =180+published stifle flexion-ext value (which equals -(femur-tibia) segment angles vs vertical); pct_stride from TD/25/50/75%stance/TO/25/50/75%swing using published duty factor
fischer2018_SR_french_bulldog,walk,stifle,15.8,122.3,7.9,4,180=straight; biplanar fluoroscopy (Scientific Rotoscoping); =180+published stifle flexion-ext value (which equals -(femur-tibia) segment angles vs vertical); pct_stride from TD/25/50/75%stance/TO/25/50/75%swing using published duty factor
fischer2018_SR_french_bulldog,walk,stifle,31.5,120.4,6.8,4,180=straight; biplanar fluoroscopy (Scientific Rotoscoping); =180+published stifle flexion-ext value (which equals -(femur-tibia) segment angles vs vertical); pct_stride from TD/25/50/75%stance/TO/25/50/75%swing using published duty factor
fischer2018_SR_french_bulldog,walk,stifle,47.2,128.0,5.1,4,180=straight; biplanar fluoroscopy (Scientific Rotoscoping); =180+published stifle flexion-ext value (which equals -(femur-tibia) segment angles vs vertical); pct_stride from TD/25/50/75%stance/TO/25/50/75%swing using published duty factor
fischer2018_SR_french_bulldog,walk,stifle,63.0,111.4,8.4,4,180=straight; biplanar fluoroscopy (Scientific Rotoscoping); =180+published stifle flexion-ext value (which equals -(femur-tibia) segment angles vs vertical); pct_stride from TD/25/50/75%stance/TO/25/50/75%swing using published duty factor
fischer2018_SR_french_bulldog,walk,stifle,72.2,93.1,7.3,4,180=straight; biplanar fluoroscopy (Scientific Rotoscoping); =180+published stifle flexion-ext value (which equals -(femur-tibia) segment angles vs vertical); pct_stride from TD/25/50/75%stance/TO/25/50/75%swing using published duty factor
fischer2018_SR_french_bulldog,walk,stifle,81.5,93.7,9.3,4,180=straight; biplanar fluoroscopy (Scientific Rotoscoping); =180+published stifle flexion-ext value (which equals -(femur-tibia) segment angles vs vertical); pct_stride from TD/25/50/75%stance/TO/25/50/75%swing using published duty factor
fischer2018_SR_french_bulldog,walk,stifle,90.8,111.4,9.7,4,180=straight; biplanar fluoroscopy (Scientific Rotoscoping); =180+published stifle flexion-ext value (which equals -(femur-tibia) segment angles vs vertical); pct_stride from TD/25/50/75%stance/TO/25/50/75%swing using published duty factor
fischer2018_SR_french_bulldog,trot,stifle,0.0,124.3,8.2,4,180=straight; biplanar fluoroscopy (Scientific Rotoscoping); =180+published stifle flexion-ext value (which equals -(femur-tibia) segment angles vs vertical); pct_stride from TD/25/50/75%stance/TO/25/50/75%swing using published duty factor
fischer2018_SR_french_bulldog,trot,stifle,11.8,118.5,8.4,4,180=straight; biplanar fluoroscopy (Scientific Rotoscoping); =180+published stifle flexion-ext value (which equals -(femur-tibia) segment angles vs vertical); pct_stride from TD/25/50/75%stance/TO/25/50/75%swing using published duty factor
fischer2018_SR_french_bulldog,trot,stifle,23.5,115.1,7.4,4,180=straight; biplanar fluoroscopy (Scientific Rotoscoping); =180+published stifle flexion-ext value (which equals -(femur-tibia) segment angles vs vertical); pct_stride from TD/25/50/75%stance/TO/25/50/75%swing using published duty factor
fischer2018_SR_french_bulldog,trot,stifle,35.2,119.5,6.3,4,180=straight; biplanar fluoroscopy (Scientific Rotoscoping); =180+published stifle flexion-ext value (which equals -(femur-tibia) segment angles vs vertical); pct_stride from TD/25/50/75%stance/TO/25/50/75%swing using published duty factor
fischer2018_SR_french_bulldog,trot,stifle,47.0,125.9,5.6,4,180=straight; biplanar fluoroscopy (Scientific Rotoscoping); =180+published stifle flexion-ext value (which equals -(femur-tibia) segment angles vs vertical); pct_stride from TD/25/50/75%stance/TO/25/50/75%swing using published duty factor
fischer2018_SR_french_bulldog,trot,stifle,60.2,102.1,10.5,4,180=straight; biplanar fluoroscopy (Scientific Rotoscoping); =180+published stifle flexion-ext value (which equals -(femur-tibia) segment angles vs vertical); pct_stride from TD/25/50/75%stance/TO/25/50/75%swing using published duty factor
fischer2018_SR_french_bulldog,trot,stifle,73.5,71.2,9.2,4,180=straight; biplanar fluoroscopy (Scientific Rotoscoping); =180+published stifle flexion-ext value (which equals -(femur-tibia) segment angles vs vertical); pct_stride from TD/25/50/75%stance/TO/25/50/75%swing using published duty factor
fischer2018_SR_french_bulldog,trot,stifle,86.8,94.6,10.7,4,180=straight; biplanar fluoroscopy (Scientific Rotoscoping); =180+published stifle flexion-ext value (which equals -(femur-tibia) segment angles vs vertical); pct_stride from TD/25/50/75%stance/TO/25/50/75%swing using published duty factor
fischer2018_SR_beagle,walk,stifle,0.0,139.3,4.5,3,180=straight; biplanar fluoroscopy (Scientific Rotoscoping); =180+published stifle flexion-ext value (which equals -(femur-tibia) segment angles vs vertical); pct_stride from TD/25/50/75%stance/TO/25/50/75%swing using published duty factor
fischer2018_SR_beagle,walk,stifle,15.0,134.9,3.0,3,180=straight; biplanar fluoroscopy (Scientific Rotoscoping); =180+published stifle flexion-ext value (which equals -(femur-tibia) segment angles vs vertical); pct_stride from TD/25/50/75%stance/TO/25/50/75%swing using published duty factor
fischer2018_SR_beagle,walk,stifle,30.0,134.5,4.9,3,180=straight; biplanar fluoroscopy (Scientific Rotoscoping); =180+published stifle flexion-ext value (which equals -(femur-tibia) segment angles vs vertical); pct_stride from TD/25/50/75%stance/TO/25/50/75%swing using published duty factor
fischer2018_SR_beagle,walk,stifle,45.0,137.2,5.9,3,180=straight; biplanar fluoroscopy (Scientific Rotoscoping); =180+published stifle flexion-ext value (which equals -(femur-tibia) segment angles vs vertical); pct_stride from TD/25/50/75%stance/TO/25/50/75%swing using published duty factor
fischer2018_SR_beagle,walk,stifle,60.0,135.1,7.6,3,180=straight; biplanar fluoroscopy (Scientific Rotoscoping); =180+published stifle flexion-ext value (which equals -(femur-tibia) segment angles vs vertical); pct_stride from TD/25/50/75%stance/TO/25/50/75%swing using published duty factor
fischer2018_SR_beagle,walk,stifle,70.0,120.5,7.6,3,180=straight; biplanar fluoroscopy (Scientific Rotoscoping); =180+published stifle flexion-ext value (which equals -(femur-tibia) segment angles vs vertical); pct_stride from TD/25/50/75%stance/TO/25/50/75%swing using published duty factor
fischer2018_SR_beagle,walk,stifle,80.0,110.3,5.1,3,180=straight; biplanar fluoroscopy (Scientific Rotoscoping); =180+published stifle flexion-ext value (which equals -(femur-tibia) segment angles vs vertical); pct_stride from TD/25/50/75%stance/TO/25/50/75%swing using published duty factor
fischer2018_SR_beagle,walk,stifle,90.0,121.5,6.3,3,180=straight; biplanar fluoroscopy (Scientific Rotoscoping); =180+published stifle flexion-ext value (which equals -(femur-tibia) segment angles vs vertical); pct_stride from TD/25/50/75%stance/TO/25/50/75%swing using published duty factor
fischer2018_SR_beagle,trot,stifle,0.0,138.3,5.1,3,180=straight; biplanar fluoroscopy (Scientific Rotoscoping); =180+published stifle flexion-ext value (which equals -(femur-tibia) segment angles vs vertical); pct_stride from TD/25/50/75%stance/TO/25/50/75%swing using published duty factor
fischer2018_SR_beagle,trot,stifle,10.5,132.0,3.7,3,180=straight; biplanar fluoroscopy (Scientific Rotoscoping); =180+published stifle flexion-ext value (which equals -(femur-tibia) segment angles vs vertical); pct_stride from TD/25/50/75%stance/TO/25/50/75%swing using published duty factor
fischer2018_SR_beagle,trot,stifle,21.0,130.1,3.8,3,180=straight; biplanar fluoroscopy (Scientific Rotoscoping); =180+published stifle flexion-ext value (which equals -(femur-tibia) segment angles vs vertical); pct_stride from TD/25/50/75%stance/TO/25/50/75%swing using published duty factor
fischer2018_SR_beagle,trot,stifle,31.5,133.8,6.0,3,180=straight; biplanar fluoroscopy (Scientific Rotoscoping); =180+published stifle flexion-ext value (which equals -(femur-tibia) segment angles vs vertical); pct_stride from TD/25/50/75%stance/TO/25/50/75%swing using published duty factor
fischer2018_SR_beagle,trot,stifle,42.0,136.3,4.6,3,180=straight; biplanar fluoroscopy (Scientific Rotoscoping); =180+published stifle flexion-ext value (which equals -(femur-tibia) segment angles vs vertical); pct_stride from TD/25/50/75%stance/TO/25/50/75%swing using published duty factor
fischer2018_SR_beagle,trot,stifle,56.5,112.3,14.4,3,180=straight; biplanar fluoroscopy (Scientific Rotoscoping); =180+published stifle flexion-ext value (which equals -(femur-tibia) segment angles vs vertical); pct_stride from TD/25/50/75%stance/TO/25/50/75%swing using published duty factor
fischer2018_SR_beagle,trot,stifle,71.0,84.0,8.6,3,180=straight; biplanar fluoroscopy (Scientific Rotoscoping); =180+published stifle flexion-ext value (which equals -(femur-tibia) segment angles vs vertical); pct_stride from TD/25/50/75%stance/TO/25/50/75%swing using published duty factor
fischer2018_SR_beagle,trot,stifle,85.5,110.7,10.4,3,180=straight; biplanar fluoroscopy (Scientific Rotoscoping); =180+published stifle flexion-ext value (which equals -(femur-tibia) segment angles vs vertical); pct_stride from TD/25/50/75%stance/TO/25/50/75%swing using published duty factor
