taxon_group,species,common_name,source,id,url,original_data_url,licence,licence_verdict,reject_reason,login_needed,files,size_mb,specimen_info,scan_type,parts,notes
domestic_dog,Canis familiaris,domestic dog,Open Forest Data (MRI PAS),doi:10.48370/OFD/AGVZNY,https://doi.org/10.48370/OFD/AGVZNY,https://dataverse.openforestdata.pl/dataset.xhtml?persistentId=doi:10.48370/OFD/AGVZNY,CC BY 4.0 (dataset termsOfUse; dwcLicense=CC BY),rejected,no 3D files (label/specimen card scan JPG only),n,"MRIPAS_coll_111943_CanisFamiliaris_1969_scan.jpg (0.11 MB, id 2331, restricted=False)",0,"MRI PAS 111943; sex male; ; Białowieża Forest, 475, Poland; 1969-10",,,
wolf_type,Canis lupus,gray wolf,Open Forest Data (MRI PAS),doi:10.48370/OFD/RHAE0S,https://doi.org/10.48370/OFD/RHAE0S,https://dataverse.openforestdata.pl/dataset.xhtml?persistentId=doi:10.48370/OFD/RHAE0S,CC BY 4.0 (dataset termsOfUse; dwcLicense=CC BY),rejected,no 3D files (label/specimen card scan JPG only),n,"MRIPAS_coll_156553_CanisLupus_1988_scan.jpg (0.12 MB, id 1489, restricted=False)",0,"MRI PAS 156553; sex male; adult; Białowieża Forest, 447, Poland; 1988-02-01",,,
wolf_type,Canis lupus,gray wolf,Open Forest Data (MRI PAS),doi:10.48370/OFD/IKU73U,https://doi.org/10.48370/OFD/IKU73U,https://dataverse.openforestdata.pl/dataset.xhtml?persistentId=doi:10.48370/OFD/IKU73U,CC BY 4.0 (dataset termsOfUse; dwcLicense=CC BY),rejected,no 3D files (label/specimen card scan JPG only),n,"MRIPAS_coll_156554_CanisLupus_1988_scan.jpg (0.11 MB, id 1492, restricted=False)",0,"MRI PAS 156554; sex female; adult; Białowieża Forest, 447, Poland; 1988-02-01",,,
wolf_type,Canis lupus,gray wolf,Open Forest Data (MRI PAS),doi:10.48370/OFD/CVZSDN,https://doi.org/10.48370/OFD/CVZSDN,https://dataverse.openforestdata.pl/dataset.xhtml?persistentId=doi:10.48370/OFD/CVZSDN,CC BY 4.0 (dataset termsOfUse; dwcLicense=CC BY),rejected,no 3D files (label/specimen card scan JPG only),n,"MRIPAS_coll_16154_CanisLupus_1992_scan.jpg (0.12 MB, id 1483, restricted=False)",0,"MRI PAS 161154; sex male; ; Białowieża Forest, 633, Poland; 1992-03-12",,,
wolf_type,Canis lupus,gray wolf,Open Forest Data (MRI PAS),doi:10.48370/OFD/QHMVJH,https://doi.org/10.48370/OFD/QHMVJH,https://dataverse.openforestdata.pl/dataset.xhtml?persistentId=doi:10.48370/OFD/QHMVJH,CC BY 4.0 (dataset termsOfUse; dwcLicense=CC BY),rejected,no 3D files (label/specimen card scan JPG only),n,"MRIPAS_coll_93649_exp_30347_CanisLupus_1970_scan.jpg (0.11 MB, id 1486, restricted=False)",0,"MRI PAS 93649; sex female; ; Wojsław Forest Direct, now Mielec Forest District, Poland; 1970-08-27",,,
domestic_dog,Canis familiaris,domestic dog,Open Forest Data (MRI PAS),doi:10.48370/OFD/I9LPSY,https://doi.org/10.48370/OFD/I9LPSY,https://dataverse.openforestdata.pl/dataset.xhtml?persistentId=doi:10.48370/OFD/I9LPSY,CC BY 4.0 (dataset termsOfUse; dwcLicense=CC BY),rejected,no 3D files (label/specimen card scan JPG only),n,"MRIPAS_coll_116080_CanisFamiliaris_1961_scan.jpg (0.11 MB, id 2319, restricted=False)",0,"MRI PAS 116080; sex female; ; Ciechocinek, Toruń Basin, Poland; 1961-05",,,
wolf_type,Canis lupus,gray wolf,Open Forest Data (MRI PAS),doi:10.48370/OFD/LVT9AC,https://doi.org/10.48370/OFD/LVT9AC,https://dataverse.openforestdata.pl/dataset.xhtml?persistentId=doi:10.48370/OFD/LVT9AC,CC BY 4.0 (dataset termsOfUse; dwcLicense=CC BY),usable,,n,"MRIPAS_coll_170753_CanisLupus_2015_M_jaw_scan3D.stl (23.2 MB, id 13322, restricted=False); MRIPAS_coll_170753_CanisLupus_2015_M_jaw_skull_scan3D.stl (48.66 MB, id 23962, restricted=False); MRIPAS_coll_170753_CanisLupus_2015_M_skull_scan3D_small.stl (105.59 MB, id 292, restricted=False)",177.4,"MRI PAS 170753; sex male; adult; Puszcza Białowieska, Poland; 2015-10-31",3D surface scan (STL; method not stated in metadata),"jaw, skull",Sketchfab mirror by MammalResearchInstitutePAS; relatedMaterial: ['https://sketchfab.com/3d-models/canis-lupus-gray-wolf-wilk-szary-6e525a6837c54e299ae5e86fcdc7f05b\r\nhttps://www.youtube.com/watch?v=i9U10fxaDKU']
domestic_dog,Canis familiaris,domestic dog,Open Forest Data (MRI PAS),doi:10.48370/OFD/03J7OS,https://doi.org/10.48370/OFD/03J7OS,https://dataverse.openforestdata.pl/dataset.xhtml?persistentId=doi:10.48370/OFD/03J7OS,CC BY 4.0 (dataset termsOfUse; dwcLicense=CC BY),rejected,no 3D files (label/specimen card scan JPG only),n,"MRIPAS_coll_117777_CanisFamiliaris_1975_scan.jpg (0.12 MB, id 2323, restricted=False)",0,"MRI PAS 117777; sex female; ; Dubicze Cerkiewne, Bielsk Plain, Poland; 1975-12-01",,,
wolf_type,Canis aureus,golden jackal,Open Forest Data (MRI PAS),doi:10.48370/OFD/KS0JAA,https://doi.org/10.48370/OFD/KS0JAA,https://dataverse.openforestdata.pl/dataset.xhtml?persistentId=doi:10.48370/OFD/KS0JAA,CC BY 4.0 (dataset termsOfUse; dwcLicense=CC BY),usable,,n,"MRIPAS_coll_171233_CanisAureus_2019_jaw_scan3D.stl (60.56 MB, id 408, restricted=False); MRIPAS_coll_171233_CanisAureus_2019_skull_scan3D_small.stl (101.07 MB, id 407, restricted=False)",161.6,"MRI PAS 171233; sex male; adult; Żyznów, Poland; 2019-04-02",3D surface scan (STL; method not stated in metadata),"jaw, skull",Sketchfab mirror by MammalResearchInstitutePAS; relatedMaterial: 
wolf_type,Canis lupus,gray wolf,Open Forest Data (MRI PAS),doi:10.48370/OFD/PV7HBD,https://doi.org/10.48370/OFD/PV7HBD,https://dataverse.openforestdata.pl/dataset.xhtml?persistentId=doi:10.48370/OFD/PV7HBD,CC BY 4.0 (dataset termsOfUse; dwcLicense=CC BY),usable,,n,"MRIPAS_coll_171272_CanisLupus_2019_M_ad_jaw_skan3D_small.obj (39.18 MB, id 12391, restricted=False); MRIPAS_coll_171272_CanisLupus_2019_M_ad_jaw_skan3D_small.stl (29.9 MB, id 802, restricted=False); MRIPAS_coll_171272_CanisLupus_2019_M_ad_skull_skan3D_small.obj (39.01 MB, id 12390, restricted=False); MRIPAS_coll_171272_CanisLupus_2019_M_ad_skull_skan3D_small.stl (49.37 MB, id 803, restricted=False)",157.5,"MRI PAS 171272; sex male; adult; Borecka Forest 242G, Poland; 2019-11-15",3D surface scan (STL; method not stated in metadata),"jaw, skull",Sketchfab mirror by MammalResearchInstitutePAS; relatedMaterial: 
wolf_type,Canis lupus,gray wolf,Open Forest Data (MRI PAS),doi:10.48370/OFD/KCGNGN,https://doi.org/10.48370/OFD/KCGNGN,https://dataverse.openforestdata.pl/dataset.xhtml?persistentId=doi:10.48370/OFD/KCGNGN,CC BY 4.0 (dataset termsOfUse; dwcLicense=CC BY),usable,,n,"MRIPAS_coll_171504_CanisLupus_2020_F_ad_jaw_scan3D.stl (24.13 MB, id 27468, restricted=False); MRIPAS_coll_171504_CanisLupus_2020_F_ad_skull_scan3D.stl (58.67 MB, id 27469, restricted=False)",82.8,"MRI PAS 171504; sex female; adult; Romincka Forest, Poland; 2020-12-15",3D surface scan (STL; method not stated in metadata),"jaw, skull",Sketchfab mirror by MammalResearchInstitutePAS; relatedMaterial: 
domestic_dog,Canis familiaris,domestic dog,Open Forest Data (MRI PAS),doi:10.48370/OFD/KEKBAQ,https://doi.org/10.48370/OFD/KEKBAQ,https://dataverse.openforestdata.pl/dataset.xhtml?persistentId=doi:10.48370/OFD/KEKBAQ,CC BY 4.0 (dataset termsOfUse; dwcLicense=CC BY),usable,,n,"MRIPAS_coll_149614_CanisFamiliaris_1984_M_jaw_scan3D.stl (97.83 MB, id 13610, restricted=False); MRIPAS_coll_149614_CanisFamiliaris_1984_M_skull_scan3D.stl (61.31 MB, id 13609, restricted=False); MRIPAS_coll_149614_CanisFamiliaris_1984_scan.jpg (0.12 MB, id 2336, restricted=False)",159.1,"MRI PAS 149614; sex male; ; Białowieża Forest, 435, Poland; 1984-04-09",3D surface scan (STL; method not stated in metadata),"jaw, skull",Sketchfab mirror by MammalResearchInstitutePAS; relatedMaterial: 
wolf_type,Canis lupus,gray wolf,Open Forest Data (MRI PAS),doi:10.48370/OFD/LFKW1Z,https://doi.org/10.48370/OFD/LFKW1Z,https://dataverse.openforestdata.pl/dataset.xhtml?persistentId=doi:10.48370/OFD/LFKW1Z,CC BY 4.0 (dataset termsOfUse; dwcLicense=CC BY),usable,,n,"MRIPAS_coll_171520_CanisLupus_2021_F_ad_jaw_scan3D.stl (18.65 MB, id 28301, restricted=False); MRIPAS_coll_171520_CanisLupus_2021_F_ad_skull_scan3D.stl (43.96 MB, id 28300, restricted=False)",62.6,"MRI PAS 171520; sex female; adult; near Augustów city, Poland; 2021-02-24",3D surface scan (STL; method not stated in metadata),"jaw, skull",Sketchfab mirror by MammalResearchInstitutePAS; relatedMaterial: 
wolf_type,Canis lupus,gray wolf,Open Forest Data (MRI PAS),doi:10.48370/OFD/XBDZMU,https://doi.org/10.48370/OFD/XBDZMU,https://dataverse.openforestdata.pl/dataset.xhtml?persistentId=doi:10.48370/OFD/XBDZMU,CC BY 4.0 (dataset termsOfUse; dwcLicense=CC BY),usable,,n,"MRIPAS_coll_171502_Canis_lupus_2020_F_jaw_scan3D.stl (58.62 MB, id 13264, restricted=False); MRIPAS_coll_171502_Canis_lupus_2020_F_skull_scan3D.stl (103.93 MB, id 13263, restricted=False)",162.6,"MRI PAS 171502; sex female; adult; Augustów Forest, Giby, Poland; 2020-12-03",3D surface scan (STL; method not stated in metadata),"jaw, skull",Sketchfab mirror by MammalResearchInstitutePAS; relatedMaterial: 
wolf_type,Canis lupus,gray wolf,Open Forest Data (MRI PAS),doi:10.48370/OFD/2FZETH,https://doi.org/10.48370/OFD/2FZETH,https://dataverse.openforestdata.pl/dataset.xhtml?persistentId=doi:10.48370/OFD/2FZETH,CC BY 4.0 (dataset termsOfUse; dwcLicense=CC BY),usable,,n,"MRIPAS_coll_171427_Canis_lupus_2020_jaw_scan3D.stl (35.74 MB, id 12325, restricted=False); MRIPAS_coll_171427_Canis_lupus_2020_skull_scan3D.stl (63.55 MB, id 12326, restricted=False)",99.3,"MRI PAS 171427; sex male; adult; Rajgród Forest District, Poland; 2020-03-21",3D surface scan (STL; method not stated in metadata),"jaw, skull",Sketchfab mirror by MammalResearchInstitutePAS; relatedMaterial: 
wolf_type,Canis aureus,golden jackal,Open Forest Data (MRI PAS),doi:10.48370/OFD/OJBJY9,https://doi.org/10.48370/OFD/OJBJY9,https://dataverse.openforestdata.pl/dataset.xhtml?persistentId=doi:10.48370/OFD/OJBJY9,CC BY 4.0 (dataset termsOfUse; dwcLicense=CC BY),usable,,n,"MRIPAS_coll_170857_CanisAureus_2017_M_jaw_scan3D.stl (47.76 MB, id 384, restricted=False); MRIPAS_coll_170857_CanisAureus_2017_M_skull_scan3D_small.stl (104.2 MB, id 385, restricted=False)",152.0,"MRI PAS 170857; sex male; adult; Nadleśnictwo Kwidzyń, leśnictwo Wilki, Poland; 2017-01-02",3D surface scan (STL; method not stated in metadata),"jaw, skull",Sketchfab mirror by MammalResearchInstitutePAS; relatedMaterial: 
wolf_type,Canis lupus,gray wolf,Open Forest Data (MRI PAS),doi:10.48370/OFD/LNRMXW,https://doi.org/10.48370/OFD/LNRMXW,https://dataverse.openforestdata.pl/dataset.xhtml?persistentId=doi:10.48370/OFD/LNRMXW,CC BY 4.0 (dataset termsOfUse; dwcLicense=CC BY),usable,,n,"MRIPAS_coll_170555_CanisLupus_2013_F_ad_jaw_scan3D.stl (20.49 MB, id 42557, restricted=False); MRIPAS_coll_170555_CanisLupus_2013_F_ad_skull_jaw_scan3D.stl (68.84 MB, id 42560, restricted=False); MRIPAS_coll_170555_CanisLupus_2013_F_ad_skull_scan3D.stl (48.35 MB, id 42556, restricted=False)",137.7,"MRI PAS 170555; sex female; adult; Białowieża National Park, European bison Show Reserve, Poland; 2013-10-07",3D surface scan (STL; method not stated in metadata),"jaw, skull",Sketchfab mirror by MammalResearchInstitutePAS; relatedMaterial: 
true_fox,Vulpes vulpes,red fox,Open Forest Data (MRI PAS),doi:10.48370/OFD/SKS2CY,https://doi.org/10.48370/OFD/SKS2CY,https://dataverse.openforestdata.pl/dataset.xhtml?persistentId=doi:10.48370/OFD/SKS2CY,CC BY 4.0 (dataset termsOfUse; dwcLicense=CC BY),rejected,no 3D files (label/specimen card scan JPG only),n,"MIRPAS_coll_108142_exp_346_VulpesVulpes_1972_scan.jpg (0.07 MB, id 1320, restricted=False)",0,"MRI PAS 108412; sex female; ; Czempin, Poland; 1972-11-03",,,
true_fox,Vulpes vulpes,red fox,Open Forest Data (MRI PAS),doi:10.48370/OFD/Q8KJCH,https://doi.org/10.48370/OFD/Q8KJCH,https://dataverse.openforestdata.pl/dataset.xhtml?persistentId=doi:10.48370/OFD/Q8KJCH,CC BY 4.0 (dataset termsOfUse; dwcLicense=CC BY),rejected,no 3D files (label/specimen card scan JPG only),n,"MIRPAS_coll_130686_VulpesVulpes_1978_scan.jpg (0.07 MB, id 1325, restricted=False)",0,"MRI PAS 130686; sex female; juvenile; Tofiłowce, Poland; 1978-12-03",,,
true_fox,Vulpes vulpes,red fox,Open Forest Data (MRI PAS),doi:10.48370/OFD/JPOUZZ,https://doi.org/10.48370/OFD/JPOUZZ,https://dataverse.openforestdata.pl/dataset.xhtml?persistentId=doi:10.48370/OFD/JPOUZZ,CC BY 4.0 (dataset termsOfUse; dwcLicense=CC BY),rejected,no 3D files (label/specimen card scan JPG only),n,"MIRPAS_coll_164828_VulpesVulpes_1996_scan.jpg (0.09 MB, id 1332, restricted=False)",0,"MRI PAS 164828; sex male; adult; Ladzka Forest, 47D, Poland; 1996-12-10",,,
true_fox,Vulpes vulpes,red fox,Open Forest Data (MRI PAS),doi:10.48370/OFD/8D3EOJ,https://doi.org/10.48370/OFD/8D3EOJ,https://dataverse.openforestdata.pl/dataset.xhtml?persistentId=doi:10.48370/OFD/8D3EOJ,CC BY 4.0 (dataset termsOfUse; dwcLicense=CC BY),rejected,no 3D files (label/specimen card scan JPG only),n,"MIRPAS_coll_164829_VulpesVulpes_1996_scan.jpg (0.09 MB, id 1335, restricted=False)",0,"MRI PAS 164829; sex female; adult; Ladzka Forest, 55A, Poland; 1996-12-10",,,
true_fox,Vulpes vulpes,red fox,Open Forest Data (MRI PAS),doi:10.48370/OFD/Z8E5OY,https://doi.org/10.48370/OFD/Z8E5OY,https://dataverse.openforestdata.pl/dataset.xhtml?persistentId=doi:10.48370/OFD/Z8E5OY,CC BY 4.0 (dataset termsOfUse; dwcLicense=CC BY),usable,,n,"MRIPAS_coll_171327_Vulpes_vulpes_2017_jaw_scan3D.stl (25.93 MB, id 12337, restricted=False); MRIPAS_coll_171327_Vulpes_vulpes_2017_skull_scan3D.stl (29.43 MB, id 12336, restricted=False)",55.4,"MRI PAS 171327; sex male; adult; Knyszyn Forest, Poland; 2017",3D surface scan (STL; method not stated in metadata),"jaw, skull",Sketchfab mirror by MammalResearchInstitutePAS; relatedMaterial: 
true_fox,Vulpes vulpes,red fox,Open Forest Data (MRI PAS),doi:10.48370/OFD/Y8TNUO,https://doi.org/10.48370/OFD/Y8TNUO,https://dataverse.openforestdata.pl/dataset.xhtml?persistentId=doi:10.48370/OFD/Y8TNUO,CC BY 4.0 (dataset termsOfUse; dwcLicense=CC BY),usable,,n,"MRIPAS_coll_170974_VulpesVulpes_2017_F_jaw_scan3D.stl (11.69 MB, id 404, restricted=False); MRIPAS_coll_170974_VulpesVulpes_2017_F_skull_jaw_scan3D.stl (36.46 MB, id 23960, restricted=False); MRIPAS_coll_170974_VulpesVulpes_2017_F_skull_scan3D.stl (24.77 MB, id 405, restricted=False)",72.9,"MRI PAS 170974; sex female; adult; Puszcza Knyszyńska, Poland; 2017-06",3D surface scan (STL; method not stated in metadata),"jaw, skull",Sketchfab mirror by MammalResearchInstitutePAS; relatedMaterial: 
true_fox,Vulpes vulpes,red fox,Open Forest Data (MRI PAS),doi:10.48370/OFD/DYSLAS,https://doi.org/10.48370/OFD/DYSLAS,https://dataverse.openforestdata.pl/dataset.xhtml?persistentId=doi:10.48370/OFD/DYSLAS,CC BY 4.0 (dataset termsOfUse; dwcLicense=CC BY),usable,,n,"MRIPAS_coll_170976_VulpesVulpes_2015_M_jaw_scan3D.stl (10.73 MB, id 304, restricted=False); MRIPAS_coll_170976_VulpesVulpes_2015_M_skull_scan3D.stl (27.51 MB, id 305, restricted=False)",38.2,"MRI PAS 170976; sex male; adult; Puszcza Augustowska, Płaska, Poland; 2015-10-13",3D surface scan (STL; method not stated in metadata),"jaw, skull",Sketchfab mirror by MammalResearchInstitutePAS; relatedMaterial: 
true_fox,Vulpes vulpes,red fox,Open Forest Data (MRI PAS),doi:10.48370/OFD/ZCMYV1,https://doi.org/10.48370/OFD/ZCMYV1,https://dataverse.openforestdata.pl/dataset.xhtml?persistentId=doi:10.48370/OFD/ZCMYV1,CC BY 4.0 (dataset termsOfUse; dwcLicense=CC BY),usable,,n,"MRIPAS_coll_171281_VulpesVulpes_2014_M_jaw_scan3D.stl (6.67 MB, id 13689, restricted=False); MRIPAS_coll_171281_VulpesVulpes_2014_M_skull_scan3D.stl (13.25 MB, id 13688, restricted=False)",19.9,"MRI PAS 171281; sex male; adult; Białowieża Forest, Czerlonka, Poland; 2014-07-15",3D surface scan (STL; method not stated in metadata),"jaw, skull",Sketchfab mirror by MammalResearchInstitutePAS; relatedMaterial: 
true_fox,Vulpes lagopus,arctic fox,Open Forest Data (MRI PAS),doi:10.48370/OFD/APS4FB,https://doi.org/10.48370/OFD/APS4FB,https://dataverse.openforestdata.pl/dataset.xhtml?persistentId=doi:10.48370/OFD/APS4FB,CC BY 4.0 (dataset termsOfUse; dwcLicense=CC BY),rejected,no 3D files (label/specimen card scan JPG only),n,"MRIPAS_coll_96942_AlopexLagopus_1971_scan.jpg (0.11 MB, id 2386, restricted=False)",0,"MRI PAS 96942; sex ?; ; Białowieża, Poland; 1971-02-12",,,
true_fox,Vulpes lagopus,arctic fox,Open Forest Data (MRI PAS),doi:10.48370/OFD/5YCVYY,https://doi.org/10.48370/OFD/5YCVYY,https://dataverse.openforestdata.pl/dataset.xhtml?persistentId=doi:10.48370/OFD/5YCVYY,CC BY 4.0 (dataset termsOfUse; dwcLicense=CC BY),rejected,no 3D files (label/specimen card scan JPG only),n,"MRIPAS_coll_96923_AlopexLagopus_1971_scan.jpg (0.11 MB, id 2380, restricted=False)",0,"MRI PAS 96923; sex ?; ; Białowieża, Zastawa Street, Poland; 1971-01-29",,,
true_fox,Vulpes lagopus,arctic fox,Open Forest Data (MRI PAS),doi:10.48370/OFD/G5JS2Y,https://doi.org/10.48370/OFD/G5JS2Y,https://dataverse.openforestdata.pl/dataset.xhtml?persistentId=doi:10.48370/OFD/G5JS2Y,CC BY 4.0 (dataset termsOfUse; dwcLicense=CC BY),rejected,no 3D files (label/specimen card scan JPG only),n,"MRIPAS_coll_96924_AlopexLagopus_1971_scan.jpg (0.1 MB, id 2383, restricted=False)",0,"MRI PAS 96924; sex ?; ; Białowieża, Zastawa Street, Poland; 1971-01-29",,,
raccoon_dog,Nyctereutes procyonoides,raccoon dog,Open Forest Data (MRI PAS),doi:10.48370/OFD/PYFXCP,https://doi.org/10.48370/OFD/PYFXCP,https://dataverse.openforestdata.pl/dataset.xhtml?persistentId=doi:10.48370/OFD/PYFXCP,CC BY 4.0 (dataset termsOfUse; dwcLicense=CC BY),rejected,no 3D files (label/specimen card scan JPG only),n,"MIRPAS_coll_110587_NyctereutesProcynoides_1973_scan.jpg (0.07 MB, id 1647, restricted=False)",0,"MRI PAS 110587; sex female; juvenile; Białowieża Forest, Poland; 1973-08-14",,,
raccoon_dog,Nyctereutes procyonoides,raccoon dog,Open Forest Data (MRI PAS),doi:10.48370/OFD/IKKFSJ,https://doi.org/10.48370/OFD/IKKFSJ,https://dataverse.openforestdata.pl/dataset.xhtml?persistentId=doi:10.48370/OFD/IKKFSJ,CC BY 4.0 (dataset termsOfUse; dwcLicense=CC BY),rejected,no 3D files (label/specimen card scan JPG only),n,"MIRPAS_coll_165461_NyctereutesProcynoides_1997_scan.jpg (0.08 MB, id 1653, restricted=False)",0,"MRI PAS 165461; sex female; adult; Białowieża Forest, 257, Poland; 1997-02-07",,,
raccoon_dog,Nyctereutes procyonoides,raccoon dog,Open Forest Data (MRI PAS),doi:10.48370/OFD/MD8KEZ,https://doi.org/10.48370/OFD/MD8KEZ,https://dataverse.openforestdata.pl/dataset.xhtml?persistentId=doi:10.48370/OFD/MD8KEZ,CC BY 4.0 (dataset termsOfUse; dwcLicense=CC BY),rejected,no 3D files (label/specimen card scan JPG only),n,"MIRPAS_coll_87492_NyctereutesProcynoides_1969_scan.jpg (0.08 MB, id 1640, restricted=False)",0,"MRI PAS 87492; sex male; juvenile; Starzyna Forest District (now Hajnówka Forest District), Poland; 1969-10-04",,,
raccoon_dog,Nyctereutes procyonoides,raccoon dog,Open Forest Data (MRI PAS),doi:10.48370/OFD/NDEJAZ,https://doi.org/10.48370/OFD/NDEJAZ,https://dataverse.openforestdata.pl/dataset.xhtml?persistentId=doi:10.48370/OFD/NDEJAZ,CC BY 4.0 (dataset termsOfUse; dwcLicense=CC BY),rejected,no 3D files (label/specimen card scan JPG only),n,"MIRPAS_coll_166766_NyctereutesProcynoides_1997_scan.jpg (0.1 MB, id 1661, restricted=False)",0,"MRI PAS 166766; sex male; adult; Białowieża National Park, 398D, Poland; 1997-11-03",,,
raccoon_dog,Nyctereutes procyonoides,raccoon dog,Open Forest Data (MRI PAS),doi:10.48370/OFD/ZSCTI5,https://doi.org/10.48370/OFD/ZSCTI5,https://dataverse.openforestdata.pl/dataset.xhtml?persistentId=doi:10.48370/OFD/ZSCTI5,CC BY 4.0 (dataset termsOfUse; dwcLicense=CC BY),usable,,n,"MRIPAS_coll_171215_NyctereutesProcyonoides_2018_M_jaw_scan3D.stl (41.63 MB, id 371, restricted=False); MRIPAS_coll_171215_NyctereutesProcyonoides_2018_M_skull_scan3D.stl (23.62 MB, id 372, restricted=False)",65.2,"MRI PAS 171215; sex male; adult; OHZ Drygały, Poland; 2018-11-27",3D surface scan (STL; method not stated in metadata),"jaw, skull",Sketchfab mirror by MammalResearchInstitutePAS; relatedMaterial: 
raccoon_dog,Nyctereutes procyonoides,raccoon dog,Open Forest Data (MRI PAS),doi:10.48370/OFD/A6CDIL,https://doi.org/10.48370/OFD/A6CDIL,https://dataverse.openforestdata.pl/dataset.xhtml?persistentId=doi:10.48370/OFD/A6CDIL,CC BY 4.0 (dataset termsOfUse; dwcLicense=CC BY),usable,,n,"MRIPAS_coll_169479_NyctereutesProcyonoides_1999_F_ad_jaw_scan3D.stl (31.47 MB, id 714, restricted=False); MRIPAS_coll_169479_NyctereutesProcyonoides_1999_F_ad_skull_scan3D.stl (68.26 MB, id 715, restricted=False)",99.7,"MRI PAS 169479; sex female; adult; Białowieża Forest, Poland; 1999-05-20",3D surface scan (STL; method not stated in metadata),"jaw, skull",Sketchfab mirror by MammalResearchInstitutePAS; relatedMaterial: ['https://sketchfab.com/3d-models/nyctereutes-procyonoides-raccoon-dog-jenot-1631af4e14544311a11e55032b010880']
wolf_type,Canis lupus,gray wolf,Sketchfab (tylercwilson),a2bc88557be8455fa0a46f8cd20d11cd,https://sketchfab.com/3d-models/a2bc88557be8455fa0a46f8cd20d11cd,,CC Attribution [slug by],usable,,y (Sketchfab account for download),isDownloadable=True; faces=1521554,,,photogrammetry,skull (cranium; mandible if stated),"As someone learning photogrammetry I felt obliged to scan a skull. So here it is! This came from the interior of BC, Canada."
wolf_type,Canis lupus,gray wolf,Sketchfab (OSU.Multimedia),1566e56e6a7e47f890b9b389457346a8,https://sketchfab.com/3d-models/1566e56e6a7e47f890b9b389457346a8,,CC Attribution [slug by],usable,,y (Sketchfab account for download),isDownloadable=True; faces=466337,,FW2415,scan (method unstated),skull (cranium; mandible if stated),Canis lupus
wolf_type,Canis lupus,gray wolf,Sketchfab (WirtualneMuzeaMalopolski),1d38bda17fdb4eb1a797d716d4340247,https://sketchfab.com/3d-models/1d38bda17fdb4eb1a797d716d4340247,https://muzea.malopolska.pl/en/objects-list/2391,CC Attribution [slug by],usable,,y (Sketchfab account for download),isDownloadable=True; faces=457642,,MP 408,scan (method unstated),skull (cranium; mandible if stated),ID no.: MP 408 Place: Poland Museum: The Krystyna and Włodzimierz Tomek Natural Science Museum in Ciężkowice https://muzea.malopolska.pl/
wolf_type,Canis lupus,gray wolf,Sketchfab (BinghamtonAnthropology),b6693c0d99964725b2a08183c16d9e17,https://sketchfab.com/3d-models/b6693c0d99964725b2a08183c16d9e17,,CC Attribution [slug by],usable,,y (Sketchfab account for download),isDownloadable=True; faces=466337,,,scan (method unstated),skull (cranium; mandible if stated),
wolf_type,Canis lupus,gray wolf,Sketchfab (SeptimDev),edc551f5002a4f90b922c3092fbc0ece,https://sketchfab.com/3d-models/edc551f5002a4f90b922c3092fbc0ece,,CC Attribution [slug by],usable,,y (Sketchfab account for download),isDownloadable=True; faces=1296,,,AI-generated (not a specimen); low poly (<20k faces),skull (cranium; mandible if stated),The wolf's skull was generated through AI to create the spaceship of the Order of Wolves retopology blender
wolf_type,Canis lupus,gray wolf,Sketchfab (illupo),8334563bbb2c45b0a3b36f646881e38b,https://sketchfab.com/3d-models/8334563bbb2c45b0a3b36f646881e38b,,CC Attribution [slug by],usable,,y (Sketchfab account for download),isDownloadable=True; faces=1578,,,scan (method unstated); low poly (<20k faces),skull (cranium; mandible if stated),
wolf_type,Canis lupus,gray wolf,Sketchfab (3dkitbash),90b2b7adc0fb48e9aef93ab595d12486,https://sketchfab.com/3d-models/90b2b7adc0fb48e9aef93ab595d12486,,CC Attribution [slug by],usable,,y (Sketchfab account for download),isDownloadable=True; faces=53430,,,artist/derived,skull (cranium; mandible if stated),"This 3D model is one of six parts in the 3DKitbash Wolf Skull, which prints without support structures. Print each part and snap them togeth"
wolf_type,Canis lupus,gray wolf,Sketchfab (3dkitbash),dc0487abed1b429f92b9a5bffb1b45e0,https://sketchfab.com/3d-models/dc0487abed1b429f92b9a5bffb1b45e0,,CC Attribution [slug by],usable,,y (Sketchfab account for download),isDownloadable=True; faces=60740,,,artist/derived,skull (cranium; mandible if stated),"This 3D model is one of six parts in the 3DKitbash Wolf Skull, which prints without support structures. Print each part and snap them togeth"
wolf_type,Canis lupus,gray wolf,Sketchfab (3dkitbash),744be02977e34d74a95d5ffc4f7d98b6,https://sketchfab.com/3d-models/744be02977e34d74a95d5ffc4f7d98b6,,CC Attribution [slug by],usable,,y (Sketchfab account for download),isDownloadable=True; faces=83890,,,artist/derived,skull (cranium; mandible if stated),"This 3D model is one of six parts in the 3DKitbash Wolf Skull, which prints without support structures. Print each part and snap them togeth"
wolf_type,Canis lupus,gray wolf,Sketchfab (mrkim2686),af7b8237c36347d8b8e7977e499cf63b,https://sketchfab.com/3d-models/af7b8237c36347d8b8e7977e499cf63b,,CC Attribution [slug by],usable,,y (Sketchfab account for download),isDownloadable=True; faces=136923,,,scan (method unstated),skull (cranium; mandible if stated),"<<Skull of Wolf>> The wolf's skull, a marvel of nature, reflects its predatory prowess and cultural significance. With sharp teeth and"
wolf_type,Canis lupus,gray wolf,Sketchfab (I-I-love-my-dog-Dixie),b7a1d759399647aebb483141fe7e158a,https://sketchfab.com/3d-models/b7a1d759399647aebb483141fe7e158a,,CC Attribution [slug by],usable,,y (Sketchfab account for download),isDownloadable=True; faces=1521554,,,scan (method unstated),skull (cranium; mandible if stated),This is a skull of a real life wolf. special shotouts to: milosupreme gillmaster maxngrumps ranchlandmarka remy.alleman.pro creeper demon lo
domestic_dog,Canis familiaris,domestic dog,Sketchfab (RISDNaturelab),5a09adacb7de4e27b8bb96129313b802,https://sketchfab.com/3d-models/5a09adacb7de4e27b8bb96129313b802,,CC Attribution [slug by],usable,,y (Sketchfab account for download),isDownloadable=True; faces=1000000,,Accession number: 33,scan (method unstated),skull (cranium; mandible if stated),fossil/archaeological; *Canis lupus familiaris* The dog is a domesticated carnivoran of the family *Canidae*. It is part of the wolf-like canids and is the most wi
wolf_type,Canis lupus,gray wolf,Sketchfab (3dkitbash),879cd677a5744ffcae032c25235e1212,https://sketchfab.com/3d-models/879cd677a5744ffcae032c25235e1212,,CC Attribution [slug by],usable,,y (Sketchfab account for download),isDownloadable=True; faces=41462,,,artist/derived,skull (cranium; mandible if stated),"This 3D model is one of six parts in the 3DKitbash Wolf Skull, which prints without support structures. Print each part and snap them togeth"
wolf_type,Canis lupus,gray wolf,Sketchfab (3dkitbash),d2077eed029e447580c9cbaaa7807f6e,https://sketchfab.com/3d-models/d2077eed029e447580c9cbaaa7807f6e,,CC Attribution [slug by],usable,,y (Sketchfab account for download),isDownloadable=True; faces=41944,,,artist/derived,skull (cranium; mandible if stated),"This 3D model is one of six parts in the 3DKitbash Wolf Skull, which prints without support structures. Print each part and snap them togeth"
wolf_type,Canis lupus,gray wolf,Sketchfab (yvonnepeponi),93c4325591754f42a7a12d35de1689e7,https://sketchfab.com/3d-models/93c4325591754f42a7a12d35de1689e7,,CC Attribution [slug by],usable,,y (Sketchfab account for download),isDownloadable=True; faces=2127091,,,scan (method unstated),skull (cranium; mandible if stated),This model was created by Univeristy of Wyoming Libraries and adapted by Yvonne Fyriou. Annotations have been added and a change of backgrou
wolf_type,Canis lupus,gray wolf,Sketchfab (3dkitbash),6c3fad8a3e304e82a25f0cc230357f12,https://sketchfab.com/3d-models/6c3fad8a3e304e82a25f0cc230357f12,,CC Attribution [slug by],usable,,y (Sketchfab account for download),isDownloadable=True; faces=31472,,,artist/derived,skull (cranium; mandible if stated),"This 3D model is one of six parts in the 3DKitbash Wolf Skull, which prints without support structures. Print each part and snap them togeth"
wolf_type,Canis lupus,gray wolf,Sketchfab (raydevv),4ef8fe0487dd446bb008b297ac9ed168,https://sketchfab.com/3d-models/4ef8fe0487dd446bb008b297ac9ed168,,Free Standard [slug free-st],rejected,"Sketchfab Free Standard licence, not open",y,isDownloadable=True; faces=10000,,,scan (method unstated); low poly (<20k faces),skull (cranium; mandible if stated),let me know if you need any other skull model??
wolf_type,Canis lupus,gray wolf,Sketchfab (3dkitbash),d46a96de5a6a489eb71def78221a9b2a,https://sketchfab.com/3d-models/d46a96de5a6a489eb71def78221a9b2a,,none [slug None],rejected,no licence: not downloadable / all rights reserved,n/a (not downloadable),isDownloadable=False; faces=272374,,,artist/derived,skull (cranium; mandible if stated),"3DKitbash.com's 'BONEHEADS Series 2' (18 new and redesigned skulls) is live on Kickstarter through May 15, 2015. To celebrate we are making"
wolf_type,Canis lupus,gray wolf,Sketchfab (LakeheadAnthropology),2665258e99bc4c839371ba46b0441b98,https://sketchfab.com/3d-models/2665258e99bc4c839371ba46b0441b98,,none [slug None],rejected,no licence: not downloadable / all rights reserved,n/a (not downloadable),isDownloadable=False; faces=489230,,,structured-light/laser,skull (cranium; mandible if stated),Canis lupus (Grey Wolf) Skull Lakehead University accession number: N/A Scanned on the NextEngine Scanner Author: Clarence Surette
wolf_type,Canis lupus,gray wolf,Sketchfab (4visualization),388db8a4ae124001b2e16f46137fc478,https://sketchfab.com/3d-models/388db8a4ae124001b2e16f46137fc478,,Standard [slug st],rejected,"Sketchfab Standard (store) licence, not open",n/a (not downloadable),isDownloadable=False; faces=3233256,,,structured-light/laser,skull (cranium; mandible if stated),"A wolf skull Scanned with an Artec EVA. Not at full resolution as it would be to big for Sketchfab, the teeth are sharper in the original!"
wolf_type,Canis lupus,gray wolf,Sketchfab (omassyx),34be2bf0db0e4b77b0bd24da48e21c88,https://sketchfab.com/3d-models/34be2bf0db0e4b77b0bd24da48e21c88,,Standard [slug st],rejected,"Sketchfab Standard (store) licence, not open",n/a (not downloadable),isDownloadable=False; faces=502206,,,scan (method unstated),skull (cranium; mandible if stated),Testing new stuff in Zbrush. Cuts and joints here for 3d printing: https://sketchfab.com/3d-models/deco-skull-3d-printing-04aa87ad364f44128b
wolf_type,Canis lupus,gray wolf,Sketchfab (eslamzakiiv),c1eae900c33d4eef8eeeefebf13ef919,https://sketchfab.com/3d-models/c1eae900c33d4eef8eeeefebf13ef919,,none [slug None],rejected,no licence: not downloadable / all rights reserved,n/a (not downloadable),isDownloadable=False; faces=32178,,,scan (method unstated),skull (cranium; mandible if stated),"Wolf skull ready for realtime and game asset for unity , unreal and any game engine model is low poly with 2k map"
wolf_type,Canis lupus,gray wolf,Sketchfab (UNSA-VF),518a3a38af234178b81c74d22a5b100e,https://sketchfab.com/3d-models/518a3a38af234178b81c74d22a5b100e,,none [slug None],rejected,no licence: not downloadable / all rights reserved,n/a (not downloadable),isDownloadable=False; faces=1241202,,,scan (method unstated),skull (cranium; mandible if stated),"Skull from the Osteological collection of the Istanbul University-Cerrahpaşa, Faculty of Veterinary Medicine."
wolf_type,Canis lupus,gray wolf,Sketchfab (perezr),8af02ca1c675451c8ba6f3fbf225bfd1,https://sketchfab.com/3d-models/8af02ca1c675451c8ba6f3fbf225bfd1,,none [slug None],rejected,no licence: not downloadable / all rights reserved,n/a (not downloadable),isDownloadable=False; faces=291231,,,scan (method unstated),skull (cranium; mandible if stated),
wolf_type,Canis lupus,gray wolf,Sketchfab (victoriagallery),a17bdf98b430456e900425ec7fd0acfa,https://sketchfab.com/3d-models/a17bdf98b430456e900425ec7fd0acfa,,none [slug None],rejected,no licence: not downloadable / all rights reserved,n/a (not downloadable),isDownloadable=False; faces=64498,,,scan (method unstated),skull (cranium; mandible if stated),"fossil/archaeological; The wolf, Canis lupus lupus (Latin name), is a carnivore in the Canidae family. Carnivores are meat eaters. There are more than thirty speci"
wolf_type,Canis lupus,gray wolf,Sketchfab (CMNH),f39e8365f549466a9aeedfd1ec0fa921,https://sketchfab.com/3d-models/f39e8365f549466a9aeedfd1ec0fa921,,none [slug None],rejected,no licence: not downloadable / all rights reserved,n/a (not downloadable),isDownloadable=False; faces=599999,,,structured-light/laser,skull (cranium; mandible if stated),"CMNH 22306, *Canis lupus* Linnaeus, 1758 Scanner: Artec Spider Image by Hailey Majewski, CMNH"
wolf_type,Canis lupus,gray wolf,Sketchfab (uwlibraries),a0af673b673140f3a374857ca7f78e55,https://sketchfab.com/3d-models/a0af673b673140f3a374857ca7f78e55,https://arctos.database.museum/guid/UWYMV:Mamm:6546,CC Attribution [slug by],usable,,y (Sketchfab account for download),isDownloadable=True; faces=2127091,,UWYMV:Mamm:6546,scan (method unstated),skull (cranium; mandible if stated),Genus/species: *Canis lupus* Skull Arctos Database Link: https://arctos.database.museum/guid/UWYMV:Mamm:6546
domestic_dog,Canis familiaris,domestic dog,Sketchfab (RISDNaturelab),7b3bc127590e48aaa4e74e9d2a10e204,https://sketchfab.com/3d-models/7b3bc127590e48aaa4e74e9d2a10e204,,CC Attribution [slug by],usable,,y (Sketchfab account for download),isDownloadable=True; faces=500000,,Accession numbber: 689,scan (method unstated),skull (cranium; mandible if stated),Canis lupus familiaris Accession numbber: 689.94
domestic_dog,Canis familiaris,domestic dog,Sketchfab (RISDNaturelab),db911cf04eba4e08aebfe47faccfb9ea,https://sketchfab.com/3d-models/db911cf04eba4e08aebfe47faccfb9ea,,CC Attribution [slug by],usable,,y (Sketchfab account for download),isDownloadable=True; faces=1000000,,Accession #: 456,structured-light/laser,skull (cranium; mandible if stated),domestic dog skull (*Canis lupus familiaris*) Accession #: 456.06B Captured with Artec Spider 3D Scanner https://www.artec3d.com/portable-
domestic_dog,Canis familiaris,domestic dog,Sketchfab (RISDNaturelab),c386145a32ce490ebc3694f60e6f3ef9,https://sketchfab.com/3d-models/c386145a32ce490ebc3694f60e6f3ef9,,CC Attribution [slug by],usable,,y (Sketchfab account for download),isDownloadable=True; faces=500000,,Accession number: 454,structured-light/laser,skull (cranium; mandible if stated),"Bulldog (*Canis lupus familiaris*) Commonly bred in England and the United States, orginially from British Isles. The Bulldog gets its name"
domestic_dog,Canis familiaris,domestic dog,Sketchfab (RISDNaturelab),900e814101474b729f8d8ed6a8c82795,https://sketchfab.com/3d-models/900e814101474b729f8d8ed6a8c82795,,CC Attribution [slug by],usable,,y (Sketchfab account for download),isDownloadable=True; faces=1000000,,Accession number: 48,structured-light/laser,skull (cranium; mandible if stated),"The bulldog, also known as the British bulldog or English bulldog, is a medium-sized breed of domestic dog (*Canis lupus familiaris*). It is"
domestic_dog,Canis familiaris,domestic dog,Sketchfab (RISDNaturelab),a1a8149bc7044fb4b7ebb1858efd6bb5,https://sketchfab.com/3d-models/a1a8149bc7044fb4b7ebb1858efd6bb5,,CC Attribution [slug by],usable,,y (Sketchfab account for download),isDownloadable=True; faces=500000,,Accession number: 751,structured-light/laser,skull (cranium; mandible if stated),"Bulldog (*Canis lupus familiaris*) Commonly bred in England and the United States, orginially from British Isles. The Bulldog gets its nam"
domestic_dog,Canis familiaris,domestic dog,Sketchfab (leonardolobo),64d6f23ac3124143ad585939a6008a56,https://sketchfab.com/3d-models/64d6f23ac3124143ad585939a6008a56,,none [slug None],rejected,no licence: not downloadable / all rights reserved,n/a (not downloadable),isDownloadable=False; faces=300000,,,scan (method unstated),skull (cranium; mandible if stated),Canis lupus familiaris skull. The specimen lack some teeth.
wolf_type,Canis lupus,gray wolf,Sketchfab (laboratorinatura),a55c33a4dcb94318a442639578ee13f5,https://sketchfab.com/3d-models/a55c33a4dcb94318a442639578ee13f5,https://www.bioexplora.cat/en/osteologic-atlas/mzb_97-0670/902,none [slug None],rejected,no licence: not downloadable / all rights reserved,n/a (not downloadable),isDownloadable=False; faces=3508713,,MZB 97-0670,scan (method unstated),skull (cranium; mandible if stated),"*Canis lupus lupus* Linnaeus, 1758 llop, lobo, Wolf MZB 97-0670 crani, cráneo, skull More information: https://www.bioexplora.cat/en/os"
domestic_dog,Canis familiaris,domestic dog,Sketchfab (nzfauna),023e49c605fb4308ba1a240361e15c3e,https://sketchfab.com/3d-models/023e49c605fb4308ba1a240361e15c3e,,CC Attribution-ShareAlike [slug by-sa],rejected,SA (copyleft),y,isDownloadable=True; faces=2844590,,,structured-light/laser,skull (cranium; mandible if stated),Digital replica of the upper skull from a dog (*Canis lupus familiaris*). The 3D Dog Bone Project is a collaboration between the Institute
domestic_dog,Canis familiaris,domestic dog,Sketchfab (laboratorinatura),32c108558a544a2685a1d1e764115c38,https://sketchfab.com/3d-models/32c108558a544a2685a1d1e764115c38,https://www.bioexplora.cat/en/osteologic-atlas/mzb_82-7118/909,none [slug None],rejected,no licence: not downloadable / all rights reserved,n/a (not downloadable),isDownloadable=False; faces=2481402,,MZB 82-7118,scan (method unstated),mandible,"*Canis lupus familiaris* Linnaeus, 1758 gos domèstic, perro doméstico, Domestic Dog MZB 82-7118 crani, cráneo, skull More information:"
wolf_type,Canis latrans,coyote,Sketchfab (RISDNaturelab),b57647c6363f4b00899d71ed62713988,https://sketchfab.com/3d-models/b57647c6363f4b00899d71ed62713988,,CC Attribution [slug by],usable,,y (Sketchfab account for download),isDownloadable=True; faces=500000,,Accession number: 12,structured-light/laser,skull (cranium; mandible if stated),"Coyote (*Canis latrans*) Native to the Nearctic region, found throughout North and Central America. Coyotes commonly hunt by themselves or"
wolf_type,Canis latrans,coyote,Sketchfab (gomeasure3d),ffc3636008924df9bf732295c8866619,https://sketchfab.com/3d-models/ffc3636008924df9bf732295c8866619,,CC Attribution [slug by],usable,,y (Sketchfab account for download) / n via Zenodo mirror,isDownloadable=True; faces=1891009,,,structured-light/laser,skull (cranium; mandible if stated),Login-free mirror on Zenodo: https://zenodo.org/records/10352787 (cc-by-4.0). Coyote skull scanned with HDI R4x 3D scanner
wolf_type,Canis latrans,coyote,Sketchfab (ebauer4),84af567b2114440f8859311b1408a44b,https://sketchfab.com/3d-models/84af567b2114440f8859311b1408a44b,,CC Attribution [slug by],usable,,y (Sketchfab account for download),isDownloadable=True; faces=497202,,,structured-light/laser,skull (cranium; mandible if stated),"The skull of a coyote (canus latrans). Specimen is from the peidmont region of North Carolina, USA. The rear of the skull was cut with a s"
wolf_type,Canis latrans,coyote,Sketchfab (OSU.Multimedia),fc4b35ad90854f7d9bfe5bdee41d8408,https://sketchfab.com/3d-models/fc4b35ad90854f7d9bfe5bdee41d8408,,CC Attribution [slug by],usable,,y (Sketchfab account for download),isDownloadable=True; faces=437714,,FW1521,scan (method unstated),skull (cranium; mandible if stated),Carnivora Canidae *Canis latrans* Adult
wolf_type,Canis latrans,coyote,Sketchfab (ebauer4),626694cf311445a380e780b0cb309e4e,https://sketchfab.com/3d-models/626694cf311445a380e780b0cb309e4e,,CC Attribution [slug by],usable,,y (Sketchfab account for download),isDownloadable=True; faces=515130,,,structured-light/laser,mandible,"The skull of a coyote (canus latrans). Specimen is from the peidmont region of North Carolina, USA. The rear of the skull was cut with a s"
wolf_type,Canis latrans,coyote,Sketchfab (RISDNaturelab),658144e62d534ea4a6a2a301a493e18b,https://sketchfab.com/3d-models/658144e62d534ea4a6a2a301a493e18b,,CC Attribution [slug by],usable,,y (Sketchfab account for download),isDownloadable=True; faces=1000000,,Accession #: 34,structured-light/laser,skull (cranium; mandible if stated),coyote skull (*Canis latrans*) Accession #: 34.99 Captured with Artec Spider 3D Scanner https://www.artec3d.com/portable-3d-scanners/artec
wolf_type,Canis latrans,coyote,Sketchfab (Jesterz86),07b96dafe565429ea390e358fcc46e6c,https://sketchfab.com/3d-models/07b96dafe565429ea390e358fcc46e6c,,CC Attribution [slug by],usable,,y (Sketchfab account for download),isDownloadable=True; faces=11420,,,artist/derived,skull (cranium; mandible if stated),"Modelled and sculped in Blender, Textured in Substance Painter 2"
wolf_type,Canis latrans,coyote,Sketchfab (SinkingShips),5fc0746850be4528820f930a2218988f,https://sketchfab.com/3d-models/5fc0746850be4528820f930a2218988f,,CC Attribution [slug by],usable,,y (Sketchfab account for download),isDownloadable=True; faces=206680,,,photogrammetry,skull (cranium; mandible if stated),My first test of using Reality Scan.I decided to use my coyote skull as it provides a complex level of detail to attempt to capture while be
wolf_type,Canis latrans,coyote,Sketchfab (lmtyler214),7157ab0bd64a4782ae79383bceb59601,https://sketchfab.com/3d-models/7157ab0bd64a4782ae79383bceb59601,,CC Attribution [slug by],usable,,y (Sketchfab account for download),isDownloadable=True; faces=1449822,,,photogrammetry,skull (cranium; mandible if stated),"I technichally took this within the polycam app, however it didnt not turn out the way i liked do i put the photos in the Reality Scan softw"
wolf_type,Canis latrans,coyote,Sketchfab (ilstatemuseum),0d280820feb2471d8e6860c9741e2915,https://sketchfab.com/3d-models/0d280820feb2471d8e6860c9741e2915,,CC Attribution [slug by],usable,,y (Sketchfab account for download),isDownloadable=True; faces=847895,,ISM (#614261),scan (method unstated),skull (cranium; mandible if stated),"Coyote (Canis latrans, Canidae), skull. Specimen is housed in the Zoology collection of the ISM (#614261)."
wolf_type,Canis latrans,coyote,Sketchfab (OSU.Multimedia),8e5d8915449b44658f7c6da5a3402ab3,https://sketchfab.com/3d-models/8e5d8915449b44658f7c6da5a3402ab3,,CC Attribution [slug by],usable,,y (Sketchfab account for download),isDownloadable=True; faces=1000000,,,scan (method unstated),skull (cranium; mandible if stated),
wolf_type,Canis latrans,coyote,Sketchfab (timcarlielle),d947b07c268d4b8db9104226205762fd,https://sketchfab.com/3d-models/d947b07c268d4b8db9104226205762fd,,CC Attribution [slug by],usable,,y (Sketchfab account for download),isDownloadable=True; faces=238758,,,scan (method unstated),skull (cranium; mandible if stated),
wolf_type,Canis latrans,coyote,Sketchfab (RISDNaturelab),a9c572cedd374ed998f4d423f7aded7a,https://sketchfab.com/3d-models/a9c572cedd374ed998f4d423f7aded7a,,CC Attribution [slug by],usable,,y (Sketchfab account for download),isDownloadable=True; faces=500000,,Accession number :13,scan (method unstated),cranium,*Canis Latrans* Accession number :13.18
wolf_type,Canis latrans,coyote,Sketchfab (misterdevious),79610028512e41b0b2c799c91fe8f298,https://sketchfab.com/3d-models/79610028512e41b0b2c799c91fe8f298,,none [slug None],rejected,no licence: not downloadable / all rights reserved,n/a (not downloadable),isDownloadable=False; faces=50000,,,photogrammetry,skull (cranium; mandible if stated),"This Coyote skull was scanned with 140 photos (Canon 6D, 50mm, f14, 160, 200ISO) and processed and decimated (1M to 50K) using RealityCaptur"
wolf_type,Canis latrans,coyote,Sketchfab (AtlanticDragon),2ab4478f4241414889e1b0a717878316,https://sketchfab.com/3d-models/2ab4478f4241414889e1b0a717878316,,none [slug None],rejected,no licence: not downloadable / all rights reserved,n/a (not downloadable),isDownloadable=False; faces=42668,,,scan (method unstated),skull (cranium; mandible if stated),"Coyote skull 3D model, I made this for some practice, with texturing and topology, I think It turned out incredible"
wolf_type,Canis latrans,coyote,Sketchfab (havenmetrology),ddb8e0cc139740e3be37f3a252fcb86c,https://sketchfab.com/3d-models/ddb8e0cc139740e3be37f3a252fcb86c,,none [slug None],rejected,no licence: not downloadable / all rights reserved,n/a (not downloadable),isDownloadable=False; faces=5353989,,,CT,skull (cranium; mandible if stated),Here is an industrial CT scan of a coyote skull. The original file was too large for upload but it includes internal data like dentin and sk
wolf_type,Canis latrans,coyote,Sketchfab (charlestonmuseum),2e7ce000e37547078ca2f097f610fd93,https://sketchfab.com/3d-models/2e7ce000e37547078ca2f097f610fd93,,CC Attribution-NonCommercial [slug by-nc],rejected,NC,y,isDownloadable=True; faces=92006,,CM981,scan (method unstated),skull (cranium; mandible if stated),**ChM CM981** - *Canis latrans* Coyotes are within the Family Canidae alongside wolves and domestic dogs. Their frame differs from modern g
wolf_type,Canis latrans,coyote,Sketchfab (hexandhew),dbabf9c329e146cdac10d29e551a713b,https://sketchfab.com/3d-models/dbabf9c329e146cdac10d29e551a713b,,Editorial [slug ed],rejected,Editorial-only licence,n/a (not downloadable),isDownloadable=False; faces=775800,,,structured-light/laser,skull (cranium; mandible if stated),Coyote Skull Scan from Einscan SE. Some clean up done.
wolf_type,Canis latrans,coyote,Sketchfab (Jonathan_Wright),f8bb50c1a02e4ee19073c943ac47b758,https://sketchfab.com/3d-models/f8bb50c1a02e4ee19073c943ac47b758,,none [slug None],rejected,no licence: not downloadable / all rights reserved,n/a (not downloadable),isDownloadable=False; faces=89696,,,scan (method unstated),skull (cranium; mandible if stated),
wolf_type,Canis latrans,coyote,Sketchfab (LakeheadAnthropology),8fb81bfa8ef44fa4971adb274000148b,https://sketchfab.com/3d-models/8fb81bfa8ef44fa4971adb274000148b,,none [slug None],rejected,no licence: not downloadable / all rights reserved,n/a (not downloadable),isDownloadable=False; faces=1192929,,,structured-light/laser,skull (cranium; mandible if stated),Canis latrans (Coyote) Skull Lakehead University accession number: D-1-5-1 Scanned on the NextEngine Scanner Author: Clarence Surette
wolf_type,Canis latrans,coyote,Sketchfab (charlestonmuseum),2164d11ca6694a49b788c4a3d540d49c,https://sketchfab.com/3d-models/2164d11ca6694a49b788c4a3d540d49c,,CC Attribution-NonCommercial [slug by-nc],rejected,NC,y,isDownloadable=True; faces=44480,,CM981,scan (method unstated),mandible,**ChM CM981** - *Canis latrans* Coyotes are within the Family Canidae alongside wolves and domestic dogs. Their frame differs from modern g
wolf_type,Canis latrans,coyote,Sketchfab (FloridaMuseum),ff812cbefd7446c0b83a842f32dfd785,https://sketchfab.com/3d-models/ff812cbefd7446c0b83a842f32dfd785,,none [slug None],rejected,no licence: not downloadable / all rights reserved,n/a (not downloadable),isDownloadable=False; faces=2592100,,,photogrammetry,skull (cranium; mandible if stated),"Skull of a Coyote, *Canis latrans*, from the Florida Museum of Natural History Mammal collection (UF 35798). Photogrammetry scan by the Flo"
wolf_type,Canis latrans,coyote,Sketchfab (s.hodara),6b97518a22fc4baab0ddd2f0a7844955,https://sketchfab.com/3d-models/6b97518a22fc4baab0ddd2f0a7844955,,Free Standard [slug free-st],rejected,"Sketchfab Free Standard licence, not open",y,isDownloadable=True; faces=179136,,,scan (method unstated),skull (cranium; mandible if stated),
wolf_type,Canis latrans,coyote,Sketchfab (uwlibraries),0a89617e6e434db48d231484e51b0aad,https://sketchfab.com/3d-models/0a89617e6e434db48d231484e51b0aad,https://arctos.database.museum/guid/UWYMV:Mamm:2860,CC Attribution [slug by],usable,,y (Sketchfab account for download),isDownloadable=True; faces=909481,,UWYMV:Mamm:2860,scan (method unstated),skull (cranium; mandible if stated),Genus/species: *Canis latrans* Skull Arctos Database Link: https://arctos.database.museum/guid/UWYMV:Mamm:2860
wolf_type,Canis latrans,coyote,Sketchfab (uwlibraries),de003c54f5f44f9ea10068c72e6482bc,https://sketchfab.com/3d-models/de003c54f5f44f9ea10068c72e6482bc,https://arctos.database.museum/guid/UWYMV:Mamm:2860,CC Attribution [slug by],usable,,y (Sketchfab account for download),isDownloadable=True; faces=305114,,UWYMV:Mamm:2860,scan (method unstated),mandible,Genus/species: *Canis latrans* Mandible Arctos Database Link: https://arctos.database.museum/guid/UWYMV:Mamm:2860
wolf_type,Canis latrans,coyote,Sketchfab (uwlibraries),2dbaba82dd754166b41474b595831814,https://sketchfab.com/3d-models/2dbaba82dd754166b41474b595831814,https://arctos.database.museum/guid/UWYMV:Mamm:2860,CC Attribution [slug by],usable,,y (Sketchfab account for download),isDownloadable=True; faces=657548,,UWYMV:Mamm:2860,scan (method unstated),cranium,Genus/species: *Canis latrans* Crania Arctos Database Link: https://arctos.database.museum/guid/UWYMV:Mamm:2860
wolf_type,Canis latrans,coyote,Sketchfab (LakeheadAnthropology),67ea4d907f454a7d865ff3373dbb9bfd,https://sketchfab.com/3d-models/67ea4d907f454a7d865ff3373dbb9bfd,,none [slug None],rejected,no licence: not downloadable / all rights reserved,n/a (not downloadable),isDownloadable=False; faces=1216672,,,structured-light/laser,mandible,Canis latrans (Coyote) Mandible Lakehead University accession number: D-1-5-2/3 Scanned on the NextEngine Scanner Author: Clarence Sure
wolf_type,Canis latrans,coyote,Sketchfab (osteoarchaeology),07d75e0b2f424a5e9826514156d2c5b3,https://sketchfab.com/3d-models/07d75e0b2f424a5e9826514156d2c5b3,,none [slug None],rejected,no licence: not downloadable / all rights reserved,n/a (not downloadable),isDownloadable=False; faces=480764,,,structured-light/laser,cranium,"Scanned by AMK with Artec Space Spider, from own collection."
jackal_lupulella,Lupulella mesomelas,black-backed jackal,Sketchfab (uod_museums),df24233a66364068b74fbe836057380c,https://sketchfab.com/3d-models/df24233a66364068b74fbe836057380c,,CC Attribution [slug by],usable,,y (Sketchfab account for download),isDownloadable=True; faces=3590208,,DUNUC 2129,structured-light/laser,skull (cranium; mandible if stated),Black-backed Jackal skull from the D’Arcy Thompson Zoology Museum at the University of Dundee. Black-backed jackal (*Lupulella mesomelas*)
jackal_lupulella,Lupulella mesomelas,black-backed jackal,Sketchfab (squidinkillustration),a4a6f5862653434997608a11f1c69901,https://sketchfab.com/3d-models/a4a6f5862653434997608a11f1c69901,,none [slug None],rejected,no licence: not downloadable / all rights reserved,n/a (not downloadable),isDownloadable=False; faces=897650,,,structured-light/laser,skull (cranium; mandible if stated),*Lupulella mesomelas* (black-backed jackal). This model was created using a 3D scanner and Artec software and then edited in ZBrush. The ori
wild_dog,Lycaon pictus,African wild dog,Sketchfab (tony-eight),dd9b440f1bdd450aa944ed5930ac4c0c,https://sketchfab.com/3d-models/dd9b440f1bdd450aa944ed5930ac4c0c,,none [slug None],rejected,no licence: not downloadable / all rights reserved,n/a (not downloadable),isDownloadable=False; faces=487464,,,artist/derived,skull (cranium; mandible if stated),you can support me here: https://www.patreon.com/tonyeight I am currently studying the African Wild Dog (such beautiful and social animals
wild_dog,Lycaon pictus,African wild dog,Sketchfab (laboratorinatura),6c4f889eabe644be9ce4f8a876835fc1,https://sketchfab.com/3d-models/6c4f889eabe644be9ce4f8a876835fc1,https://www.bioexplora.cat/en/osteologic-atlas/mzb_2010-0232-B/912,none [slug None],rejected,no licence: not downloadable / all rights reserved,n/a (not downloadable),isDownloadable=False; faces=3177412,,MZB 2010-0232-,scan (method unstated),skull (cranium; mandible if stated),"*Lycaon pictus* (Temminck, 1820) gos salvatge, perro salvaje, Hunting Dog MZB 2010-0232-B crani, cráneo, skull More information: https:"
wild_dog,Lycaon pictus,African wild dog,Sketchfab (laboratorinatura),9a87c07a8fa24b6892096b92830f81fb,https://sketchfab.com/3d-models/9a87c07a8fa24b6892096b92830f81fb,https://www.bioexplora.cat/en/osteologic-atlas/mzb_2010-0232-B/913,none [slug None],rejected,no licence: not downloadable / all rights reserved,n/a (not downloadable),isDownloadable=False; faces=2162308,,MZB 2010-0232-,scan (method unstated),mandible,"*Lycaon pictus* (Temminck, 1820) gos salvatge, perro salvaje, Hunting Dog MZB 2010-0232-B mandíbula, mandíbula, mandible More informati"
dingo_type,Canis dingo,dingo,Sketchfab (arevans),2007b7c9a3fa4aa18899f5351b343631,https://sketchfab.com/3d-models/2007b7c9a3fa4aa18899f5351b343631,,none [slug None],rejected,no licence: not downloadable / all rights reserved,n/a (not downloadable),isDownloadable=False; faces=1685152,,,scan (method unstated),skull (cranium; mandible if stated),Skull and teeth of the Australian Dingo South Australian Museum SAMA M1961
dingo_type,Canis dingo,dingo,Sketchfab (Ozboneviz),ef6b53a156d14ac68735943b12fb447c,https://sketchfab.com/3d-models/ef6b53a156d14ac68735943b12fb447c,,none [slug None],rejected,no licence: not downloadable / all rights reserved,n/a (not downloadable),isDownloadable=False; faces=463458,,,structured-light/laser,cranium,Cranium of a dingo (*Canis familiaris*). 3D model produced by a structured light surface scan of specimen SAMA-M5469 from the collection of
dingo_type,Canis dingo,dingo,Sketchfab (UQ_SEES),524e011fee534110af3a878f3e067e6e,https://sketchfab.com/3d-models/524e011fee534110af3a878f3e067e6e,,none [slug None],rejected,no licence: not downloadable / all rights reserved,n/a (not downloadable),isDownloadable=False; faces=183683,,,scan (method unstated),mandible,"Dingo mandible from Mt Gambier, South Australia. This specimen is part of a PhD project led by Meg Walker of Griffith University and in col"
dingo_type,Canis dingo,dingo,Sketchfab (wamuseum),93646d4d72c34b8a892a24df862e1f80,https://sketchfab.com/3d-models/93646d4d72c34b8a892a24df862e1f80,,none [slug None],rejected,no licence: not downloadable / all rights reserved,n/a (not downloadable),isDownloadable=False; faces=1043896,,,scan (method unstated),mandible,"*Canis familaris dingo* Scanned by Jake Newman-Martin | Property of the Western Australian Museum, 2021"
domestic_dog,Canis familiaris,domestic dog,Sketchfab (valchanov),dae74739052e48009c8a848a1c93a3fd,https://sketchfab.com/3d-models/dae74739052e48009c8a848a1c93a3fd,,CC Attribution [slug by],usable,,y (Sketchfab account for download),isDownloadable=True; faces=831772,,,CT,skull (cranium; mandible if stated),"Canine skull, CT scan, 0.5mm slides."
domestic_dog,Canis familiaris,domestic dog,Sketchfab (interstellar_simian),44e8d79e34cd4bee9a6e5400ce24e62b,https://sketchfab.com/3d-models/44e8d79e34cd4bee9a6e5400ce24e62b,,CC Attribution [slug by],usable,,y (Sketchfab account for download),isDownloadable=True; faces=100000,,,scan (method unstated),skull (cranium; mandible if stated),"© Educational Technology Unit, Massey University, 2018. Specimen courtesy of Professor Peter Davie."
domestic_dog,Canis familiaris,domestic dog,Sketchfab (bluebie),6a9d5ea9bbf344c3bcc0b4e68592242a,https://sketchfab.com/3d-models/6a9d5ea9bbf344c3bcc0b4e68592242a,,CC Attribution [slug by],usable,,y (Sketchfab account for download),isDownloadable=True; faces=623010,,,photogrammetry,skull (cranium; mandible if stated),Photogrammetric reconstruction of dog skull - breed unknown. Released as Public Domain
domestic_dog,Canis familiaris,domestic dog,Sketchfab (majedhd),4a9afff8954848dfb6a2f62f4a98bb0d,https://sketchfab.com/3d-models/4a9afff8954848dfb6a2f62f4a98bb0d,,CC Attribution [slug by],usable,,y (Sketchfab account for download),isDownloadable=True; faces=1400000,,,photogrammetry,skull (cranium; mandible if stated),Photos via Galaxy Note 4 Reconstructed in Agisoft PhotoScan .
domestic_dog,Canis familiaris,domestic dog,Sketchfab (SusanElaineJones),d55bb38a6b584176a3930d2b7657930b,https://sketchfab.com/3d-models/d55bb38a6b584176a3930d2b7657930b,,CC Attribution [slug by],usable,,y (Sketchfab account for download),isDownloadable=True; faces=217393,,,photogrammetry,skull (cranium; mandible if stated),"Domestic dog skull, modelled by photogrammetry at the Cambridge Vet School"
domestic_dog,Canis familiaris,domestic dog,Sketchfab (ergin3d.com),7bc53a13b9e54042a6a094508dadd180,https://sketchfab.com/3d-models/7bc53a13b9e54042a6a094508dadd180,,CC Attribution [slug by],usable,,y (Sketchfab account for download),isDownloadable=True; faces=207578,,,scan (method unstated),skull (cranium; mandible if stated),"A typical dog skull consists of several distinct parts, including the cranium, which houses the brain, and the mandible, or lower jawbone. T"
domestic_dog,Canis familiaris,domestic dog,Sketchfab (agancz),ebb0f8bf169745b4a3757abac29694c0,https://sketchfab.com/3d-models/ebb0f8bf169745b4a3757abac29694c0,,CC Attribution [slug by],usable,,y (Sketchfab account for download) / n via Zenodo mirror,isDownloadable=True; faces=586612,,,photogrammetry,skull (cranium; mandible if stated),Login-free mirror on Zenodo: https://zenodo.org/records/10327538 (cc-by-4.0). fossil/archaeological; Canis Familiaris (Male) Located in the archaeology labs of North Carolina at UNC-CH. Created using 88 photos via Agisoft PhotoScan.
domestic_dog,Canis familiaris,domestic dog,Sketchfab (saanatomy),f0f52a82f37d476f871daff7c2d7eb8c,https://sketchfab.com/3d-models/f0f52a82f37d476f871daff7c2d7eb8c,,CC Attribution [slug by],usable,,y (Sketchfab account for download),isDownloadable=True; faces=388634,,,scan (method unstated),skull (cranium; mandible if stated),www.3danatomy.store
domestic_dog,Canis familiaris,domestic dog,Sketchfab (CTL_UoB),58b3f22e325e4de6a2cb973176e7fed2,https://sketchfab.com/3d-models/58b3f22e325e4de6a2cb973176e7fed2,,CC Attribution [slug by],usable,,y (Sketchfab account for download),isDownloadable=True; faces=151038,,,scan (method unstated),skull (cranium; mandible if stated),**Class**: Mammalia **Order**: Carnivora **Family**: Canidae **Genus**: Canis **Species**: Canis familiaris **Common name**: Dog **Gend
domestic_dog,Canis familiaris,domestic dog,Sketchfab (rmontgomery),3fa7b70031bb4980a778bb7fd8d3cf71,https://sketchfab.com/3d-models/3fa7b70031bb4980a778bb7fd8d3cf71,,CC Attribution [slug by],usable,,y (Sketchfab account for download) / n via Zenodo mirror,isDownloadable=True; faces=25000,,,scan (method unstated),skull (cranium; mandible if stated),Login-free mirror on Zenodo: https://zenodo.org/records/10335634 (cc-by-4.0). Great Dane dog skull
domestic_dog,Canis familiaris,domestic dog,Sketchfab (spelthornemuseum),7b34e30e004b433292c1824703ace99b,https://sketchfab.com/3d-models/7b34e30e004b433292c1824703ace99b,,CC Attribution [slug by],usable,,y (Sketchfab account for download) / n via Zenodo mirror,isDownloadable=True; faces=339999,,,scan (method unstated),skull (cranium; mandible if stated),"Login-free mirror on Zenodo: https://zenodo.org/records/10233761 (cc-by-4.0). fossil/archaeological; This dog skull from the Roman period was found in what we think was a well at the County Sports site in Staines in the early 1980s. Nick, ou"
domestic_dog,Canis familiaris,domestic dog,Sketchfab (interstellar_simian),c003fa05e38c4a5cb2277022656a5ec4,https://sketchfab.com/3d-models/c003fa05e38c4a5cb2277022656a5ec4,,CC Attribution [slug by],usable,,y (Sketchfab account for download),isDownloadable=True; faces=1000000,,,structured-light/laser,skull (cranium; mandible if stated),Tweaked Space Spider scan without texture.
domestic_dog,Canis familiaris,domestic dog,Sketchfab (dylanspicer),3254d8e5ef0446f69c8469e72ab76cfe,https://sketchfab.com/3d-models/3254d8e5ef0446f69c8469e72ab76cfe,,CC Attribution [slug by],usable,,y (Sketchfab account for download),isDownloadable=True; faces=571712,,,scan (method unstated),skull (cranium; mandible if stated),A dog named Dork
canid_indet,Canidae indet.,canid (unidentified),Sketchfab (RISDNaturelab),b165b0cb097241f699532f3f9853a474,https://sketchfab.com/3d-models/b165b0cb097241f699532f3f9853a474,,CC Attribution [slug by],usable,,y (Sketchfab account for download),isDownloadable=True; faces=1000000,,,structured-light/laser,skull (cranium; mandible if stated),*Canis sp.* 782.13 Captured with Artec Spider 3D Scanner https://www.artec3d.com/portable-3d-scanners/artec-spider-v2
domestic_dog,Canis familiaris,domestic dog,Sketchfab (KellyGoldberg),2b84596f09db48d89a019b25e25d40b6,https://sketchfab.com/3d-models/2b84596f09db48d89a019b25e25d40b6,,CC Attribution [slug by],usable,,y (Sketchfab account for download),isDownloadable=True; faces=999999,,,structured-light/laser,skull (cranium; mandible if stated),This model was produced by Dave Cicimurri with the Artec Space Spider 3D scanner.
domestic_dog,Canis familiaris,domestic dog,Sketchfab (theshadowmerchant),267dc5385f774f008802d60713662dd5,https://sketchfab.com/3d-models/267dc5385f774f008802d60713662dd5,,CC Attribution [slug by],usable,,y (Sketchfab account for download),isDownloadable=True; faces=1182,,,scan (method unstated); low poly (<20k faces),skull (cranium; mandible if stated),This model goes allong with a textured ribs I made.
domestic_dog,Canis familiaris,domestic dog,Sketchfab (yvonnepeponi),f2564b60a3984db3b5002d9f0e9e5686,https://sketchfab.com/3d-models/f2564b60a3984db3b5002d9f0e9e5686,,CC Attribution [slug by],usable,,y (Sketchfab account for download),isDownloadable=True; faces=1000000,,,scan (method unstated),skull (cranium; mandible if stated),This 3D model was created by RISD Nature lab and further adapted by me. Annotations have been added and a change of background has been mad
domestic_dog,Canis familiaris,domestic dog,Sketchfab (cineg),07b6c2dc02154d09a38864587cbd5a5e,https://sketchfab.com/3d-models/07b6c2dc02154d09a38864587cbd5a5e,,CC0 Public Domain [slug cc0],usable,,y (Sketchfab account for download) / n via Zenodo mirror,isDownloadable=True; faces=983122,,,scan (method unstated),skull (cranium; mandible if stated),"Login-free mirror on Zenodo: https://zenodo.org/records/10288701 (cc-zero). 3D model of a canid skull, probably of a dog or fox. The skull has a small dorsal crest and a similar size and morphology to a small Spaniel"
domestic_dog,Canis familiaris,domestic dog,Sketchfab (CoopClimax),8cb1c5a9950642ec8ed30ab7c29ff7df,https://sketchfab.com/3d-models/8cb1c5a9950642ec8ed30ab7c29ff7df,,CC Attribution-NonCommercial [slug by-nc],rejected,NC,y,isDownloadable=True; faces=586538,,,structured-light/laser,skull (cranium; mandible if stated),Dog skull scanned with Einscan Pro plus
domestic_dog,Canis familiaris,domestic dog,Sketchfab (interstellar_simian),a9f5367722104bfc83965a9982603e78,https://sketchfab.com/3d-models/a9f5367722104bfc83965a9982603e78,,none [slug None],rejected,no licence: not downloadable / all rights reserved,n/a (not downloadable),isDownloadable=False; faces=100000,,,scan (method unstated),skull (cranium; mandible if stated),"© Educational Technology Unit, Massey University, 2018. Specimen courtesy of Professor Peter Davie."
domestic_dog,Canis familiaris,domestic dog,Sketchfab (senselab),f035bf0a6526439588cc244504f67c47,https://sketchfab.com/3d-models/f035bf0a6526439588cc244504f67c47,,Standard [slug st],rejected,"Sketchfab Standard (store) licence, not open",n/a (not downloadable),isDownloadable=False; faces=197817,,,photogrammetry,skull (cranium; mandible if stated),High quality optimized photogrammetry scan of an adult German Shepherd male dog skull. Model has detailed textures and is suitable for anato
domestic_dog,Canis familiaris,domestic dog,Sketchfab (SGUMedArt),7b00f694ce304683b4349e25513ddaab,https://sketchfab.com/3d-models/7b00f694ce304683b4349e25513ddaab,,none [slug None],rejected,no licence: not downloadable / all rights reserved,n/a (not downloadable),isDownloadable=False; faces=502976,,,scan (method unstated),skull (cranium; mandible if stated),
domestic_dog,Canis familiaris,domestic dog,Sketchfab (ufisciai),2303e346024c49e4a2b599c4adc1d6cc,https://sketchfab.com/3d-models/2303e346024c49e4a2b599c4adc1d6cc,,none [slug None],rejected,no licence: not downloadable / all rights reserved,n/a (not downloadable),isDownloadable=False; faces=60000,,,photogrammetry,skull (cranium; mandible if stated),"dog skull, my first attempt with photoscan. Camera: canon eos 500d, 18-55mm lens"
wild_dog,Lycaon pictus,African wild dog,Sketchfab (johnnyuday),989fe2eb148542d18f9dca54abab97ab,https://sketchfab.com/3d-models/989fe2eb148542d18f9dca54abab97ab,,none [slug None],rejected,no licence: not downloadable / all rights reserved,n/a (not downloadable),isDownloadable=False; faces=1412518,,,scan (method unstated),skull (cranium; mandible if stated),"Huesos del cráeno del perro, útil para el repaso y estudios anatómicos de los caninos."
domestic_dog,Canis familiaris,domestic dog,Sketchfab (virtualcurationlab),e9dfe1dad6eb451db94c01105939ef5f,https://sketchfab.com/3d-models/e9dfe1dad6eb451db94c01105939ef5f,,CC Attribution-NonCommercial-NoDerivs [slug by-nc-nd],rejected,NC+ND,y,isDownloadable=True; faces=184774,,,scan (method unstated),skull (cranium; mandible if stated),"fossil/archaeological; This combination of an archaeologically recovered dog skull and modern deer antler is inspired by Max, the dog from the *Grinch Who Stole Ch"
domestic_dog,Canis familiaris,domestic dog,Sketchfab (VBbioviz),48064b449dde432f81d9fb11869b2cd1,https://sketchfab.com/3d-models/48064b449dde432f81d9fb11869b2cd1,,none [slug None],rejected,no licence: not downloadable / all rights reserved,n/a (not downloadable),isDownloadable=False; faces=98669,,,CT,skull (cranium; mandible if stated),"CT scan of a dog skull brought into ZBrush, where it was cleaned up, reconstructed, and painted."
domestic_dog,Canis familiaris,domestic dog,Sketchfab (GaiaBiomodels),45753385b0d54b5da5f5915f2259ed4f,https://sketchfab.com/3d-models/45753385b0d54b5da5f5915f2259ed4f,,none [slug None],rejected,no licence: not downloadable / all rights reserved,n/a (not downloadable),isDownloadable=False; faces=2270942,,,scan (method unstated),skull (cranium; mandible if stated),###__CT-Study__ Performed at: [DB Veterinary Diagnostic Imaging](https://dbvet.es) See more at [GAIA Biomodels](http://gaiabiomodels.com)
domestic_dog,Canis familiaris,domestic dog,Sketchfab (uod_museums),aa121b11c0fb4c1bb9e2944aef0ffcb4,https://sketchfab.com/3d-models/aa121b11c0fb4c1bb9e2944aef0ffcb4,,none [slug None],rejected,no licence: not downloadable / all rights reserved,n/a (not downloadable),isDownloadable=False; faces=548320,,DUNUC 3206,structured-light/laser,skull (cranium; mandible if stated),"Skull of a Dog from the School of Dentistry’s Comparative Anatomy Collection at the University of Dundee, with jaw sectioned to show the roo"
domestic_dog,Canis familiaris,domestic dog,Sketchfab (technicframe62),d6638e3d2c2644a0bc341c2aa6a298d6,https://sketchfab.com/3d-models/d6638e3d2c2644a0bc341c2aa6a298d6,,CC Attribution [slug by],usable,,y (Sketchfab account for download),isDownloadable=True; faces=21500,,,photogrammetry,skull (cranium; mandible if stated),A skull of a dog held in the University of Birmingham Biosciences Stores. The hole in the top of the skull is an artefact of the photogramme
domestic_dog,Canis familiaris,domestic dog,Sketchfab (yalepeabodymuseum),28b4f8864e804455a3825a08a6a5aa6b,https://sketchfab.com/3d-models/28b4f8864e804455a3825a08a6a5aa6b,,CC Attribution [slug by],usable,,y (Sketchfab account for download),isDownloadable=True; faces=779966,,YPM MAM.004945,photogrammetry,skull (cranium; mandible if stated),"Skull (cranium) of a dog (Pekinese, champion ""Han Shih""), *Canis familiaris* Mammalia; Carnivora; Caniformia; Cynoidea; Canidae; Caninae: *"
domestic_dog,Canis familiaris,domestic dog,Sketchfab (LakeheadAnthropology),c179cfbc5d774076a0276b5c1b5cfa0e,https://sketchfab.com/3d-models/c179cfbc5d774076a0276b5c1b5cfa0e,,none [slug None],rejected,no licence: not downloadable / all rights reserved,n/a (not downloadable),isDownloadable=False; faces=2144411,,,structured-light/laser,skull (cranium; mandible if stated),Canis familiaris Skull Pug Scanned on the NextEngine Scanner Author: Clarence Surette
domestic_dog,Canis familiaris,domestic dog,Sketchfab (Nick0320),97de7ec51f6a47db963c8e648971d675,https://sketchfab.com/3d-models/97de7ec51f6a47db963c8e648971d675,,none [slug None],rejected,no licence: not downloadable / all rights reserved,n/a (not downloadable),isDownloadable=False; faces=77172,,,scan (method unstated),skull (cranium; mandible if stated),Skull of unknown breed of dog.
domestic_dog,Canis familiaris,domestic dog,Sketchfab (laboratorinatura),061df95f600747e78450f8b6023c09f8,https://sketchfab.com/3d-models/061df95f600747e78450f8b6023c09f8,https://www.bioexplora.cat/en/osteologic-atlas/mzb_82-7118/908,none [slug None],rejected,no licence: not downloadable / all rights reserved,n/a (not downloadable),isDownloadable=False; faces=5499939,,MZB 82-7118,scan (method unstated),skull (cranium; mandible if stated),"*Canis lupus familiaris* Linnaeus, 1758 gos domèstic, perro doméstico, Domestic Dog MZB 82-7118 crani, cráneo, skull More information:"
domestic_dog,Canis familiaris,domestic dog,Sketchfab (DigitalZooarch),8956d301a50c45f1a1c348462e0d1fd7,https://sketchfab.com/3d-models/8956d301a50c45f1a1c348462e0d1fd7,,CC Attribution [slug by],usable,,y (Sketchfab account for download),isDownloadable=True; faces=800000,,,scan (method unstated),cranium,Cranium of adult male basenji (*Canis familiaris*)
domestic_dog,Canis familiaris,domestic dog,Sketchfab (DigitalZooarch),e9a47849d3af4e2e8e7a6bbedd043d4d,https://sketchfab.com/3d-models/e9a47849d3af4e2e8e7a6bbedd043d4d,,CC Attribution [slug by],usable,,y (Sketchfab account for download),isDownloadable=True; faces=800000,,,scan (method unstated),mandible,Mandible of adult male basenji (*Canis familiaris*)
domestic_dog,Canis familiaris,domestic dog,Sketchfab (ivlpaleontology),4c9e0f0aa50f4873820d08a3e892337e,https://sketchfab.com/3d-models/4c9e0f0aa50f4873820d08a3e892337e,,CC Attribution-NonCommercial-NoDerivs [slug by-nc-nd],rejected,NC+ND,y,isDownloadable=True; faces=824248,,,scan (method unstated),cranium,Scanned from the Modern Osteological Comparative Collection at the Idaho Museum of Natural History.
domestic_dog,Canis familiaris,domestic dog,Sketchfab (LakeheadAnthropology),78600170db124f2a8a9d24b368e7e7f4,https://sketchfab.com/3d-models/78600170db124f2a8a9d24b368e7e7f4,,none [slug None],rejected,no licence: not downloadable / all rights reserved,n/a (not downloadable),isDownloadable=False; faces=1469430,,,structured-light/laser,mandible,Canis familiaris Mandible Pug Scanned on the NextEngine Scanner Author: Clarence Surette
domestic_dog,Canis familiaris,domestic dog,Sketchfab (jsgaastra),9fe6eaa359834823ad77748a130e9fad,https://sketchfab.com/3d-models/9fe6eaa359834823ad77748a130e9fad,,none [slug None],rejected,no licence: not downloadable / all rights reserved,n/a (not downloadable),isDownloadable=False; faces=800000,,,scan (method unstated),cranium,Adult male basenji (*Canis familiaris*)
gray_fox,Urocyon cinereoargenteus,gray fox,Sketchfab (RISDNaturelab),7e4a407ee45c460aa248ae56182c4ee3,https://sketchfab.com/3d-models/7e4a407ee45c460aa248ae56182c4ee3,,CC Attribution [slug by],usable,,y (Sketchfab account for download),isDownloadable=True; faces=500000,,Accession number: 21,structured-light/laser,skull (cranium; mandible if stated),"The grey fox (*Urocyon cinereoargenteus*) is an omnivorous mammal of the family *Canidae*, widespread throughout North America and Central A"
true_fox,Vulpes sp.,fox (unspecified),Sketchfab (RISDNaturelab),ac1eca20ad8243f891bc5a05a49f8abe,https://sketchfab.com/3d-models/ac1eca20ad8243f891bc5a05a49f8abe,,CC Attribution [slug by],usable,,y (Sketchfab account for download),isDownloadable=True; faces=466484,,Accession number: 29,structured-light/laser,skull (cranium; mandible if stated),*Vulpes* sp. More info here: https://animaldiversity.org/accounts/Vulpes/ https://en.wikipedia.org/wiki/Vulpes Accession number: 29.85 Sc
true_fox,Vulpes vulpes,red fox,Sketchfab (mbititci),ff4fd4ceb5f44af79f8b12091e1a6fe3,https://sketchfab.com/3d-models/ff4fd4ceb5f44af79f8b12091e1a6fe3,,CC Attribution [slug by],usable,,y (Sketchfab account for download),isDownloadable=True; faces=185496,,,photogrammetry,skull (cranium; mandible if stated),Red Fox Skull 3D model was produced using photogrammetry with a total of 109 images. The resulting scan was remeshed and tidied in ZBrush.
true_fox,Vulpes vulpes,red fox,Sketchfab (RISDNaturelab),24816245cec249d29a83cce0bfb42995,https://sketchfab.com/3d-models/24816245cec249d29a83cce0bfb42995,,CC Attribution [slug by],usable,,y (Sketchfab account for download),isDownloadable=True; faces=1000000,,Accession number: 24,structured-light/laser,skull (cranium; mandible if stated),Red Fox: *Vulpes vulpes* The red fox (Vulpes vulpes) is the largest of the true foxes and one of the most widely distributed members of th
gray_fox,Urocyon cinereoargenteus,gray fox,Sketchfab (RISDNaturelab),e3b006762d9c4acdaa00821cc8b9b9b5,https://sketchfab.com/3d-models/e3b006762d9c4acdaa00821cc8b9b9b5,,CC Attribution [slug by],usable,,y (Sketchfab account for download),isDownloadable=True; faces=1000000,,Accession number: 25,structured-light/laser,skull (cranium; mandible if stated),Grey Fox (*Urocyon cinereoargenteus* ) Accession number: 25.85 Captured with Artec Spider 3D Scanner: https://www.artec3d.com/portable-3d-
true_fox,Vulpes vulpes,red fox,Sketchfab (RISDNaturelab),6ae5f50c79c64431951e5b216e2b30d9,https://sketchfab.com/3d-models/6ae5f50c79c64431951e5b216e2b30d9,,CC Attribution [slug by],usable,,y (Sketchfab account for download),isDownloadable=True; faces=1000000,,Accession number: 31,structured-light/laser,skull (cranium; mandible if stated),"Red Fox (*Vulpes vulpes*): Inhabit a wide range of habitats, from forests, tundra, urban areas, to deserts. From sea level to mountains, the"
true_fox,Vulpes vulpes,red fox,Sketchfab (nebulousflynn),79f11449bf0847ed8c25d017c4638f87,https://sketchfab.com/3d-models/79f11449bf0847ed8c25d017c4638f87,,CC Attribution [slug by],usable,,y (Sketchfab account for download),isDownloadable=True; faces=100000,,,photogrammetry,skull (cranium; mandible if stated),"Found in a local park, how could I resist making a 3D scan? 129 images captured with iPhone 15 Pro processed with Polycam. > The red fox ("
true_fox,Vulpes vulpes,red fox,Sketchfab (OSU.Multimedia),3ac2f0b411bc4077b31eceefcd9ae197,https://sketchfab.com/3d-models/3ac2f0b411bc4077b31eceefcd9ae197,,CC Attribution [slug by],usable,,y (Sketchfab account for download),isDownloadable=True; faces=2999999,,FW1177,scan (method unstated),skull (cranium; mandible if stated),*Vulpes vulpes*
true_fox,Vulpes lagopus,arctic fox,Sketchfab (fireandbone),7c63f69530fa45c196c56f457eff5e49,https://sketchfab.com/3d-models/7c63f69530fa45c196c56f457eff5e49,,CC Attribution [slug by],usable,,y (Sketchfab account for download),isDownloadable=True; faces=572982,,,scan (method unstated),skull (cranium; mandible if stated),"Fire & Bone makes tiny, true-to-life, animal skull reproductions derived from high-resolution 3D scans of original specimens, carefully mini"
true_fox,Vulpes vulpes,red fox,Sketchfab (RISDNaturelab),2f15bcf62c574e558e480602938487ed,https://sketchfab.com/3d-models/2f15bcf62c574e558e480602938487ed,,CC Attribution [slug by],usable,,y (Sketchfab account for download),isDownloadable=True; faces=1000000,,,structured-light/laser,skull (cranium; mandible if stated),*Vulpes vulpes* The red fox (Vulpes vulpes) is the largest of the true foxes and one of the most widely distributed members of the order C
gray_fox,Urocyon cinereoargenteus,gray fox,Sketchfab (RISDNaturelab),ba1806574b3b4371bec00e8696bd7aa3,https://sketchfab.com/3d-models/ba1806574b3b4371bec00e8696bd7aa3,,CC Attribution [slug by],usable,,y (Sketchfab account for download),isDownloadable=True; faces=1000000,,Accession number: 1121 04,structured-light/laser,skull (cranium; mandible if stated),Grey Fox (*Urocyon cinereoargenteus* ): Grey Foxes are prominent in decidious forrests and search for hollow trunks and logwood for dens. Th
gray_fox,Urocyon cinereoargenteus,gray fox,Sketchfab (RISDNaturelab),4c2f40f593b0466d910ab0f85b19d461,https://sketchfab.com/3d-models/4c2f40f593b0466d910ab0f85b19d461,,CC Attribution [slug by],usable,,y (Sketchfab account for download),isDownloadable=True; faces=1000000,,Accession number: 26 85,structured-light/laser,skull (cranium; mandible if stated),Grey Fox (*Urocyon cinereoargenteus*) Accession number: 26 85 Captured with Artec Spider 3D Scanner: https://www.artec3d.com/portable-3d-s
true_fox,Vulpes vulpes,red fox,Sketchfab (turunmuseokeskus),b229eba34c97470e91227a88b7c6a24a,https://sketchfab.com/3d-models/b229eba34c97470e91227a88b7c6a24a,,CC Attribution [slug by],usable,,y (Sketchfab account for download),isDownloadable=True; faces=319886,,,scan (method unstated),skull (cranium; mandible if stated),"Red Fox *Vulpes vulpes* skull, Biological Museum collection of Museum Centre of Turku, Finland. Ketun *Vulpes vulpes* kallo, Biologisen Mus"
true_fox,Vulpes vulpes,red fox,Sketchfab (BYTHO),86fa84c600f94f868d46b239b7fe073e,https://sketchfab.com/3d-models/86fa84c600f94f868d46b239b7fe073e,,CC Attribution [slug by],usable,,y (Sketchfab account for download),isDownloadable=True; faces=235410,,,scan (method unstated),skull (cranium; mandible if stated),Red fox skull. Osteoarc collection.
true_fox,Vulpes vulpes,red fox,Sketchfab (yalepeabodymuseum),493937fd430244db96fa5e1060a5c7ad,https://sketchfab.com/3d-models/493937fd430244db96fa5e1060a5c7ad,,CC Attribution [slug by],usable,,y (Sketchfab account for download),isDownloadable=True; faces=825171,,YPM MAM.003245,photogrammetry,skull (cranium; mandible if stated),"Animation of skull (cranium and mandible) of a Red fox, *Vulpes vulpes crucigera* (male) Mammalia; Carnivora; Caniformia; Cynoidea; Canidae"
gray_fox,Urocyon cinereoargenteus,gray fox,Sketchfab (yalepeabodymuseum),bda21f9542cf4ccea44bf49c6ddfa728,https://sketchfab.com/3d-models/bda21f9542cf4ccea44bf49c6ddfa728,,CC Attribution [slug by],usable,,y (Sketchfab account for download),isDownloadable=True; faces=804540,,YPM MAM.002626,photogrammetry,skull (cranium; mandible if stated),"Skull (cranium and mandible halves) of a Gray fox, *Urocyon cinereoargenteus scotti* (male) Mammalia; Carnivora; Caniformia; Cynoidea; Cani"
true_fox,Vulpes vulpes,red fox,Sketchfab (LJMUZoology),0ed5cfd438ca418f8cbcc97b1193a304,https://sketchfab.com/3d-models/0ed5cfd438ca418f8cbcc97b1193a304,,CC Attribution [slug by],usable,,y (Sketchfab account for download),isDownloadable=True; faces=49868,,,photogrammetry,skull (cranium; mandible if stated),3D model image of a Red Fox skull. Captured using Photogrammetry.
true_fox,Vulpes vulpes,red fox,Sketchfab (RISDNaturelab),9677e2e2eb384a2a82f3b242fa5e925f,https://sketchfab.com/3d-models/9677e2e2eb384a2a82f3b242fa5e925f,,CC Attribution [slug by],usable,,y (Sketchfab account for download),isDownloadable=True; faces=1000000,,Accession Number: 31,structured-light/laser,skull (cranium; mandible if stated),Common name: red fox. Scientific name: *Vulpes vulpes*. RISD Nature Lab Accession Number: 31.85 Captured with Artec Spider 3D Scanner https
gray_fox,Urocyon cinereoargenteus,gray fox,Sketchfab (culturesociety),14c6c5a5cc5a4401b2fe6aa8da4944c1,https://sketchfab.com/3d-models/14c6c5a5cc5a4401b2fe6aa8da4944c1,,CC Attribution [slug by],usable,,y (Sketchfab account for download),isDownloadable=True; faces=1550582,,,scan (method unstated),skull (cranium; mandible if stated),
true_fox,Vulpes vulpes,red fox,Sketchfab (Girugamesh17),8b59b7a78b6042b7953dd450e36448ed,https://sketchfab.com/3d-models/8b59b7a78b6042b7953dd450e36448ed,,CC Attribution [slug by],usable,,y (Sketchfab account for download),isDownloadable=True; faces=1600000,,,structured-light/laser,skull (cranium; mandible if stated),Skull of a red fox (Vulpes vulpes). Scanned with Revopoint Mini. Postprocessing with Autodesk Meshmixer. First model scanned with the Revo
true_fox,Vulpes sp.,fox (unspecified),Sketchfab (E_G_),4b0c210209cd4d40ac5ebd9278738ec3,https://sketchfab.com/3d-models/4b0c210209cd4d40ac5ebd9278738ec3,,none [slug None],rejected,no licence: not downloadable / all rights reserved,n/a (not downloadable),isDownloadable=False; faces=699976,,,structured-light/laser,skull (cranium; mandible if stated),This small and fragile skull of a desert fox was scanned with Artec Spider https://www.artec3d.com/3d-scanner/artec-spider . While the model
true_fox,Vulpes sp.,fox (unspecified),Sketchfab (jazzcousins),b8d4a5c837294ec7abdc4c63ac2aa921,https://sketchfab.com/3d-models/b8d4a5c837294ec7abdc4c63ac2aa921,,Standard [slug st],rejected,"Sketchfab Standard (store) licence, not open",n/a (not downloadable),isDownloadable=False; faces=113989,,,photogrammetry,skull (cranium; mandible if stated),A photogrammetry model of a fox skull
gray_fox,Urocyon cinereoargenteus,gray fox,Sketchfab (pizawl),dc5f0cd898134de3aea4571c2f445f84,https://sketchfab.com/3d-models/dc5f0cd898134de3aea4571c2f445f84,,none [slug None],rejected,no licence: not downloadable / all rights reserved,n/a (not downloadable),isDownloadable=False; faces=29069,,,photogrammetry,skull (cranium; mandible if stated),Photogrammetry reconstruction of grey fox skull for workflow testing.
true_fox,Vulpes vulpes,red fox,Sketchfab (virtualcurationlab),581aa28eb50743de9034c749bda311b8,https://sketchfab.com/3d-models/581aa28eb50743de9034c749bda311b8,,CC Attribution-NonCommercial-NoDerivs [slug by-nc-nd],rejected,NC+ND,y,isDownloadable=True; faces=610995,,,structured-light/laser,skull (cranium; mandible if stated),This red fox (*Vulpes vulpes*) skull is from a specimen prepared for taxidermy. It was 3D scanned with a NextEngine Desktop 3D scanner. Cour
true_fox,Vulpes sp.,fox (unspecified),Sketchfab (pfalkingham1),350a76e92fa64753b473532f86a8f277,https://sketchfab.com/3d-models/350a76e92fa64753b473532f86a8f277,,Standard [slug st],rejected,"Sketchfab Standard (store) licence, not open",n/a (not downloadable),isDownloadable=False; faces=6671878,,,scan (method unstated),skull (cranium; mandible if stated),"Fox skull, missing some teeth and with a small covering of dried moss. Purchase includes a lower poly version (this version has ~5 million"
true_fox,Vulpes vulpes,red fox,Sketchfab (conqueror78),1fa8bbaf71f542e781a273c83ec1cd24,https://sketchfab.com/3d-models/1fa8bbaf71f542e781a273c83ec1cd24,,none [slug None],rejected,no licence: not downloadable / all rights reserved,n/a (not downloadable),isDownloadable=False; faces=31616,,,scan (method unstated),skull (cranium; mandible if stated),fossil/archaeological; RED FOX SKULL FOSSIL 89 million years old China it is same shape as today 1180
true_fox,Vulpes sp.,fox (unspecified),Sketchfab (melwinnoe),3ad9fed453b24c3c8c0fdd85df60ac34,https://sketchfab.com/3d-models/3ad9fed453b24c3c8c0fdd85df60ac34,,none [slug None],rejected,no licence: not downloadable / all rights reserved,n/a (not downloadable),isDownloadable=False; faces=42420,,,photogrammetry,skull (cranium; mandible if stated),Fox skull photogrammetry using Polycam3d and an iPad Pro.
true_fox,Vulpes sp.,fox (unspecified),Sketchfab (Npulford),6f331c60299a4981ac32763760d496ec,https://sketchfab.com/3d-models/6f331c60299a4981ac32763760d496ec,,none [slug None],rejected,no licence: not downloadable / all rights reserved,n/a (not downloadable),isDownloadable=False; faces=588736,,,scan (method unstated),skull (cranium; mandible if stated),A 3D model of a Fox skull
true_fox,Vulpes sp.,fox (unspecified),Sketchfab (drakery),ee8ac3ec91ed4fedb381da96b0409433,https://sketchfab.com/3d-models/ee8ac3ec91ed4fedb381da96b0409433,,Editorial [slug ed],rejected,Editorial-only licence,n/a (not downloadable),isDownloadable=False; faces=360489,,,artist/derived,skull (cranium; mandible if stated),"Proportionally correct model of an actual fox skull found in a german forest. It has real world sizing, but unfortunately already misses som"
true_fox,Vulpes vulpes,red fox,Sketchfab (uwlibraries),82611f1c5d3c4212b77f97acbb5db630,https://sketchfab.com/3d-models/82611f1c5d3c4212b77f97acbb5db630,https://arctos.database.museum/guid/UWYMV:Mamm:2656,CC Attribution [slug by],usable,,y (Sketchfab account for download),isDownloadable=True; faces=1288620,,UWYMV:Mamm:2656,scan (method unstated),cranium,Genus/Species: *Vulpes vulpes* Crania Arctos Database Link: https://arctos.database.museum/guid/UWYMV:Mamm:2656
true_fox,Vulpes vulpes,red fox,Sketchfab (laboratorinatura),8f687dbaeba648409a4126126b2ec334,https://sketchfab.com/3d-models/8f687dbaeba648409a4126126b2ec334,https://www.bioexplora.cat/en/osteologic-atlas/mzb_87-0099/96,CC Attribution [slug by],usable,,y (Sketchfab account for download),isDownloadable=True; faces=1300618,,MZB 87-0099,scan (method unstated),skull (cranium; mandible if stated),"More information: https://www.bioexplora.cat/en/osteologic-atlas/mzb_87-0099/96 *Vulpes vulpes* (Linnaeus, 1758) guineu comuna, zorro comú"
true_fox,Vulpes vulpes,red fox,Sketchfab (laboratorinatura),42a8f074ff4d4acd94008db723122122,https://sketchfab.com/3d-models/42a8f074ff4d4acd94008db723122122,https://www.bioexplora.cat/en/osteologic-atlas/mzb_87-0099/97,CC Attribution [slug by],usable,,y (Sketchfab account for download),isDownloadable=True; faces=477988,,MZB 87-0099,scan (method unstated),mandible,"More information: https://www.bioexplora.cat/en/osteologic-atlas/mzb_87-0099/97 *Vulpes vulpes* (Linnaeus, 1758) guineu comuna, zorro comú"
true_fox,Vulpes vulpes,red fox,Sketchfab (uwlibraries),0cb20d90907844cab47bd543605d8a7d,https://sketchfab.com/3d-models/0cb20d90907844cab47bd543605d8a7d,https://arctos.database.museum/guid/UWYMV:Mamm:2656,CC Attribution [slug by],usable,,y (Sketchfab account for download),isDownloadable=True; faces=291412,,UWYMV:Mamm:2656,scan (method unstated),mandible,Genus/Species: *Vulpes vulpes* Right Mandible Arctos Database Link: https://arctos.database.museum/guid/UWYMV:Mamm:2656
true_fox,Vulpes vulpes,red fox,Sketchfab (Girugamesh17),5c3d956d9c634f66bfb8865466e686ef,https://sketchfab.com/3d-models/5c3d956d9c634f66bfb8865466e686ef,,CC Attribution [slug by],usable,,y (Sketchfab account for download),isDownloadable=True; faces=1768236,,,structured-light/laser,mandible,Mandible of a red fox (*Vulpes vulpes*). Scanned wit Revopoint Mini. Postprosessing with Meshlab and Meshmixer. A lot of scanning artifact
true_fox,Vulpes macrotis,kit fox,Sketchfab (uwlibraries),9ed3a8ecc8e347139f75eb7c7482199c,https://sketchfab.com/3d-models/9ed3a8ecc8e347139f75eb7c7482199c,https://arctos.database.museum/guid/UWYMV:Mamm:5846,CC Attribution [slug by],usable,,y (Sketchfab account for download),isDownloadable=True; faces=469464,,UWYMV:Mamm:5846,scan (method unstated),mandible,Genus/species: *Vulpes macrotis* Mandible Arctos Database Link: https://arctos.database.museum/guid/UWYMV:Mamm:5846
true_fox,Vulpes velox,swift fox,Sketchfab (uwlibraries),a54416e91074423f9ac45750953f55ad,https://sketchfab.com/3d-models/a54416e91074423f9ac45750953f55ad,http://arctos.database.museum/guid/UWYMV:Mamm:5842,CC Attribution [slug by],usable,,y (Sketchfab account for download),isDownloadable=True; faces=1055618,,UWYMV:Mamm:5842,scan (method unstated),cranium,Genus/species: *Vulpes velox* Crania Arctos Database Link: http://arctos.database.museum/guid/UWYMV:Mamm:5842
true_fox,Vulpes vulpes,red fox,Sketchfab (uwlibraries),845805e82cbb495382a7d76c374368e4,https://sketchfab.com/3d-models/845805e82cbb495382a7d76c374368e4,https://arctos.database.museum/guid/UWYMV:Mamm:2656,CC Attribution [slug by],usable,,y (Sketchfab account for download),isDownloadable=True; faces=447208,,UWYMV:Mamm:2656,scan (method unstated),mandible,Genus/Species: *Vulpes vulpes* Left Mandible Arctos Database Link: https://arctos.database.museum/guid/UWYMV:Mamm:2656
true_fox,Vulpes vulpes,red fox,Sketchfab (yalepeabodymuseum),06e09593ab6f4a059951d39193c451b7,https://sketchfab.com/3d-models/06e09593ab6f4a059951d39193c451b7,,CC Attribution [slug by],usable,,y (Sketchfab account for download),isDownloadable=True; faces=825171,,YPM MAM.003245,photogrammetry,skull (cranium; mandible if stated),"Skull (cranium and mandible) of a Red fox, *Vulpes vulpes crucigera* (male) Mammalia; Carnivora; Caniformia; Cynoidea; Canidae; *Vulpes vul"
true_fox,Vulpes velox,swift fox,Sketchfab (uwlibraries),ed36d964da2a4943b67eefd6147bf65b,https://sketchfab.com/3d-models/ed36d964da2a4943b67eefd6147bf65b,http://arctos.database.museum/guid/UWYMV:Mamm:5842,CC Attribution [slug by],usable,,y (Sketchfab account for download),isDownloadable=True; faces=431040,,UWYMV:Mamm:5842,scan (method unstated),mandible,Genus/species: *Vulpes velox* Mandible Arctos Database Link: http://arctos.database.museum/guid/UWYMV:Mamm:5842
true_fox,Vulpes velox,swift fox,Sketchfab (uwlibraries),27320c7b3ec84330882b6bd482373fd0,https://sketchfab.com/3d-models/27320c7b3ec84330882b6bd482373fd0,http://arctos.database.museum/guid/UWYMV:Mamm:5842,CC Attribution [slug by],usable,,y (Sketchfab account for download),isDownloadable=True; faces=598333,,UWYMV:Mamm:5842,scan (method unstated),skull (cranium; mandible if stated),Genus/species: *Vulpes velox* Skull Arctos Database Link: http://arctos.database.museum/guid/UWYMV:Mamm:5842
true_fox,Vulpes macrotis,kit fox,Sketchfab (uwlibraries),c444e5a17486422cb22ffd853bace466,https://sketchfab.com/3d-models/c444e5a17486422cb22ffd853bace466,https://arctos.database.museum/guid/UWYMV:Mamm:5846,CC Attribution [slug by],usable,,y (Sketchfab account for download),isDownloadable=True; faces=1027808,,UWYMV:Mamm:5846,scan (method unstated),cranium,Genus/species: *Vulpes macrotis* Crania Arctos Database Link: https://arctos.database.museum/guid/UWYMV:Mamm:5846
true_fox,Vulpes vulpes,red fox,Sketchfab (LakeheadAnthropology),0d1d07d831274520866479a8991a1812,https://sketchfab.com/3d-models/0d1d07d831274520866479a8991a1812,,none [slug None],rejected,no licence: not downloadable / all rights reserved,n/a (not downloadable),isDownloadable=False; faces=385660,,,structured-light/laser,mandible,Vulpes vulpes (Red Fox) Mandible Lakehead University accession number: D-6-2-2/3 Scanned on the NextEngine Scanner Author: Clarence Sure
true_fox,Vulpes vulpes,red fox,Sketchfab (LakeheadAnthropology),2fa18a29c745499a87e46a71b5d482c2,https://sketchfab.com/3d-models/2fa18a29c745499a87e46a71b5d482c2,,none [slug None],rejected,no licence: not downloadable / all rights reserved,n/a (not downloadable),isDownloadable=False; faces=862240,,,structured-light/laser,skull (cranium; mandible if stated),Vulpes vulpes (Red Fox) Skull Lakehead University accession number: D-6-2-1 Scanned on the NextEngine Scanner Author: Clarence Surette
true_fox,Vulpes vulpes,red fox,Sketchfab (virtualcurationlab),d3535243008a4ca29863692553fc677e,https://sketchfab.com/3d-models/d3535243008a4ca29863692553fc677e,,CC Attribution-NonCommercial-NoDerivs [slug by-nc-nd],rejected,NC+ND,y,isDownloadable=True; faces=456769,,,structured-light/laser,mandible,This red fox (*Vulpes vulpes*) mandible is from a specimen prepared for taxidermy. It was 3D scanned with a NextEngine Desktop 3D scanner.
true_fox,Vulpes macrotis,kit fox,Sketchfab (uwlibraries),4b6497b769184188a285da4c6454dbe6,https://sketchfab.com/3d-models/4b6497b769184188a285da4c6454dbe6,https://arctos.database.museum/guid/UWYMV:Mamm:5846,CC Attribution [slug by],usable,,y (Sketchfab account for download),isDownloadable=True; faces=1128898,,UWYMV:Mamm:5846,scan (method unstated),skull (cranium; mandible if stated),Genus/species: *Vulpes macrotis* Skull Arctos Database Link: https://arctos.database.museum/guid/UWYMV:Mamm:5846
true_fox,Vulpes velox,swift fox,Sketchfab (uwlibraries),3f07eefdb77d45a5957fdaf95845b454,https://sketchfab.com/3d-models/3f07eefdb77d45a5957fdaf95845b454,,CC Attribution-NonCommercial [slug by-nc],rejected,NC,y,isDownloadable=True; faces=201056,,,structured-light/laser,skull (cranium; mandible if stated),"* Period/Epoch: Quaternary/Pleistocene * Rock Formation: N/A * State, County: Colorado, Larimer Co. Taxonomy: Carnivora>Canidae>Vulpes>velo"
gray_fox,Urocyon cinereoargenteus,gray fox,Sketchfab (SJSUSERC),8abb69389c924c74a2866f7d710b0604,https://sketchfab.com/3d-models/8abb69389c924c74a2866f7d710b0604,,CC Attribution [slug by],usable,,y (Sketchfab account for download),isDownloadable=True; faces=90186,,,scan (method unstated),skull (cranium; mandible if stated),
gray_fox,Urocyon cinereoargenteus,gray fox,Sketchfab (SJSUSERC),0882de7d149a4d94b3df9f29fa6b8e75,https://sketchfab.com/3d-models/0882de7d149a4d94b3df9f29fa6b8e75,,CC Attribution [slug by],usable,,y (Sketchfab account for download),isDownloadable=True; faces=90186,,,scan (method unstated),skull (cranium; mandible if stated),
gray_fox,Urocyon cinereoargenteus,gray fox,Sketchfab (SJSUSERC),0f178d39fa0d42f6a7187025f350fed4,https://sketchfab.com/3d-models/0f178d39fa0d42f6a7187025f350fed4,,CC Attribution [slug by],usable,,y (Sketchfab account for download),isDownloadable=True; faces=90186,,,scan (method unstated),skull (cranium; mandible if stated),
gray_fox,Urocyon cinereoargenteus,gray fox,Sketchfab (SJSUSERC),0564a13dfe6c4a818580a1fcd83bd5e4,https://sketchfab.com/3d-models/0564a13dfe6c4a818580a1fcd83bd5e4,,CC Attribution [slug by],usable,,y (Sketchfab account for download),isDownloadable=True; faces=90186,,,scan (method unstated),skull (cranium; mandible if stated),
gray_fox,Urocyon cinereoargenteus,gray fox,Sketchfab (uwlibraries),e7619e09f27b4b068868e7b8040755de,https://sketchfab.com/3d-models/e7619e09f27b4b068868e7b8040755de,https://arctos.database.museum/guid/UWYMV:Mamm:6720,CC Attribution [slug by],usable,,y (Sketchfab account for download),isDownloadable=True; faces=939766,,UWYMV:Mamm:6720,scan (method unstated),skull (cranium; mandible if stated),Genus/species: *Urocyon cinereoargenteus* Skull Arctos Database Link: https://arctos.database.museum/guid/UWYMV:Mamm:6720
gray_fox,Urocyon cinereoargenteus,gray fox,Sketchfab (SJSUSERC),750255ca1194499ba056ee653b13baa1,https://sketchfab.com/3d-models/750255ca1194499ba056ee653b13baa1,,CC Attribution [slug by],usable,,y (Sketchfab account for download),isDownloadable=True; faces=90186,,,scan (method unstated),skull (cranium; mandible if stated),
gray_fox,Urocyon cinereoargenteus,gray fox,Sketchfab (SJSUSERC),ca4f3ae382544fa2a2aa72eabee1d5d0,https://sketchfab.com/3d-models/ca4f3ae382544fa2a2aa72eabee1d5d0,,CC Attribution [slug by],usable,,y (Sketchfab account for download),isDownloadable=True; faces=90186,,,scan (method unstated),skull (cranium; mandible if stated),
gray_fox,Urocyon cinereoargenteus,gray fox,Sketchfab (SJSUSERC),16146eed0026466684d50b336e9fd29b,https://sketchfab.com/3d-models/16146eed0026466684d50b336e9fd29b,,CC Attribution [slug by],usable,,y (Sketchfab account for download),isDownloadable=True; faces=90186,,,scan (method unstated),skull (cranium; mandible if stated),
gray_fox,Urocyon cinereoargenteus,gray fox,Sketchfab (SJSUSERC),27c7eeb5210c40eab8ff3d5e87ab5837,https://sketchfab.com/3d-models/27c7eeb5210c40eab8ff3d5e87ab5837,,none [slug None],rejected,no licence: not downloadable / all rights reserved,n/a (not downloadable),isDownloadable=False; faces=90186,,,scan (method unstated),skull (cranium; mandible if stated),3D scan of a gray fox skull
gray_fox,Urocyon cinereoargenteus,gray fox,Sketchfab (FloridaMuseum),b10493af99964c56a58a955e7b792831,https://sketchfab.com/3d-models/b10493af99964c56a58a955e7b792831,,none [slug None],rejected,no licence: not downloadable / all rights reserved,n/a (not downloadable),isDownloadable=False; faces=1869200,,,photogrammetry,mandible,"Skull and mandible of a Gray Fox, *Urocyon cinereoargenteus* from the Florida Museum of Natural History Mammal collection (UF 601). Photogr"
gray_fox,Urocyon cinereoargenteus,gray fox,Sketchfab (uwlibraries),c2a4d16c10a745c8a70e1cefe19871f9,https://sketchfab.com/3d-models/c2a4d16c10a745c8a70e1cefe19871f9,https://arctos.database.museum/guid/UWYMV:Mamm:6720,CC Attribution [slug by],usable,,y (Sketchfab account for download),isDownloadable=True; faces=857500,,UWYMV:Mamm:6720,scan (method unstated),cranium,Genus/species: *Urocyon cinereoargenteus* Crania Arctos Database Link: https://arctos.database.museum/guid/UWYMV:Mamm:6720
gray_fox,Urocyon cinereoargenteus,gray fox,Sketchfab (uwlibraries),c094be97cc784c5b8a0f3efb7fc37178,https://sketchfab.com/3d-models/c094be97cc784c5b8a0f3efb7fc37178,https://arctos.database.museum/guid/UWYMV:Mamm:6720,CC Attribution [slug by],usable,,y (Sketchfab account for download),isDownloadable=True; faces=399124,,UWYMV:Mamm:6720,scan (method unstated),mandible,Genus/species: *Urocyon cinereoargenteus* Mandible Arctos Database Link: https://arctos.database.museum/guid/UWYMV:Mamm:6720
gray_fox,Urocyon littoralis,island fox,Sketchfab (yalepeabodymuseum),66cdeb1dd7af4ef4bde73d34dcb46dc4,https://sketchfab.com/3d-models/66cdeb1dd7af4ef4bde73d34dcb46dc4,,CC Attribution [slug by],usable,,y (Sketchfab account for download),isDownloadable=True; faces=855532,,YPM MAM.014389,photogrammetry,skull (cranium; mandible if stated),"Skull (cranium and mandible halves) of an Island fox, *Urocyon littoralis santacruzae* Mammalia; Carnivora; Caniformia; Cynoidea; Canidae;"
gray_fox,Urocyon cinereoargenteus,gray fox,Sketchfab (bemidji-state-biology),9c18750e4a9441d486de05bcc40bb8aa,https://sketchfab.com/3d-models/9c18750e4a9441d486de05bcc40bb8aa,,CC Attribution-NonCommercial [slug by-nc],rejected,NC,y,isDownloadable=True; faces=349135,,,structured-light/laser,cranium,*Urocyon cinereoargenteus* Specimen of the Bemidji State University Evan B. Hazard Vertebrate Museum Scanning Hardware: Artec Spider II S
domestic_dog,Canis familiaris,domestic dog,Sketchfab (AbenakiHelpingAbenaki),a36294b1aa384ed9853c32f8f3ceb26c,https://sketchfab.com/3d-models/a36294b1aa384ed9853c32f8f3ceb26c,,none [slug None],rejected,no licence: not downloadable / all rights reserved,n/a (not downloadable),isDownloadable=False; faces=2259362,,,scan (method unstated),skull (cranium; mandible if stated),"Dog Skull. ""The dominant source of meat was deer . . . Although the species are seasonally expected, fall hunting was typically undertaken b"
hyena,Parahyaena brunnea,brown hyena,Sketchfab (uod_museums),db5a9af4646344c3b69fb6cad5a7a2b2,https://sketchfab.com/3d-models/db5a9af4646344c3b69fb6cad5a7a2b2,,CC Attribution [slug by],usable,,y (Sketchfab account for download),isDownloadable=True; faces=1189438,,DUNUC 3204,structured-light/laser,skull (cranium; mandible if stated),DUNUC 3204 Brown Hyena Skull Skull of a Brown Hyena from the School of Dentistry’s Comparative Anatomy Collection at the University of Dund
hyena,Crocuta crocuta,spotted hyena (or hyena indet.),Sketchfab (gilliecreations),644098df3c1c45c48586a95481beea52,https://sketchfab.com/3d-models/644098df3c1c45c48586a95481beea52,,CC Attribution [slug by],usable,,y (Sketchfab account for download),isDownloadable=True; faces=50000,,,photogrammetry,skull (cranium; mandible if stated),A spotted hyena skull featured on a tree stump available for download with a STL file Created with Polycam
hyena,Crocuta crocuta,spotted hyena (or hyena indet.),Sketchfab (gtakahas),7fd89bc4f88347b1b267ef5a18cb6a66,https://sketchfab.com/3d-models/7fd89bc4f88347b1b267ef5a18cb6a66,,none [slug None],rejected,no licence: not downloadable / all rights reserved,n/a (not downloadable),isDownloadable=False; faces=45000,,,photogrammetry,skull (cranium; mandible if stated),3D scanned Hyena Skull. Photogrammetry of top and bottom sections of skull.
hyena,Crocuta crocuta,spotted hyena (or hyena indet.),Sketchfab (shop-iq),d5366f2a800c4ba99e43a795a8b1af28,https://sketchfab.com/3d-models/d5366f2a800c4ba99e43a795a8b1af28,,none [slug None],rejected,no licence: not downloadable / all rights reserved,n/a (not downloadable),isDownloadable=False; faces=99984,,,scan (method unstated),skull (cranium; mandible if stated),far from perfect but getting better :)
hyena,Crocuta crocuta,spotted hyena (or hyena indet.),Sketchfab (conqueror78),02bcde09f80a4d3b8f9bb0c0e187c1b9,https://sketchfab.com/3d-models/02bcde09f80a4d3b8f9bb0c0e187c1b9,,none [slug None],rejected,no licence: not downloadable / all rights reserved,n/a (not downloadable),isDownloadable=False; faces=693733,,,scan (method unstated),skull (cranium; mandible if stated),HYENA SKULL Age: 23-5 Million Years Period: Miosen Location : China
hyena,Crocuta crocuta,spotted hyena (or hyena indet.),Sketchfab (collectionsin3d),077873e85dde4f3887cc4a3f6e2ee0f4,https://sketchfab.com/3d-models/077873e85dde4f3887cc4a3f6e2ee0f4,,none [slug None],rejected,no licence: not downloadable / all rights reserved,n/a (not downloadable),isDownloadable=False; faces=264010,,,scan (method unstated),skull (cranium; mandible if stated),
hyena,Crocuta crocuta,spotted hyena (or hyena indet.),Sketchfab (CMNH),01d86d2c60d44e148991aa97fb666956,https://sketchfab.com/3d-models/01d86d2c60d44e148991aa97fb666956,,none [slug None],rejected,no licence: not downloadable / all rights reserved,n/a (not downloadable),isDownloadable=False; faces=600000,,,structured-light/laser,skull (cranium; mandible if stated),"CMNH 17686, *Crocuta crocuta* (Erxleben, 1777), female Scanner: Artec Spider Image by Roberta Muehlheim & Hailey Majewski, CMNH"
hyena,Hyaena hyaena,striped hyena,Sketchfab (gtakahas),9d9797f17a864487a5446d4d32677b94,https://sketchfab.com/3d-models/9d9797f17a864487a5446d4d32677b94,,none [slug None],rejected,no licence: not downloadable / all rights reserved,n/a (not downloadable),isDownloadable=False; faces=5091736,,,photogrammetry,skull (cranium; mandible if stated),fossil/archaeological; Fossil Striped Hyena Skull Photogrammetry capture.
hyena,Crocuta crocuta,spotted hyena (or hyena indet.),Sketchfab (anatomy_dundee),9bcae24b17b94f9695bdc66ebd0b5309,https://sketchfab.com/3d-models/9bcae24b17b94f9695bdc66ebd0b5309,,none [slug None],rejected,no licence: not downloadable / all rights reserved,n/a (not downloadable),isDownloadable=False; faces=5911512,,,scan (method unstated),skull (cranium; mandible if stated),
hyena,Crocuta crocuta spelaea,cave hyena (fossil),Sketchfab (GuillonOrlane),6179e810e3714d37801d08b7814f0910,https://sketchfab.com/3d-models/6179e810e3714d37801d08b7814f0910,,none [slug None],rejected,no licence: not downloadable / all rights reserved,n/a (not downloadable),isDownloadable=False; faces=17458,,,scan (method unstated); low poly (<20k faces),skull (cranium; mandible if stated),"fossil/archaeological; This is a refined scan of a cave hyena skull. Base coming from a scan of EDDylab ULiege. The model was enhanced in ZBrush, retopologized, b"
hyena,Crocuta crocuta,spotted hyena (or hyena indet.),Sketchfab (conqueror78),2701a1360b4241509ff33c2b47f050aa,https://sketchfab.com/3d-models/2701a1360b4241509ff33c2b47f050aa,,none [slug None],rejected,no licence: not downloadable / all rights reserved,n/a (not downloadable),isDownloadable=False; faces=131151,,,scan (method unstated),skull (cranium; mandible if stated),"HYENA SKULL Age: 23-5 million years Period: Miocene Location: Gansu, China 4071"
hyena,Crocuta crocuta,spotted hyena (or hyena indet.),Sketchfab (perezr),6689b34cb17444579775e918ed0b9644,https://sketchfab.com/3d-models/6689b34cb17444579775e918ed0b9644,,none [slug None],rejected,no licence: not downloadable / all rights reserved,n/a (not downloadable),isDownloadable=False; faces=412602,,,scan (method unstated),skull (cranium; mandible if stated),Rough hyena skull. using as decayed model. 3D printing
hyena,Crocuta crocuta,spotted hyena (or hyena indet.),Sketchfab (conqueror78),0cef5df6bdbf49ce9c0f54942f604202,https://sketchfab.com/3d-models/0cef5df6bdbf49ce9c0f54942f604202,,none [slug None],rejected,no licence: not downloadable / all rights reserved,n/a (not downloadable),isDownloadable=False; faces=190662,,,scan (method unstated),skull (cranium; mandible if stated),"fossil/archaeological; HYENA SKULL FOSSIL 80 Million years old Gui Zhou, China 1079"
hyena,Crocuta crocuta,spotted hyena (or hyena indet.),Sketchfab (conqueror78),175ff61c32ab48bd9861f6088f2c23e0,https://sketchfab.com/3d-models/175ff61c32ab48bd9861f6088f2c23e0,,Standard [slug st],rejected,"Sketchfab Standard (store) licence, not open",n/a (not downloadable),isDownloadable=False; faces=171538,,,scan (method unstated),skull (cranium; mandible if stated),"fossil/archaeological; HYENA SKULL FOSSIL 90 Million years old He Zheng, Gan Su, China 1154"
hyena,Crocuta crocuta,spotted hyena (or hyena indet.),Sketchfab (gilliecreations),c9aaf585616f4fc3b1875cbddd406734,https://sketchfab.com/3d-models/c9aaf585616f4fc3b1875cbddd406734,,Standard [slug st],rejected,"Sketchfab Standard (store) licence, not open",n/a (not downloadable),isDownloadable=False; faces=50000,,,photogrammetry,skull (cranium; mandible if stated),"Hyenas have powerful jaws with a bite that can crush bones, Spotted hyena jaws have evolved colossal jaw muscles to be able to produce massi"
hyena,Crocuta crocuta,spotted hyena (or hyena indet.),Sketchfab (Beadmaker),9ea24d9c39b3424f8bc244cd1920c480,https://sketchfab.com/3d-models/9ea24d9c39b3424f8bc244cd1920c480,,none [slug None],rejected,no licence: not downloadable / all rights reserved,n/a (not downloadable),isDownloadable=False; faces=340834,,,photogrammetry,skull (cranium; mandible if stated),Skull of Hyena. practising photogrammetry at the osteological department at stockholm university.
hyena,Crocuta crocuta,spotted hyena (or hyena indet.),Sketchfab (gtricho),e4578428e77145c4a8781425b27fcf32,https://sketchfab.com/3d-models/e4578428e77145c4a8781425b27fcf32,,none [slug None],rejected,no licence: not downloadable / all rights reserved,n/a (not downloadable),isDownloadable=False; faces=336052,,,scan (method unstated),skull (cranium; mandible if stated),3d scanned model. Photography: Markos Konstantakis
hyena,Crocuta crocuta,spotted hyena (or hyena indet.),Sketchfab (conqueror78),6ae9ce892cc840bca5ec01a614bddf5c,https://sketchfab.com/3d-models/6ae9ce892cc840bca5ec01a614bddf5c,,none [slug None],rejected,no licence: not downloadable / all rights reserved,n/a (not downloadable),isDownloadable=False; faces=162746,,,scan (method unstated),skull (cranium; mandible if stated),"fossil/archaeological; HYENA SKULL FOSSIL 90 Million years old He Zheng, Gan Su, China 1154"
hyena,Proteles cristata,aardwolf,Sketchfab (arevans),86d0e54ebf0c49388cff504baa4444de,https://sketchfab.com/3d-models/86d0e54ebf0c49388cff504baa4444de,,none [slug None],rejected,no licence: not downloadable / all rights reserved,n/a (not downloadable),isDownloadable=False; faces=971369,,,structured-light/laser,skull (cranium; mandible if stated),"This model displays the skull and teeth from an [Aardwolf (*Proteles cristata*)](https://en.wikipedia.org/wiki/Aardwolf), showing off their"
hyena,Crocuta crocuta,spotted hyena (or hyena indet.),Sketchfab (uwlibraries),c4004ef20f2a4f4da80feb55ff9a44f5,https://sketchfab.com/3d-models/c4004ef20f2a4f4da80feb55ff9a44f5,https://arctos.database.museum/guid/UWYMV:Mamm:5840,CC Attribution [slug by],usable,,y (Sketchfab account for download),isDownloadable=True; faces=1859846,,UWYMV:Mamm:5840,scan (method unstated),skull (cranium; mandible if stated),Genus/species: *Crocuta crocuta* Skull Arctos Database Link: https://arctos.database.museum/guid/UWYMV:Mamm:5840
hyena,Crocuta crocuta,spotted hyena (or hyena indet.),Sketchfab (uwlibraries),7503d210775d431cb22908a5ef17bd31,https://sketchfab.com/3d-models/7503d210775d431cb22908a5ef17bd31,https://arctos.database.museum/guid/UWYMV:Mamm:5840,CC Attribution [slug by],usable,,y (Sketchfab account for download),isDownloadable=True; faces=629318,,UWYMV:Mamm:5840,scan (method unstated),mandible,Genus/species: *Crocuta crocuta* Mandible Arctos Database Link: https://arctos.database.museum/guid/UWYMV:Mamm:5840
hyena,Crocuta crocuta,spotted hyena (or hyena indet.),Sketchfab (uwlibraries),91e799db93ea4742acbae3f8fd917fb5,https://sketchfab.com/3d-models/91e799db93ea4742acbae3f8fd917fb5,https://arctos.database.museum/guid/UWYMV:Mamm:5840,CC Attribution [slug by],usable,,y (Sketchfab account for download),isDownloadable=True; faces=1217304,,UWYMV:Mamm:5840,scan (method unstated),cranium,Genus/species:* Crocuta crocuta* Crania Arctos Database Link: https://arctos.database.museum/guid/UWYMV:Mamm:5840
hyena,Crocuta crocuta,spotted hyena (or hyena indet.),Sketchfab (laboratorinatura),281d932d5ac549e593e802a5192ddbbb,https://sketchfab.com/3d-models/281d932d5ac549e593e802a5192ddbbb,https://www.bioexplora.cat/en/osteologic-atlas/mzb_2002-0873/73,CC Attribution [slug by],usable,,y (Sketchfab account for download),isDownloadable=True; faces=2350936,,MZB 2002-0873,scan (method unstated),mandible,"More information: https://www.bioexplora.cat/en/osteologic-atlas/mzb_2002-0873/73 *Crocuta crocuta* (Erxleben, 1777) hiena tacada, hiena m"
hyena,Crocuta crocuta,spotted hyena (or hyena indet.),Sketchfab (laboratorinatura),9ced915418dc4138b50e9b6a629d2eec,https://sketchfab.com/3d-models/9ced915418dc4138b50e9b6a629d2eec,https://www.bioexplora.cat/en/osteologic-atlas/mzb_2002-0873/32,CC Attribution [slug by],usable,,y (Sketchfab account for download),isDownloadable=True; faces=5564805,,MZB 2002-0873,scan (method unstated),skull (cranium; mandible if stated),"More information: https://www.bioexplora.cat/en/osteologic-atlas/mzb_2002-0873/32 *Crocuta crocuta* (Erxleben, 1777) hiena tacada, hiena m"
hyena,Crocuta crocuta,spotted hyena (or hyena indet.),Sketchfab (MUVHN),b0e3c9155d0f45569b0476455babc40b,https://sketchfab.com/3d-models/b0e3c9155d0f45569b0476455babc40b,,CC Attribution [slug by],usable,,y (Sketchfab account for download) / n via Zenodo mirror,isDownloadable=True; faces=87956,,,structured-light/laser,mandible,Login-free mirror on Zenodo: https://zenodo.org/records/10362780 (cc-by-4.0). **Ejemplar:** *Crocuta crocuta* **Edad:** actual (Holoceno) **Localidad:** centro África **Descripción:** ejemplar impreso en filamento ter
hyena,Crocuta crocuta spelaea,cave hyena (fossil),Sketchfab (mwintersberger),11c9c591dec74cd093c2917535030f49,https://sketchfab.com/3d-models/11c9c591dec74cd093c2917535030f49,,CC Attribution [slug by],usable,,y (Sketchfab account for download),isDownloadable=True; faces=84998,,,AI-generated (not a specimen),skull (cranium; mandible if stated),"fossil/archaeological; smART Data BRIDGE Krahuletz - Schädel der Höhlenhyäne ""Crocuta crocuta spelaea"" Der Schädel der Höhlenhyäne, einer Unterart der Fleckenhyän"
hyena,Crocuta crocuta,spotted hyena (or hyena indet.),Sketchfab (gabrielcifuentes),6cc486b5443546e89e1f9f3f424f0813,https://sketchfab.com/3d-models/6cc486b5443546e89e1f9f3f424f0813,,none [slug None],rejected,no licence: not downloadable / all rights reserved,n/a (not downloadable),isDownloadable=False; faces=499999,,,photogrammetry,skull (cranium; mandible if stated),"3D model of a hyena skull found at Olduvai Gorge (Ngorongoro Conservation Area). The skull present different osseous alterations, like delet"
hyena,Crocuta crocuta,spotted hyena (or hyena indet.),Sketchfab (EMHEProject),95550cb24f864967a1b446e457569645,https://sketchfab.com/3d-models/95550cb24f864967a1b446e457569645,http://www.earlymodernhumaneurope.com/artefacts/Uphill-Quarry-hyaena-jaw-fragment,CC Attribution [slug by],usable,,y (Sketchfab account for download) / n via Zenodo mirror,isDownloadable=True; faces=366332,,,scan (method unstated),mandible,"Login-free mirror on Zenodo: https://zenodo.org/records/10290673 (cc-by-4.0). fossil/archaeological; 60-34,000 years old More information about this artefact (and data for free download) can be found at: http://www.earlymodernhumaneurope.co"
hyena,Hyaena hyaena,striped hyena,Sketchfab (laboratorinatura),447e4a3ce5d94011ad1f9e9c9fb588f0,https://sketchfab.com/3d-models/447e4a3ce5d94011ad1f9e9c9fb588f0,https://www.bioexplora.cat/en/osteologic-atlas/mzb_82-6995/870,none [slug None],rejected,no licence: not downloadable / all rights reserved,n/a (not downloadable),isDownloadable=False; faces=5499943,,MZB 82-6995,scan (method unstated),skull (cranium; mandible if stated),"*Hyaena hyaena* (Linnaeus, 1758) hiena ratllada, hiena rallada, Striped hyaena MZB 82-6995 crani, cráneo, skull More information: http"
hyena,Hyaena hyaena,striped hyena,Sketchfab (laboratorinatura),fc71ae362d7041de947249e53d5dc207,https://sketchfab.com/3d-models/fc71ae362d7041de947249e53d5dc207,https://www.bioexplora.cat/en/osteologic-atlas/mzb_82-6995/871,none [slug None],rejected,no licence: not downloadable / all rights reserved,n/a (not downloadable),isDownloadable=False; faces=3002790,,MZB 82-6995,scan (method unstated),mandible,"*Hyaena hyaena* (Linnaeus, 1758) hiena ratllada, hiena rallada, Striped hyaena MZB 82-6995 mandíbula, mandíbula, mandible More informa"
hyena,Crocuta crocuta,spotted hyena (or hyena indet.),Sketchfab (tb276),b34b8e80e5ba402786c246fbe7a2db76,https://sketchfab.com/3d-models/b34b8e80e5ba402786c246fbe7a2db76,,none [slug None],rejected,no licence: not downloadable / all rights reserved,n/a (not downloadable),isDownloadable=False; faces=1255952,,,scan (method unstated),mandible,fossil/archaeological;
hyena,Crocuta crocuta,spotted hyena (or hyena indet.),Sketchfab (EMHEProject),ebac8c52edff4a84ae43530a751e6095,https://sketchfab.com/3d-models/ebac8c52edff4a84ae43530a751e6095,,none [slug None],rejected,no licence: not downloadable / all rights reserved,n/a (not downloadable),isDownloadable=False; faces=149966,,,scan (method unstated),mandible,
hyena,Crocuta crocuta,spotted hyena (or hyena indet.),Sketchfab (thorproject),dc5d8141398a45c6b172924c01fe95c4,https://sketchfab.com/3d-models/dc5d8141398a45c6b172924c01fe95c4,,none [slug None],rejected,no licence: not downloadable / all rights reserved,n/a (not downloadable),isDownloadable=False; faces=700000,,,scan (method unstated),cranium,"Cranium fragment of *Hyaena* sp., Olduvai Gorge (Tanzania), site FC-W. Original paper: http://paleoitalia.org/archives/bollettino-spi/87/vol"
hyena,Crocuta crocuta,spotted hyena (or hyena indet.),Sketchfab (DerbyMuseums),58c505e4665b4009a93f12e54a09c939,https://sketchfab.com/3d-models/58c505e4665b4009a93f12e54a09c939,,none [slug None],rejected,no licence: not downloadable / all rights reserved,n/a (not downloadable),isDownloadable=False; faces=195262,,,structured-light/laser,mandible,"Spotted hyena (hyena crocuta) lower jaw (mandible) fragment with three teeth. Pleistocene. From Creswell Crags, Derbyshire.; Hyaena crocuta."
wolf_type,Canis lupus,gray wolf,Sketchfab (CENIEH_COAC),bd6938e9ad054e5ba9340ae36f477b73,https://sketchfab.com/3d-models/bd6938e9ad054e5ba9340ae36f477b73,,none [slug None],rejected,no licence: not downloadable / all rights reserved,n/a (not downloadable),isDownloadable=False; faces=750000,,,scan (method unstated),skull (cranium; mandible if stated),Grey wolf skull. Female. Cráneo de loba. *Canis lupus*. Carnivora. Canidae. COAC CENIEH CR201500066
true_fox,Vulpes vulpes,red fox,Sketchfab (FloridaMuseum),c396a23d05db43969b5a24032902f620,https://sketchfab.com/3d-models/c396a23d05db43969b5a24032902f620,,none [slug None],rejected,no licence: not downloadable / all rights reserved,n/a (not downloadable),isDownloadable=False; faces=1891546,,,photogrammetry,mandible,"Skull and mandible of a Red Fox, *Vulpes vulpes,* from the Florida Museum of Natural History Mammal collection (UF 4001). Photogrammetry sc"
domestic_dog,Canis familiaris,domestic dog,Sketchfab (JChanteloupUPS),7fc360ac0994435999937cfe3e482bf9,https://sketchfab.com/3d-models/7fc360ac0994435999937cfe3e482bf9,,CC Attribution [slug by],usable,,y (Sketchfab account for download),isDownloadable=True; faces=149980,,,artist/derived,cranium,Crâne de Chien (Canis lupus familiaris) - Collection de Zoologie de l’Université Paul Sabatier - Toulouse III Réalisé avec RealityCapture e
hyena,Crocuta crocuta,spotted hyena (or hyena indet.),Sketchfab (alienor.org),166aab2c9b0d4d97b515c24e1bcf8962,https://sketchfab.com/3d-models/166aab2c9b0d4d97b515c24e1bcf8962,,CC Attribution-NonCommercial-NoDerivs [slug by-nc-nd],rejected,NC+ND,y,isDownloadable=True; faces=600000,,,scan (method unstated),cranium,"**Dogondoutchi, Niger H. 13,5 ; L. 28 ; l. 15,5 Crâne sans socle** Collecté en 1922. N° d'inv. : M.717 issu du muséum d'histoire naturelle"
wolf_type,Canis lupus,gray wolf,Sketchfab (socialauth_useae6b8fdb9e4842a9),e75374fddaf548db973d647be8171e83,https://sketchfab.com/3d-models/e75374fddaf548db973d647be8171e83,,CC Attribution [slug by],usable,,y (Sketchfab account for download),isDownloadable=True; faces=762148,,,scan (method unstated),skull (cranium; mandible if stated),
wolf_type,Canis lupus,gray wolf,Sketchfab (Durand_Jules),9f32bd5378cb43e089c50fcb801eda75,https://sketchfab.com/3d-models/9f32bd5378cb43e089c50fcb801eda75,,CC Attribution [slug by],usable,,y (Sketchfab account for download),isDownloadable=True; faces=890,,,artist/derived,skull (cranium; mandible if stated),a school project
wolf_type,Canis lupus,gray wolf,Sketchfab (GarrickDutcher),fc8d745c4fae4bf09f33d997e09fb203,https://sketchfab.com/3d-models/fc8d745c4fae4bf09f33d997e09fb203,,CC Attribution [slug by],usable,,y (Sketchfab account for download),isDownloadable=True; faces=1000000,,,scan (method unstated),cranium,This 3D wolf cranium is used with permission from the Idaho Museum of Natural History.
wolf_type,Canis lupus,gray wolf,Sketchfab (uwlibraries),aee18235b0d648e3b4f13b8ca7086966,https://sketchfab.com/3d-models/aee18235b0d648e3b4f13b8ca7086966,https://arctos.database.museum/guid/UWYMV:Mamm:6546,CC Attribution [slug by],usable,,y (Sketchfab account for download),isDownloadable=True; faces=684028,,UWYMV:Mamm:6546,scan (method unstated),mandible,Genus/species: *Canis lupus* Mandible Arctos Database Link: https://arctos.database.museum/guid/UWYMV:Mamm:6546
wolf_type,Canis lupus,gray wolf,Sketchfab (uwlibraries),38327525741947d8ad08b03ea273eed2,https://sketchfab.com/3d-models/38327525741947d8ad08b03ea273eed2,https://arctos.database.museum/guid/UWYMV:Mamm:6546,CC Attribution [slug by],usable,,y (Sketchfab account for download),isDownloadable=True; faces=1551916,,UWYMV:Mamm:6546,scan (method unstated),cranium,Genus/species: *Canis lupus* Crania Arctos Database Link: https://arctos.database.museum/guid/UWYMV:Mamm:6546 The distance between Point
wolf_type,Canis lupus,gray wolf,Sketchfab (ilstatemuseum),fc99c2b1366f4dac95b35f5b6e9f4fb5,https://sketchfab.com/3d-models/fc99c2b1366f4dac95b35f5b6e9f4fb5,,CC Attribution [slug by],usable,,y (Sketchfab account for download),isDownloadable=True; faces=80948,,,scan (method unstated),mandible,"fossil/archaeological; Wolf (Canis lupus) mandible from Archaic aged Logan Creek site, Burt Co., NE (PLY file)"
wolf_type,Canis latrans,coyote,Sketchfab (ebauer4),3dcae1913a6345bf850041aedfe3de81,https://sketchfab.com/3d-models/3dcae1913a6345bf850041aedfe3de81,,CC Attribution [slug by],usable,,y (Sketchfab account for download),isDownloadable=True; faces=513200,,,structured-light/laser,mandible,"The mandible of a coyote (canus latrans). Specimen is from the peidmont region of North Carolina, USA. Bone is from the private collection"
wolf_type,Canis latrans,coyote,Sketchfab (OSU.Multimedia),f52929b90fd9408f9761243d46ed898a,https://sketchfab.com/3d-models/f52929b90fd9408f9761243d46ed898a,,CC Attribution [slug by],usable,,y (Sketchfab account for download),isDownloadable=True; faces=2208346,,,scan (method unstated),cranium,
wolf_type,Canis latrans,coyote,Sketchfab (wesUdigital),6cdc65d093a54e9ab4fb125862687106,https://sketchfab.com/3d-models/6cdc65d093a54e9ab4fb125862687106,,CC Attribution [slug by],usable,,y (Sketchfab account for download),isDownloadable=True; faces=428412,,,structured-light/laser,cranium,"KB18 01 Coyote Cranium Scanned on November 28, 2022 by Andres Angeles-Paredes and Kiran Kowalski with Artec Space Spider"
wolf_type,Canis latrans,coyote,Sketchfab (wesUdigital),5787dd07eafb4c3ab477f5a03aca215e,https://sketchfab.com/3d-models/5787dd07eafb4c3ab477f5a03aca215e,,CC Attribution [slug by],usable,,y (Sketchfab account for download),isDownloadable=True; faces=65490,,,structured-light/laser,mandible,"KB18 01 Coyote Mandible Scanned on November 11, 2022 by Andres Angeles-Paredes with Artec Space Spider"
domestic_dog,Canis familiaris,domestic dog,Sketchfab (idmental.id),ed97bea0c61747a397c933da3f690b45,https://sketchfab.com/3d-models/ed97bea0c61747a397c933da3f690b45,,CC Attribution [slug by],usable,,y (Sketchfab account for download),isDownloadable=True; faces=25060,,,scan (method unstated),skull (cranium; mandible if stated),
domestic_dog,Canis familiaris,domestic dog,Sketchfab (interstellar_simian),561da590da604938bfd2448984ef9976,https://sketchfab.com/3d-models/561da590da604938bfd2448984ef9976,,CC Attribution [slug by],usable,,y (Sketchfab account for download),isDownloadable=True; faces=260864,,,CT,skull (cranium; mandible if stated),3D model generated from CT scan data.
domestic_dog,Canis familiaris,domestic dog,Sketchfab (iqcenter),045acab85feb4cdc9a85069bda030860,https://sketchfab.com/3d-models/045acab85feb4cdc9a85069bda030860,,CC Attribution [slug by],usable,,y (Sketchfab account for download),isDownloadable=True; faces=195029,,,scan (method unstated),skull (cranium; mandible if stated),
domestic_dog,Canis familiaris,domestic dog,Sketchfab (UoR-Archaeology),e35c2f613daa44489f78cfa687fa3603,https://sketchfab.com/3d-models/e35c2f613daa44489f78cfa687fa3603,,CC Attribution [slug by],usable,,y (Sketchfab account for download),isDownloadable=True; faces=1105440,,,scan (method unstated),skull (cranium; mandible if stated),"fossil/archaeological; From trench 3 lower horizons of Iron Age boundary ditch, with early Roman pottery associated."
domestic_dog,Canis familiaris,domestic dog,Sketchfab (ilstatemuseum),920a5715a2184ab39ca8faadfd9e1cfe,https://sketchfab.com/3d-models/920a5715a2184ab39ca8faadfd9e1cfe,,CC Attribution [slug by],usable,,y (Sketchfab account for download),isDownloadable=True; faces=387944,,,scan (method unstated),cranium,"fossil/archaeological; ""Dog 2"" from Archaic levels of Modoc Rockshelter, Randolph Co., IL"
true_fox,Vulpes sp.,fox (unspecified),Sketchfab (tdromanis11),5a58a5447f6a42b4885189fbca412035,https://sketchfab.com/3d-models/5a58a5447f6a42b4885189fbca412035,,CC Attribution [slug by],usable,,y (Sketchfab account for download),isDownloadable=True; faces=1160273,,,scan (method unstated),skull (cranium; mandible if stated),
true_fox,Vulpes vulpes,red fox,Sketchfab (region_60),f86c22550f9e45039d4178fe402eb345,https://sketchfab.com/3d-models/f86c22550f9e45039d4178fe402eb345,,CC Attribution [slug by],usable,,y (Sketchfab account for download),isDownloadable=True; faces=235878,,,photogrammetry,cranium,The red fox (Vulpes vulpes L.) skull found in the forest. Photogrammetry model based on 130 photos.
true_fox,Vulpes sp.,fox (unspecified),Sketchfab (Levimoore),deb8818e23274b2d9081375b2ebdb5fe,https://sketchfab.com/3d-models/deb8818e23274b2d9081375b2ebdb5fe,,CC Attribution [slug by],usable,,y (Sketchfab account for download),isDownloadable=True; faces=37420,,,scan (method unstated),skull (cranium; mandible if stated),
true_fox,Vulpes sp.,fox (unspecified),Sketchfab (sofiapu),29064d3d346548c78ae2d5e5f42ea188,https://sketchfab.com/3d-models/29064d3d346548c78ae2d5e5f42ea188,,CC Attribution [slug by],usable,,y (Sketchfab account for download),isDownloadable=True; faces=236596,,,scan (method unstated),skull (cranium; mandible if stated),
true_fox,Vulpes sp.,fox (unspecified),Sketchfab (tdromanis11),b3c3021a34294115af3abda60a4154e8,https://sketchfab.com/3d-models/b3c3021a34294115af3abda60a4154e8,,CC Attribution [slug by],usable,,y (Sketchfab account for download),isDownloadable=True; faces=1000000,,,scan (method unstated),skull (cranium; mandible if stated),
true_fox,Vulpes sp.,fox (unspecified),Sketchfab (alexey.sleptsov),d7634d3c19644aa2adf0349528b088c9,https://sketchfab.com/3d-models/d7634d3c19644aa2adf0349528b088c9,,CC Attribution [slug by],usable,,y (Sketchfab account for download),isDownloadable=True; faces=735340,,,scan (method unstated),skull (cranium; mandible if stated),
true_fox,Vulpes vulpes,red fox,Sketchfab (nlasley1),baf52af590864d08970b2c20b329b656,https://sketchfab.com/3d-models/baf52af590864d08970b2c20b329b656,,CC Attribution [slug by],usable,,y (Sketchfab account for download),isDownloadable=True; faces=476052,,,scan (method unstated),mandible,
true_fox,Vulpes vulpes,red fox,Sketchfab (Arena2-DSSBC-UNISI),1fc79dda5a2a473fa5f9c5077d70a0ef,https://sketchfab.com/3d-models/1fc79dda5a2a473fa5f9c5077d70a0ef,,CC Attribution [slug by],usable,,y (Sketchfab account for download),isDownloadable=True; faces=400955,,,scan (method unstated),cranium,Cranio di Vulpes Vulpes
canid_indet,Canidae indet.,canid (unidentified),Sketchfab (Depriest1157),a3b36b901fb546c4b9322aa445a78bc5,https://sketchfab.com/3d-models/a3b36b901fb546c4b9322aa445a78bc5,,CC Attribution [slug by],usable,,y (Sketchfab account for download),isDownloadable=True; faces=100000,,,scan (method unstated),skull (cranium; mandible if stated),
canid_indet,Canidae indet.,canid (unidentified),Sketchfab (wesUdigital),a22e0e5dacbc4691aab648e2048460d8,https://sketchfab.com/3d-models/a22e0e5dacbc4691aab648e2048460d8,,CC Attribution [slug by],usable,,y (Sketchfab account for download),isDownloadable=True; faces=764917,,,structured-light/laser,skull (cranium; mandible if stated),"JWP OST 420001 Canid Skull Scanned by Andy Tan in April, 2021 with Artec Space Spider"
canid_indet,Canidae indet.,canid (unidentified),Sketchfab (Depriest1157),d184d10e6635413892d1e752141f77ff,https://sketchfab.com/3d-models/d184d10e6635413892d1e752141f77ff,,CC Attribution [slug by],usable,,y (Sketchfab account for download),isDownloadable=True; faces=100000,,,scan (method unstated),skull (cranium; mandible if stated),
canid_indet,Canidae indet.,canid (unidentified),Sketchfab (uwar),522cb400e12a4c9690ceb176c5ba5028,https://sketchfab.com/3d-models/522cb400e12a4c9690ceb176c5ba5028,,CC Attribution [slug by],usable,,y (Sketchfab account for download),isDownloadable=True; faces=1308143,,,scan (method unstated),cranium,"fossil/archaeological; Genus: Canidae Crania For more information on the site and this artifact, you can visit the [Vore Buffalo Jump website](https://vorebuffal"
canid_indet,Canidae indet.,canid (unidentified),Sketchfab (uwar),eda68265b51e4acaa871091b7fd0fb43,https://sketchfab.com/3d-models/eda68265b51e4acaa871091b7fd0fb43,,CC Attribution [slug by],usable,,y (Sketchfab account for download),isDownloadable=True; faces=158630,,,scan (method unstated),cranium,"fossil/archaeological; Genus: Canidae Crania For more information on the site and this artifact, you can visit the[ Vore Buffalo Jump website](https://vorebuffal"
canid_indet,Canidae indet.,canid (unidentified),Sketchfab (uwar),f34435a5843545b9ba785494c91d390b,https://sketchfab.com/3d-models/f34435a5843545b9ba785494c91d390b,,CC Attribution [slug by],usable,,y (Sketchfab account for download),isDownloadable=True; faces=1167624,,,scan (method unstated),cranium,"fossil/archaeological; Genus: Canidae Crania For more information on the site and this artifact, you can visit the [Vore Buffalo Jump website](https://vorebuffal"
canid_indet,Canidae indet.,canid (unidentified),Sketchfab (uwar),7d34addfd7c74932845ae8fdf2e90782,https://sketchfab.com/3d-models/7d34addfd7c74932845ae8fdf2e90782,,CC Attribution [slug by],usable,,y (Sketchfab account for download),isDownloadable=True; faces=1446728,,,scan (method unstated),cranium,"fossil/archaeological; Genus: Canidae Crania For more information on the site and this artifact, you can visit the [Vore Buffalo Jump website](https://vorebuffal"
canid_indet,Canidae indet.,canid (unidentified),Sketchfab (uwar),39d0d7bbc5f441b0a3153173cc45288a,https://sketchfab.com/3d-models/39d0d7bbc5f441b0a3153173cc45288a,,CC Attribution [slug by],usable,,y (Sketchfab account for download),isDownloadable=True; faces=176327,,,scan (method unstated),cranium,"fossil/archaeological; Genus: Canidae Crania For more information on the site and this artifact, you can visit the [Vore Buffalo Jump website](https://vorebuffal"
canid_indet,Canidae indet.,canid (unidentified),Sketchfab (uwar),fee2e144ca004f86b3550e333506e527,https://sketchfab.com/3d-models/fee2e144ca004f86b3550e333506e527,,CC Attribution [slug by],usable,,y (Sketchfab account for download),isDownloadable=True; faces=1126825,,,scan (method unstated),cranium,"fossil/archaeological; Genus: Canidae Crania For more information on the site and this artifact, you can visit the [Vore Buffalo Jump website](https://vorebuffal"
canid_indet,Canidae indet.,canid (unidentified),Sketchfab (uwar),c42ed74e4cf5451aa6f034364be19e4e,https://sketchfab.com/3d-models/c42ed74e4cf5451aa6f034364be19e4e,,CC Attribution [slug by],usable,,y (Sketchfab account for download),isDownloadable=True; faces=1071377,,,scan (method unstated),cranium,"fossil/archaeological; Genus: Canidae Crania For more information on the site and this artifact, you can visit the [Vore Buffalo Jump website](https://vorebuffal"
canid_indet,Canidae indet.,canid (unidentified),Sketchfab (uwar),a57c3c366860465181d5814be17b09ee,https://sketchfab.com/3d-models/a57c3c366860465181d5814be17b09ee,,CC Attribution [slug by],usable,,y (Sketchfab account for download),isDownloadable=True; faces=389787,,,scan (method unstated),cranium,"fossil/archaeological; Genus/species: *Canidae* Crania For more information on the site and this artifact, you can visit the [Vore Buffalo Jump website](https://"
wolf_type,Canis lupus,gray wolf,Sketchfab (MammalResearchInstitutePAS),fddb2206b544407c87ee74b8fc476816,https://sketchfab.com/3d-models/fddb2206b544407c87ee74b8fc476816,https://openforestdata.pl/datasets/detail?doi=ZG9pOjEwLjQ4MzcwL09GRC9MTlJNWFc%3D,CC Attribution [slug by],usable,,y (Sketchfab account for download),isDownloadable=True; faces=1376871,,MRI PAS collection (see OFD rows),structured-light/laser,skull (cranium; mandible if stated),"mirror of OFD dataset (original data login-free there); Skull from the Zoological collection of the [Mammal Research Institute, Polish Academy of Sciences](https://ibs.bialowieza.pl/en/) You can"
domestic_dog,Canis familiaris,domestic dog,Sketchfab (MammalResearchInstitutePAS),b02b74081f9e45389b027c7568799538,https://sketchfab.com/3d-models/b02b74081f9e45389b027c7568799538,https://openforestdata.pl/datasets/detail?doi=ZG9pOjEwLjQ4MzcwL09GRC9LRUtCQVE%3D,CC Attribution [slug by],usable,,y (Sketchfab account for download),isDownloadable=True; faces=1707179,,MRI PAS collection (see OFD rows),structured-light/laser,skull (cranium; mandible if stated),"mirror of OFD dataset (original data login-free there); Skull from the Zoological collection of the [Mammal Research Institute, Polish Academy of Sciences](https://ibs.bialowieza.pl/en/) You can"
wolf_type,Canis aureus,golden jackal,Sketchfab (MammalResearchInstitutePAS),9a1b50477ab242c6b3ec5f7ea6258081,https://sketchfab.com/3d-models/9a1b50477ab242c6b3ec5f7ea6258081,https://openforestdata.pl/datasets/detail?doi=ZG9pOjEwLjQ4MzcwL09GRC9PSkJKWTk%3D,CC Attribution [slug by],usable,,y (Sketchfab account for download),isDownloadable=True; faces=792507,,MRI PAS collection (see OFD rows),structured-light/laser,skull (cranium; mandible if stated),"mirror of OFD dataset (original data login-free there); Skull from the Zoological collection of the [Mammal Research Institute, Polish Academy of Sciences](https://ibs.bialowieza.pl/en/) You can"
true_fox,Vulpes vulpes,red fox,Sketchfab (MammalResearchInstitutePAS),cc1203875d184b509046a1092333af57,https://sketchfab.com/3d-models/cc1203875d184b509046a1092333af57,https://openforestdata.pl/datasets/detail?doi=ZG9pOjEwLjQ4MzcwL09GRC9EWVNMQVM%3D,CC Attribution [slug by],usable,,y (Sketchfab account for download),isDownloadable=True; faces=794552,,MRI PAS collection (see OFD rows),structured-light/laser,skull (cranium; mandible if stated),"mirror of OFD dataset (original data login-free there); Skull from the Zoological collection of the [Mammal Research Institute, Polish Academy of Sciences](https://ibs.bialowieza.pl/en/) You can"
raccoon_dog,Nyctereutes procyonoides,raccoon dog,Sketchfab (MammalResearchInstitutePAS),1631af4e14544311a11e55032b010880,https://sketchfab.com/3d-models/1631af4e14544311a11e55032b010880,https://openforestdata.pl/datasets/detail?doi=ZG9pOjEwLjQ4MzcwL09GRC9BNkNESUw%3D,CC Attribution [slug by],usable,,y (Sketchfab account for download),isDownloadable=True; faces=494176,,MRI PAS collection (see OFD rows),structured-light/laser,skull (cranium; mandible if stated),"mirror of OFD dataset (original data login-free there); Skull from the Zoological collection of the[ Mammal Research Institute, Polish Academy of Sciences](https://ibs.bialowieza.pl/en/) You can"
wolf_type,Canis lupus,gray wolf,Sketchfab (MammalResearchInstitutePAS),6e525a6837c54e299ae5e86fcdc7f05b,https://sketchfab.com/3d-models/6e525a6837c54e299ae5e86fcdc7f05b,https://openforestdata.pl/datasets/detail?doi=ZG9pOjEwLjQ4MzcwL09GRC9MVlQ5QUM%3D,CC Attribution [slug by],usable,,y (Sketchfab account for download),isDownloadable=True; faces=973136,,MRI PAS collection (see OFD rows),structured-light/laser,skull (cranium; mandible if stated),"mirror of OFD dataset (original data login-free there); Skull from the Zoological collection of the [Mammal Research Institute, Polish Academy of Sciences](https://ibs.bialowieza.pl/en/) You can"
wolf_type,Canis lupus pambasileus,gray wolf,MorphoSource (LACM Mammalogy),000583526,https://www.morphosource.org/concern/media/000583526,,http://rightsstatements.org/vocab/InC-NC/1.0/; CommercialUseNotPermitted,rejected,commercial use not permitted (InC-NC/1.0),y,Volumetric Image Series,,LACM:Mammals:92249,MicroNanoXRayComputedTomography,Skull,collections: LACM Mammals - Domestic dog Skulls 
wolf_type,Canis lupus mogollonensis,gray wolf,MorphoSource (LACM Mammalogy),000583301,https://www.morphosource.org/concern/media/000583301,,http://rightsstatements.org/vocab/InC-NC/1.0/; CommercialUseNotPermitted,rejected,commercial use not permitted (InC-NC/1.0),y,Volumetric Image Series,,LACM:Mammals:92252,MicroNanoXRayComputedTomography,Skull,collections: 
wolf_type,Canis lupus pambasileus,gray wolf,MorphoSource (LACM Mammalogy),000582286,https://www.morphosource.org/concern/media/000582286,,http://rightsstatements.org/vocab/InC-NC/1.0/; CommercialUseNotPermitted,rejected,commercial use not permitted (InC-NC/1.0),y,Volumetric Image Series,,LACM:Mammals:92249,MicroNanoXRayComputedTomography,Skull,collections: 
wolf_type,Canis lupus nubilus,gray wolf,MorphoSource (LACM Mammalogy),000581869,https://www.morphosource.org/concern/media/000581869,,http://rightsstatements.org/vocab/InC-NC/1.0/; CommercialUseNotPermitted,rejected,commercial use not permitted (InC-NC/1.0),y,Volumetric Image Series,,LACM:Mammals:92250,MicroNanoXRayComputedTomography,Skull,collections: 
domestic_dog,Canis lupus,domestic dog,MorphoSource (LACM Mammalogy),000580699,https://www.morphosource.org/concern/media/000580699,,http://rightsstatements.org/vocab/InC-NC/1.0/; CommercialUseNotPermitted,rejected,commercial use not permitted (InC-NC/1.0),y,Volumetric Image Series,,LACM:Mammals:30595,MicroNanoXRayComputedTomography,Skull,collections: 
wolf_type,Canis latrans,coyote,MorphoSource (Museums Victoria provider for OZCAM),000344739,https://www.morphosource.org/concern/media/000344739,,http://rightsstatements.org/vocab/InC-EDU/1.0/; CommercialUseNotPermitted,rejected,commercial use not permitted (InC-EDU/1.0),y,Mesh,,NMV:Mammalogy:C31314,LaserScan,Upper Right Canine,"collections: Power Cascade: 3D models of teeth, claws, horns, thorns, beaks, and shells"
dingo_type,Canis dingo,dingo,MorphoSource (South Australian Museum Australia provider for OZCAM),000344520,https://www.morphosource.org/concern/media/000344520,,http://rightsstatements.org/vocab/InC-EDU/1.0/; CommercialUseNotPermitted,rejected,commercial use not permitted (InC-EDU/1.0),y,Mesh,,sama:mammology:m3889a,LaserScan,Upper Left Canine,"collections: Power Cascade: 3D models of teeth, claws, horns, thorns, beaks, and shells"
dingo_type,Canis dingo,dingo,MorphoSource (South Australian Museum Australia provider for OZCAM),000344515,https://www.morphosource.org/concern/media/000344515,,http://rightsstatements.org/vocab/InC-EDU/1.0/; CommercialUseNotPermitted,rejected,commercial use not permitted (InC-EDU/1.0),y,Mesh,,sama:mammology:m3041,LaserScan,Upper Left Canine,"collections: Power Cascade: 3D models of teeth, claws, horns, thorns, beaks, and shells"
dingo_type,Canis dingo,dingo,MorphoSource (South Australian Museum Australia provider for OZCAM),000344510,https://www.morphosource.org/concern/media/000344510,,http://rightsstatements.org/vocab/InC-EDU/1.0/; CommercialUseNotPermitted,rejected,commercial use not permitted (InC-EDU/1.0),y,Mesh,,sama:mammology:m1967,LaserScan,Upper Left Canine,"collections: Power Cascade: 3D models of teeth, claws, horns, thorns, beaks, and shells"
dingo_type,Canis dingo,dingo,MorphoSource (South Australian Museum Australia provider for OZCAM),000344505,https://www.morphosource.org/concern/media/000344505,,http://rightsstatements.org/vocab/InC-EDU/1.0/; CommercialUseNotPermitted,rejected,commercial use not permitted (InC-EDU/1.0),y,Mesh,,sama:mammology:m1962,LaserScan,Upper Right Canine,"collections: Power Cascade: 3D models of teeth, claws, horns, thorns, beaks, and shells"
dingo_type,Canis dingo,dingo,MorphoSource (South Australian Museum Australia provider for OZCAM),000344500,https://www.morphosource.org/concern/media/000344500,,http://rightsstatements.org/vocab/InC-EDU/1.0/; CommercialUseNotPermitted,rejected,commercial use not permitted (InC-EDU/1.0),y,Mesh,,sama:mammology:97,LaserScan,Upper Right Canine,"collections: Power Cascade: 3D models of teeth, claws, horns, thorns, beaks, and shells"
dingo_type,Canis dingo,dingo,MorphoSource (Australian Museum provider for OZCAM),000344309,https://www.morphosource.org/concern/media/000344309,,http://rightsstatements.org/vocab/InC-EDU/1.0/; CommercialUseNotPermitted,rejected,commercial use not permitted (InC-EDU/1.0),y,Mesh,,am:mammalogy:m5389,LaserScan,Upper Left Canine,"collections: Power Cascade: 3D models of teeth, claws, horns, thorns, beaks, and shells"
dingo_type,Canis dingo,dingo,MorphoSource (Australian Museum provider for OZCAM),000344305,https://www.morphosource.org/concern/media/000344305,,http://rightsstatements.org/vocab/InC-EDU/1.0/; CommercialUseNotPermitted,rejected,commercial use not permitted (InC-EDU/1.0),y,Mesh,,am:mammalogy:m5389,LaserScan,Lower Left Canine,"collections: Power Cascade: 3D models of teeth, claws, horns, thorns, beaks, and shells"
wolf_type,Canis aureus,golden jackal,MorphoSource (Australian Museum provider for OZCAM),000344273,https://www.morphosource.org/concern/media/000344273,,http://rightsstatements.org/vocab/InC-EDU/1.0/; CommercialUseNotPermitted,rejected,commercial use not permitted (InC-EDU/1.0),y,Mesh,,AM:Mammalogy:M.42917,LaserScan,Lower Left Canine,"collections: Power Cascade: 3D models of teeth, claws, horns, thorns, beaks, and shells"
wolf_type,Canis aureus,golden jackal,MorphoSource (Australian Museum provider for OZCAM),000344269,https://www.morphosource.org/concern/media/000344269,,http://rightsstatements.org/vocab/InC-EDU/1.0/; CommercialUseNotPermitted,rejected,commercial use not permitted (InC-EDU/1.0),y,Mesh,,AM:Mammalogy:M.42917,LaserScan,Upper Right Canine,"collections: Power Cascade: 3D models of teeth, claws, horns, thorns, beaks, and shells"
dingo_type,Canis lupus,dingo,MorphoSource (Australian Museum provider for OZCAM),000344222,https://www.morphosource.org/concern/media/000344222,,http://rightsstatements.org/vocab/InC-EDU/1.0/; CommercialUseNotPermitted,rejected,commercial use not permitted (InC-EDU/1.0),y,Mesh,,AM:Mammalogy:M.24157,LaserScan,Upper Right Canine,"collections: Power Cascade: 3D models of teeth, claws, horns, thorns, beaks, and shells"
dingo_type,Canis lupus,dingo,MorphoSource (Australian Museum provider for OZCAM),000344212,https://www.morphosource.org/concern/media/000344212,,http://rightsstatements.org/vocab/InC-EDU/1.0/; CommercialUseNotPermitted,rejected,commercial use not permitted (InC-EDU/1.0),y,Mesh,,AM:Mammalogy:M.24157,LaserScan,Lower Left Canine,"collections: Power Cascade: 3D models of teeth, claws, horns, thorns, beaks, and shells"
dingo_type,Canis lupus,dingo,MorphoSource (Australian Museum provider for OZCAM),000344207,https://www.morphosource.org/concern/media/000344207,,http://rightsstatements.org/vocab/InC-EDU/1.0/; CommercialUseNotPermitted,rejected,commercial use not permitted (InC-EDU/1.0),y,Mesh,,AM:Mammalogy:M.24156,LaserScan,Lower Right Canine,"collections: Power Cascade: 3D models of teeth, claws, horns, thorns, beaks, and shells"
dingo_type,Canis dingo,dingo,MorphoSource (Australian Museum provider for OZCAM),000344202,https://www.morphosource.org/concern/media/000344202,,http://rightsstatements.org/vocab/InC-EDU/1.0/; CommercialUseNotPermitted,rejected,commercial use not permitted (InC-EDU/1.0),y,Mesh,,AM:Mammalogy:M.19027,LaserScan,Upper Left Canine,"collections: Power Cascade: 3D models of teeth, claws, horns, thorns, beaks, and shells; Domestic Dogs"
dingo_type,Canis dingo,dingo,MorphoSource (Australian Museum provider for OZCAM),000344198,https://www.morphosource.org/concern/media/000344198,,http://rightsstatements.org/vocab/InC-EDU/1.0/; CommercialUseNotPermitted,rejected,commercial use not permitted (InC-EDU/1.0),y,Mesh,,AM:Mammalogy:M.19027,LaserScan,Lower Left Canine,"collections: Power Cascade: 3D models of teeth, claws, horns, thorns, beaks, and shells; Domestic Dogs"
wolf_type,Canis latrans,coyote,MorphoSource (FLMNH Division of Mammals),000031861,https://www.morphosource.org/concern/media/000031861,,none stated; CommercialUseNotPermitted,rejected,commercial use not permitted (no rights statement),y,Mesh,,uf:mammals:13412,MicroNanoXRayComputedTomography,Humerus,collections: K12 - Evolutionary Relationships of Carnivorans
domestic_dog,Canis lupus familiaris,domestic dog,MorphoSource (FLMNH Division of Mammals),000031840,https://www.morphosource.org/concern/media/000031840,,none stated; CommercialUseNotPermitted,rejected,commercial use not permitted (no rights statement),y,Mesh,,uf:mammals:8379,MicroNanoXRayComputedTomography,Humerus,collections: K12 - Evolutionary Relationships of Carnivorans
domestic_dog,Canis familiaris,domestic dog,"MorphoSource (Vertebrate Zoology Division - Mammalogy, Yale Peabody Museum)",000622606,https://www.morphosource.org/concern/media/000622606,,http://rightsstatements.org/vocab/InC/1.0/; CommercialUseNotPermitted,rejected,commercial use not permitted (InC/1.0); restricted download (request),y,Volumetric Image Series,,YPM:VZ:YPM MAM 007356,MicroNanoXRayComputedTomography,skull,collections: Bony Dog Skulls; Domestic Dogs
domestic_dog,Canis familiaris,domestic dog,"MorphoSource (Vertebrate Zoology Division - Mammalogy, Yale Peabody Museum)",000622564,https://www.morphosource.org/concern/media/000622564,,http://rightsstatements.org/vocab/InC/1.0/; CommercialUseNotPermitted,rejected,commercial use not permitted (InC/1.0),y,Volumetric Image Series,,YPM:VZ:YPM MAM 007471,MicroNanoXRayComputedTomography,skull,collections: Bony Dog Skulls; Domestic Dogs
domestic_dog,Canis lupus,domestic dog,MorphoSource (LACM Mammalogy),000582035,https://www.morphosource.org/concern/media/000582035,,http://rightsstatements.org/vocab/InC-NC/1.0/; CommercialUseNotPermitted,rejected,commercial use not permitted (InC-NC/1.0),y,Volumetric Image Series,,LACM:Mammals:30595,MicroNanoXRayComputedTomography,Skull,collections: LACM Mammals - Domestic dog Skulls 
domestic_dog,Canis lupus,domestic dog,MorphoSource (LACM Mammalogy),000579723,https://www.morphosource.org/concern/media/000579723,,http://rightsstatements.org/vocab/InC-NC/1.0/; CommercialUseNotPermitted,rejected,commercial use not permitted (InC-NC/1.0),y,Volumetric Image Series,,LACM:Mammals:31098,MicroNanoXRayComputedTomography,Skull,collections: 
domestic_dog,Canis lupus,domestic dog,MorphoSource (LACM Mammalogy),000579708,https://www.morphosource.org/concern/media/000579708,,http://rightsstatements.org/vocab/InC-NC/1.0/; CommercialUseNotPermitted,rejected,commercial use not permitted (InC-NC/1.0),y,Volumetric Image Series,,LACM:Mammals:31092,MicroNanoXRayComputedTomography,Skull,collections: 
domestic_dog,Canis lupus,domestic dog,MorphoSource (LACM Mammalogy),000578254,https://www.morphosource.org/concern/media/000578254,,http://rightsstatements.org/vocab/InC-NC/1.0/; CommercialUseNotPermitted,rejected,commercial use not permitted (InC-NC/1.0),y,Volumetric Image Series,,LACM:Mammals:30416,MicroNanoXRayComputedTomography,Skull,collections: 
domestic_dog,Canis lupus,domestic dog,MorphoSource (LACM Mammalogy),000577784,https://www.morphosource.org/concern/media/000577784,,http://rightsstatements.org/vocab/InC-NC/1.0/; CommercialUseNotPermitted,rejected,commercial use not permitted (InC-NC/1.0),y,Volumetric Image Series,,LACM:Mammals:30126,MicroNanoXRayComputedTomography,Skull,collections: 
domestic_dog,Canis lupus,domestic dog,MorphoSource (LACM Mammalogy),000577094,https://www.morphosource.org/concern/media/000577094,,http://rightsstatements.org/vocab/InC-NC/1.0/; CommercialUseNotPermitted,rejected,commercial use not permitted (InC-NC/1.0),y,Volumetric Image Series,,LACM:Mammals:30129,MicroNanoXRayComputedTomography,Skull,collections: 
domestic_dog,Canis lupus,domestic dog,MorphoSource (LACM Mammalogy),000576501,https://www.morphosource.org/concern/media/000576501,,http://rightsstatements.org/vocab/InC-NC/1.0/; CommercialUseNotPermitted,rejected,commercial use not permitted (InC-NC/1.0),y,Volumetric Image Series,,LACM:Mammals:30417,MicroNanoXRayComputedTomography,Skull,collections: 
domestic_dog,Canis lupus,domestic dog,MorphoSource (LACM Mammalogy),000575231,https://www.morphosource.org/concern/media/000575231,,http://rightsstatements.org/vocab/InC-NC/1.0/; CommercialUseNotPermitted,rejected,commercial use not permitted (InC-NC/1.0),y,Volumetric Image Series,,LACM:Mammals:30423,MicroNanoXRayComputedTomography,Skull,collections: 
domestic_dog,Canis lupus,domestic dog,MorphoSource (LACM Mammalogy),000575072,https://www.morphosource.org/concern/media/000575072,,http://rightsstatements.org/vocab/InC-NC/1.0/; CommercialUseNotPermitted,rejected,commercial use not permitted (InC-NC/1.0),y,Volumetric Image Series,,LACM:Mammals:30419,MicroNanoXRayComputedTomography,Skull,collections: 
domestic_dog,Canis lupus,domestic dog,MorphoSource (LACM Mammalogy),000574765,https://www.morphosource.org/concern/media/000574765,,http://rightsstatements.org/vocab/InC-NC/1.0/; CommercialUseNotPermitted,rejected,commercial use not permitted (InC-NC/1.0),y,Volumetric Image Series,,LACM:Mammals:30537,MicroNanoXRayComputedTomography,Skull,collections: 
wolf_type,Canis latrans,coyote,MorphoSource (LACM Rancho La Brea),000509938,https://www.morphosource.org/concern/media/000509938,,http://rightsstatements.org/vocab/InC-NC/1.0/; CommercialUseNotPermitted,rejected,commercial use not permitted (InC-NC/1.0),y,Mesh,,LACM:rlb:HC 57379 ,StructuredLight,dentary,collections: 
wolf_type,Canis latrans,coyote,MorphoSource (LACM Rancho La Brea),000509930,https://www.morphosource.org/concern/media/000509930,,http://rightsstatements.org/vocab/InC-NC/1.0/; CommercialUseNotPermitted,rejected,commercial use not permitted (InC-NC/1.0),y,Mesh,,LACM:rlb:HC 57355 ,StructuredLight,dentary,collections: 
wolf_type,Canis latrans,coyote,MorphoSource (LACM Rancho La Brea),000509925,https://www.morphosource.org/concern/media/000509925,,http://rightsstatements.org/vocab/InC-NC/1.0/; CommercialUseNotPermitted,rejected,commercial use not permitted (InC-NC/1.0),y,Mesh,,LACM:rlb:HC 57355 ,StructuredLight,dentary,collections: 
wolf_type,Canis latrans,coyote,MorphoSource (Museums Victoria provider for OZCAM),000345341,https://www.morphosource.org/concern/media/000345341,,http://rightsstatements.org/vocab/InC-EDU/1.0/; CommercialUseNotPermitted,rejected,commercial use not permitted (InC-EDU/1.0),y,Mesh,,NMV:Mammalogy:C32234,LaserScan,Tooth (Lower Left Canine),"collections: Power Cascade: 3D models of teeth, claws, horns, thorns, beaks, and shells"
domestic_dog,Canis lupus familiaris,domestic dog,MorphoSource (LACM Mammalogy),000582012,https://www.morphosource.org/concern/media/000582012,,http://rightsstatements.org/vocab/InC-NC/1.0/; CommercialUseNotPermitted,rejected,commercial use not permitted (InC-NC/1.0),y,Volumetric Image Series,,LACM:Mammals:30539,MicroNanoXRayComputedTomography,Skull,collections: LACM Mammals - Domestic dog Skulls ; Domestic Dogs
domestic_dog,Canis lupus,domestic dog,MorphoSource (LACM Mammalogy),000577781,https://www.morphosource.org/concern/media/000577781,,http://rightsstatements.org/vocab/InC-NC/1.0/; CommercialUseNotPermitted,rejected,commercial use not permitted (InC-NC/1.0),y,Volumetric Image Series,,LACM:Mammals:30124,MicroNanoXRayComputedTomography,Skull,collections: 
wolf_type,Canis latrans,coyote,MorphoSource (LACM Rancho La Brea),000518287,https://www.morphosource.org/concern/media/000518287,,http://rightsstatements.org/vocab/InC-NC/1.0/; CommercialUseNotPermitted,rejected,commercial use not permitted (InC-NC/1.0),y,Mesh,,LACM:rlb:HC 3201-R-2 ,StructuredLight,dentary,collections: 
dingo_type,Canis lupus dingo,dingo,MorphoSource (Museums Victoria provider for OZCAM),000345376,https://www.morphosource.org/concern/media/000345376,,http://rightsstatements.org/vocab/InC-EDU/1.0/; CommercialUseNotPermitted,rejected,commercial use not permitted (InC-EDU/1.0),y,Mesh,,NMV:Mammalogy:DTC505,LaserScan,Tooth (Upper Left Canine),"collections: Power Cascade: 3D models of teeth, claws, horns, thorns, beaks, and shells"
dingo_type,Canis lupus dingo,dingo,MorphoSource (Museums Victoria provider for OZCAM),000345372,https://www.morphosource.org/concern/media/000345372,,http://rightsstatements.org/vocab/InC-EDU/1.0/; CommercialUseNotPermitted,rejected,commercial use not permitted (InC-EDU/1.0),y,Mesh,,NMV:Mammalogy:DTC505,LaserScan,Tooth (Lower Left Canine),"collections: Power Cascade: 3D models of teeth, claws, horns, thorns, beaks, and shells"
dingo_type,Canis lupus dingo,dingo,MorphoSource (Museums Victoria provider for OZCAM),000345260,https://www.morphosource.org/concern/media/000345260,,http://rightsstatements.org/vocab/InC-EDU/1.0/; CommercialUseNotPermitted,rejected,commercial use not permitted (InC-EDU/1.0),y,Mesh,,NMV:Mammalogy:C22588,LaserScan,Tooth (Upper Right Canine),"collections: Power Cascade: 3D models of teeth, claws, horns, thorns, beaks, and shells"
dingo_type,Canis lupus dingo,dingo,MorphoSource (Museums Victoria provider for OZCAM),000345252,https://www.morphosource.org/concern/media/000345252,,http://rightsstatements.org/vocab/InC-EDU/1.0/; CommercialUseNotPermitted,rejected,commercial use not permitted (InC-EDU/1.0),y,Mesh,,NMV:Mammalogy:C22588,LaserScan,Tooth (Lower Right Canine),"collections: Power Cascade: 3D models of teeth, claws, horns, thorns, beaks, and shells"
wolf_type,Canis lupus,gray wolf,"MorphoSource (MSU Mammalogy, Ornithology and Vertebrate Paleontology Collections)",000170689,https://www.morphosource.org/concern/media/000170689,,none stated; CommercialUseNotPermitted,rejected,commercial use not permitted (no rights statement),y,Mesh,,msu:mr:37782,MicroNanoXRayComputedTomography,Skull,collections: Ontogenetic origins of cranial convergence between the extinct marsupial thylacine and placental gre
wolf_type,Canis lupus,gray wolf,"MorphoSource (MSU Mammalogy, Ornithology and Vertebrate Paleontology Collections)",000170691,https://www.morphosource.org/concern/media/000170691,,none stated; CommercialUseNotPermitted,rejected,commercial use not permitted (no rights statement),y,Mesh,,msu:mr:37784,MicroNanoXRayComputedTomography,Skull,collections: Ontogenetic origins of cranial convergence between the extinct marsupial thylacine and placental gre
wolf_type,Canis lupus,gray wolf,"MorphoSource (MSU Mammalogy, Ornithology and Vertebrate Paleontology Collections)",000170690,https://www.morphosource.org/concern/media/000170690,,none stated; CommercialUseNotPermitted,rejected,commercial use not permitted (no rights statement),y,Mesh,,msu:mr:37783,MicroNanoXRayComputedTomography,Skull,collections: Ontogenetic origins of cranial convergence between the extinct marsupial thylacine and placental gre
wolf_type,Canis lupus,gray wolf,"MorphoSource (MSU Mammalogy, Ornithology and Vertebrate Paleontology Collections)",000170688,https://www.morphosource.org/concern/media/000170688,,none stated; CommercialUseNotPermitted,rejected,commercial use not permitted (no rights statement),y,Mesh,,msu:mr:37781,MicroNanoXRayComputedTomography,Skull,collections: Ontogenetic origins of cranial convergence between the extinct marsupial thylacine and placental gre
wolf_type,Canis lupus baileyi,gray wolf,MorphoSource (NMNH - Division of Mammals),000114100,https://www.morphosource.org/concern/media/000114100,,http://rightsstatements.org/vocab/UND/1.0/; CommercialUseNotPermitted,rejected,commercial use not permitted (UND/1.0); restricted download (request),y,Volumetric Image Series,,usnm:mammals:98037,MicroNanoXRayComputedTomography,turbinates,collections: oUTCT PEN
wolf_type,Canis lupus,gray wolf,MorphoSource (LACM Mammalogy),000009038,https://www.morphosource.org/concern/media/000009038,,http://rightsstatements.org/vocab/InC-NC/1.0/; CommercialUseNotPermitted,rejected,commercial use not permitted (InC-NC/1.0),y,Volumetric Image Series,,lacm:mammals:23010,MicroNanoXRayComputedTomography,Skull,collections: A unique feeding strategy of the extinct marine mammal <i>Kolponomos</i>: convergence on sabretooths
wolf_type,Canis lupus,gray wolf,MorphoSource (LACM Mammalogy),000009076,https://www.morphosource.org/concern/media/000009076,,http://rightsstatements.org/vocab/InC-NC/1.0/; CommercialUseNotPermitted,rejected,commercial use not permitted (InC-NC/1.0),y,Mesh,,lacm:mammals:23010,MicroNanoXRayComputedTomography,Skull,collections: A unique feeding strategy of the extinct marine mammal <i>Kolponomos</i>: convergence on sabretooths
wolf_type,Canis lupus,gray wolf,MorphoSource (LACM Mammalogy),000009407,https://www.morphosource.org/concern/media/000009407,,http://rightsstatements.org/vocab/InC-NC/1.0/; CommercialUseNotPermitted,rejected,commercial use not permitted (InC-NC/1.0),y,Mesh,,lacm:mammals:23010,MicroNanoXRayComputedTomography,Skull,collections: A unique feeding strategy of the extinct marine mammal <i>Kolponomos</i>: convergence on sabretooths
jackal_lupulella,Canis mesomelas,black-backed jackal,MorphoSource (UCLA Donald R. Dickey Bird and Mammal Collection),000113801,https://www.morphosource.org/concern/media/000113801,,http://rightsstatements.org/vocab/InC/1.0/; CommercialUseNotPermitted,rejected,commercial use not permitted (InC/1.0); restricted download (request),y,Volumetric Image Series,,ucla:3000,MicroNanoXRayComputedTomography,skull,collections: oUTCT PEN
wolf_type,Canis lupus baileyi,gray wolf,MorphoSource (NMNH - Division of Mammals),000114099,https://www.morphosource.org/concern/media/000114099,,http://rightsstatements.org/vocab/UND/1.0/; CommercialUseNotPermitted,rejected,commercial use not permitted (UND/1.0); restricted download (request),y,Volumetric Image Series,,usnm:mammals:98037,MicroNanoXRayComputedTomography,skull,collections: oUTCT PEN
wolf_type,Canis lupus,gray wolf,"MorphoSource (MSU Mammalogy, Ornithology and Vertebrate Paleontology Collections)",000160440,https://www.morphosource.org/concern/media/000160440,,none stated; CommercialUseNotPermitted,rejected,commercial use not permitted (no rights statement); restricted download (request),y,Mesh,,msu:mr:36390,MicroNanoXRayComputedTomography,skull,collections: Ontogenetic origins of cranial convergence between the extinct marsupial thylacine and placental gre
domestic_dog,Canis lupus familiaris,domestic dog,MorphoSource (Texas Vertebrate Paleontology Collections),000604209,https://www.morphosource.org/concern/media/000604209,,http://rightsstatements.org/vocab/InC/1.0/; CommercialUseNotPermitted,rejected,commercial use not permitted (InC/1.0); restricted download (request),y,Volumetric Image Series,,TxVP:M:150,MicroNanoXRayComputedTomography,skull,collections: oUTCT PEN
domestic_dog,Canis lupus familiaris,domestic dog,MorphoSource (LACM Mammalogy),000113963,https://www.morphosource.org/concern/media/000113963,,http://rightsstatements.org/vocab/InC-NC/1.0/; CommercialUseNotPermitted,rejected,commercial use not permitted (InC-NC/1.0); restricted download (request),y,Volumetric Image Series,,LACM:Mammals:31106,MicroNanoXRayComputedTomography,turbinates,collections: oUTCT PEN; Domestic Dogs
domestic_dog,Canis lupus familiaris,domestic dog,MorphoSource (LACM Mammalogy),000113960,https://www.morphosource.org/concern/media/000113960,,http://rightsstatements.org/vocab/InC-NC/1.0/; CommercialUseNotPermitted,rejected,commercial use not permitted (InC-NC/1.0); restricted download (request),y,Volumetric Image Series,,LACM:Mammals:30539,MicroNanoXRayComputedTomography,turbinates,collections: oUTCT PEN; Domestic Dogs
domestic_dog,Canis lupus familiaris,domestic dog,MorphoSource (LACM Mammalogy),000113959,https://www.morphosource.org/concern/media/000113959,,http://rightsstatements.org/vocab/InC-NC/1.0/; CommercialUseNotPermitted,rejected,commercial use not permitted (InC-NC/1.0); restricted download (request),y,Volumetric Image Series,,LACM:Mammals:22825,MicroNanoXRayComputedTomography,turbinates,collections: oUTCT PEN; Domestic Dogs
wolf_type,Canis lupus,gray wolf,MorphoSource (Texas Vertebrate Paleontology Collections),000113796,https://www.morphosource.org/concern/media/000113796,,http://rightsstatements.org/vocab/InC/1.0/; CommercialUseNotPermitted,rejected,commercial use not permitted (InC/1.0); restricted download (request),y,Volumetric Image Series,,TxVP:M:1709,MicroNanoXRayComputedTomography,skull,collections: oUTCT PEN
domestic_dog,Canis lupus familiaris,domestic dog,MorphoSource (LACM Mammalogy),000100298,https://www.morphosource.org/concern/media/000100298,,http://rightsstatements.org/vocab/InC-NC/1.0/; CommercialUseNotPermitted,rejected,commercial use not permitted (InC-NC/1.0); restricted download (request),y,Volumetric Image Series,,LACM:Mammals:30539,MicroNanoXRayComputedTomography,skull,collections: oUTCT PEN; Domestic Dogs
domestic_dog,Canis lupus familiaris,domestic dog,MorphoSource (LACM Mammalogy),000100297,https://www.morphosource.org/concern/media/000100297,,http://rightsstatements.org/vocab/InC-NC/1.0/; CommercialUseNotPermitted,rejected,commercial use not permitted (InC-NC/1.0); restricted download (request),y,Volumetric Image Series,,LACM:Mammals:31106,MicroNanoXRayComputedTomography,skull,collections: oUTCT PEN; Domestic Dogs
domestic_dog,Canis lupus familiaris,domestic dog,MorphoSource (LACM Mammalogy),000100296,https://www.morphosource.org/concern/media/000100296,,http://rightsstatements.org/vocab/InC-NC/1.0/; CommercialUseNotPermitted,rejected,commercial use not permitted (InC-NC/1.0); restricted download (request),y,Volumetric Image Series,,LACM:Mammals:22825,MicroNanoXRayComputedTomography,skull,collections: oUTCT PEN; Domestic Dogs
wolf_type,Canis latrans,coyote,MorphoSource (Department of Ecology and Evolutionary Biology),000113998,https://www.morphosource.org/concern/media/000113998,,http://rightsstatements.org/vocab/InC/1.0/; CommercialUseNotPermitted,rejected,commercial use not permitted (InC/1.0); restricted download (request),y,Volumetric Image Series,,UCLA:SO:2739,MicroNanoXRayComputedTomography,turbinates,collections: oUTCT PEN
wolf_type,Canis latrans,coyote,MorphoSource (UCLA Donald R. Dickey Bird and Mammal Collection),000113995,https://www.morphosource.org/concern/media/000113995,,http://rightsstatements.org/vocab/InC/1.0/; CommercialUseNotPermitted,rejected,commercial use not permitted (InC/1.0); restricted download (request),y,Volumetric Image Series,,ucla:1225,MicroNanoXRayComputedTomography,turbinates,collections: oUTCT PEN
wolf_type,Canis latrans,coyote,MorphoSource (UCLA Donald R. Dickey Bird and Mammal Collection),000113792,https://www.morphosource.org/concern/media/000113792,,http://rightsstatements.org/vocab/InC/1.0/; CommercialUseNotPermitted,rejected,commercial use not permitted (InC/1.0); restricted download (request),y,Volumetric Image Series,,ucla:1225,MicroNanoXRayComputedTomography,skull,collections: oUTCT PEN
wolf_type,Canis latrans,coyote,MorphoSource (Department of Ecology and Evolutionary Biology),000113795,https://www.morphosource.org/concern/media/000113795,,http://rightsstatements.org/vocab/InC/1.0/; CommercialUseNotPermitted,rejected,commercial use not permitted (InC/1.0); restricted download (request),y,Volumetric Image Series,,UCLA:SO:2739,MicroNanoXRayComputedTomography,skull,collections: oUTCT PEN
true_fox,Vulpes vulpes,red fox,MorphoSource (FLMNH Division of Mammals),000031944,https://www.morphosource.org/concern/media/000031944,,none stated; CommercialUseNotPermitted,rejected,commercial use not permitted (no rights statement),y,Mesh,,uf:mammals:14189,MicroNanoXRayComputedTomography,Humerus,collections: K12 - Evolutionary Relationships of Carnivorans
true_fox,Vulpes vulpes,red fox,MorphoSource (Duke Evolutionary Anthropology Department),000004271,https://www.morphosource.org/concern/media/000004271,,none stated; CommercialUseNotPermitted,rejected,commercial use not permitted (no rights statement); restricted download (request),y,Mesh,,du:ea:0014,MicroNanoXRayComputedTomography,Calcaneus,collections: Yapuncich et al 2015 data set
true_fox,Vulpes vulpes,red fox,MorphoSource (UCLA Donald R. Dickey Bird and Mammal Collection),000114223,https://www.morphosource.org/concern/media/000114223,,http://rightsstatements.org/vocab/InC/1.0/; CommercialUseNotPermitted,rejected,commercial use not permitted (InC/1.0); restricted download (request),y,Volumetric Image Series,,UCLA:Mammals:13112,MicroNanoXRayComputedTomography,skull,collections: oUTCT PEN
true_fox,Vulpes vulpes,red fox,MorphoSource (UCLA Donald R. Dickey Bird and Mammal Collection),000114224,https://www.morphosource.org/concern/media/000114224,,http://rightsstatements.org/vocab/InC/1.0/; CommercialUseNotPermitted,rejected,commercial use not permitted (InC/1.0); restricted download (request),y,Volumetric Image Series,,UCLA:Mammals:13112,MicroNanoXRayComputedTomography,turbinates,collections: oUTCT PEN
true_fox,Vulpes macrotis,kit fox,MorphoSource (UCLA Donald R. Dickey Bird and Mammal Collection),000113851,https://www.morphosource.org/concern/media/000113851,,http://rightsstatements.org/vocab/InC/1.0/; CommercialUseNotPermitted,rejected,commercial use not permitted (InC/1.0); restricted download (request),y,Volumetric Image Series,,ucla:HX 27,MicroNanoXRayComputedTomography,skull,collections: oUTCT PEN
true_fox,Vulpes macrotis,kit fox,MorphoSource (UCLA Donald R. Dickey Bird and Mammal Collection),000113852,https://www.morphosource.org/concern/media/000113852,,http://rightsstatements.org/vocab/InC/1.0/; CommercialUseNotPermitted,rejected,commercial use not permitted (InC/1.0); restricted download (request),y,Volumetric Image Series,,ucla:HX 92,MicroNanoXRayComputedTomography,skull,collections: oUTCT PEN
true_fox,Vulpes vulpes,red fox,MorphoSource (UCLA Donald R. Dickey Bird and Mammal Collection),000100132,https://www.morphosource.org/concern/media/000100132,,http://rightsstatements.org/vocab/InC/1.0/; CommercialUseNotPermitted,rejected,commercial use not permitted (InC/1.0); restricted download (request),y,Volumetric Image Series,,UCLA:Mammals:15267,MicroNanoXRayComputedTomography,skull,collections: oUTCT PEN
true_fox,Vulpes macrotis,kit fox,MorphoSource (UCLA Donald R. Dickey Bird and Mammal Collection),000114218,https://www.morphosource.org/concern/media/000114218,,http://rightsstatements.org/vocab/InC/1.0/; CommercialUseNotPermitted,rejected,commercial use not permitted (InC/1.0); restricted download (request),y,Volumetric Image Series,,ucla:HX 92,MicroNanoXRayComputedTomography,turbinates,collections: oUTCT PEN
true_fox,Vulpes macrotis,kit fox,MorphoSource (UCLA Donald R. Dickey Bird and Mammal Collection),000114216,https://www.morphosource.org/concern/media/000114216,,http://rightsstatements.org/vocab/InC/1.0/; CommercialUseNotPermitted,rejected,commercial use not permitted (InC/1.0); restricted download (request),y,Volumetric Image Series,,ucla:HX 27,MicroNanoXRayComputedTomography,turrbinates,collections: oUTCT PEN
true_fox,Vulpes vulpes,red fox,MorphoSource (UCLA Donald R. Dickey Bird and Mammal Collection),000114225,https://www.morphosource.org/concern/media/000114225,,http://rightsstatements.org/vocab/InC/1.0/; CommercialUseNotPermitted,rejected,commercial use not permitted (InC/1.0); restricted download (request),y,Volumetric Image Series,,UCLA:Mammals:15267,MicroNanoXRayComputedTomography,turbinates,collections: oUTCT PEN
true_fox,Vulpes vulpes,red fox,MorphoSource (UCLA Donald R. Dickey Bird and Mammal Collection),000114248,https://www.morphosource.org/concern/media/000114248,,http://rightsstatements.org/vocab/InC/1.0/; CommercialUseNotPermitted,rejected,commercial use not permitted (InC/1.0); restricted download (request),y,Volumetric Image Series,,UCLA:Mammals:15180,MicroNanoXRayComputedTomography,skull,collections: oUTCT PEN
true_fox,Vulpes vulpes,red fox,MorphoSource (UCLA Donald R. Dickey Bird and Mammal Collection),000114249,https://www.morphosource.org/concern/media/000114249,,http://rightsstatements.org/vocab/InC/1.0/; CommercialUseNotPermitted,rejected,commercial use not permitted (InC/1.0); restricted download (request),y,Volumetric Image Series,,UCLA:Mammals:15180,MicroNanoXRayComputedTomography,turbinates,collections: oUTCT PEN
gray_fox,Urocyon cinereoargenteus,gray fox,MorphoSource (Naturalis Biodiversity Center (NL) - Aves),000158970,https://www.morphosource.org/concern/media/000158970,,http://rightsstatements.org/vocab/InC/1.0/; CommercialUseNotPermitted,rejected,commercial use not permitted (InC/1.0); restricted download (request),y,Volumetric Image Series,,rmnh:5092445,MicroNanoXRayComputedTomography,stained trachea,collections: oUTCT PEN
gray_fox,Urocyon cinereoargenteus scottii,gray fox,MorphoSource (UCLA Donald R. Dickey Bird and Mammal Collection),000113850,https://www.morphosource.org/concern/media/000113850,,http://rightsstatements.org/vocab/InC/1.0/; CommercialUseNotPermitted,rejected,commercial use not permitted (InC/1.0); restricted download (request),y,Volumetric Image Series,,UCLA:Mammals:6928,MicroNanoXRayComputedTomography,skull,collections: oUTCT PEN
gray_fox,Urocyon cinereoargenteus,gray fox,MorphoSource (UCLA Donald R. Dickey Bird and Mammal Collection),000114200,https://www.morphosource.org/concern/media/000114200,,http://rightsstatements.org/vocab/InC/1.0/; CommercialUseNotPermitted,rejected,commercial use not permitted (InC/1.0); restricted download (request),y,Volumetric Image Series,,ucla:E2,MicroNanoXRayComputedTomography,turbinates,collections: oUTCT PEN
gray_fox,Urocyon cinereoargenteus,gray fox,MorphoSource (UCLA Donald R. Dickey Bird and Mammal Collection),000114201,https://www.morphosource.org/concern/media/000114201,,http://rightsstatements.org/vocab/InC/1.0/; CommercialUseNotPermitted,rejected,commercial use not permitted (InC/1.0); restricted download (request),y,Volumetric Image Series,,UCLA:Mammals:6928,MicroNanoXRayComputedTomography,turbinates,collections: oUTCT PEN
gray_fox,Urocyon cinereoargenteus,gray fox,MorphoSource (UCLA Donald R. Dickey Bird and Mammal Collection),000113849,https://www.morphosource.org/concern/media/000113849,,http://rightsstatements.org/vocab/InC/1.0/; CommercialUseNotPermitted,rejected,commercial use not permitted (InC/1.0); restricted download (request),y,Volumetric Image Series,,ucla:E2,MicroNanoXRayComputedTomography,skull,collections: oUTCT PEN
raccoon_dog,Nyctereutes procyonoides procyonoides,raccoon dog,MorphoSource (NMNH - Division of Mammals),000100992,https://www.morphosource.org/concern/media/000100992,,http://rightsstatements.org/vocab/UND/1.0/; CommercialUseNotPermitted,rejected,commercial use not permitted (UND/1.0); restricted download (request),y,Volumetric Image Series,,USNM:MAMM:USNM 255530,MicroNanoXRayComputedTomography,skull,collections: oUTCT PEN
raccoon_dog,Nyctereutes procyonoides procyonoides,raccoon dog,MorphoSource (NMNH - Division of Mammals),000100991,https://www.morphosource.org/concern/media/000100991,,http://rightsstatements.org/vocab/UND/1.0/; CommercialUseNotPermitted,rejected,commercial use not permitted (UND/1.0); restricted download (request),y,Volumetric Image Series,,USNM:MAMM:USNM 254641,MicroNanoXRayComputedTomography,skull,collections: oUTCT PEN
raccoon_dog,Nyctereutes procyonoides procyonoides,raccoon dog,MorphoSource (NMNH - Division of Mammals),000114110,https://www.morphosource.org/concern/media/000114110,,http://rightsstatements.org/vocab/UND/1.0/; CommercialUseNotPermitted,rejected,commercial use not permitted (UND/1.0); restricted download (request),y,Volumetric Image Series,,USNM:MAMM:USNM 255530,MicroNanoXRayComputedTomography,turbinates,collections: oUTCT PEN
raccoon_dog,Nyctereutes procyonoides procyonoides,raccoon dog,MorphoSource (NMNH - Division of Mammals),000114109,https://www.morphosource.org/concern/media/000114109,,http://rightsstatements.org/vocab/UND/1.0/; CommercialUseNotPermitted,rejected,commercial use not permitted (UND/1.0); restricted download (request),y,Volumetric Image Series,,USNM:MAMM:USNM 254641,MicroNanoXRayComputedTomography,turbinates,collections: oUTCT PEN
wild_dog,Lycaon pictus,African wild dog,MorphoSource (Australian Museum provider for OZCAM),000344324,https://www.morphosource.org/concern/media/000344324,,http://rightsstatements.org/vocab/InC-EDU/1.0/; CommercialUseNotPermitted,rejected,commercial use not permitted (InC-EDU/1.0),y,Mesh,,am:mammology:7526,LaserScan,Lower Right Canine,"collections: Power Cascade: 3D models of teeth, claws, horns, thorns, beaks, and shells"
wild_dog,Lycaon pictus,African wild dog,MorphoSource (Arizona Research Collection for Integrative Vertebrate Education and Study),000591853,https://www.morphosource.org/concern/media/000591853,,http://rightsstatements.org/vocab/InC/1.0/; CommercialUseNotPermitted,rejected,commercial use not permitted (InC/1.0),y,Mesh,,arcives:ARC-M-069,MicroNanoXRayComputedTomography,Skull,collections: 
wild_dog,Lycaon pictus,African wild dog,MorphoSource (Arizona Research Collection for Integrative Vertebrate Education and Study),000591840,https://www.morphosource.org/concern/media/000591840,,http://rightsstatements.org/vocab/InC-NC/1.0/; CommercialUseNotPermitted,rejected,commercial use not permitted (InC-NC/1.0),y,Volumetric Image Series,,arcives:ARC-M-069,MicroNanoXRayComputedTomography,Head,collections: 
wild_dog,Lycaon pictus,African wild dog,MorphoSource (Arizona Research Collection for Integrative Vertebrate Education and Study),000591857,https://www.morphosource.org/concern/media/000591857,,http://rightsstatements.org/vocab/InC/1.0/; CommercialUseNotPermitted,rejected,commercial use not permitted (InC/1.0),y,Mesh,,arcives:ARC-M-069,MicroNanoXRayComputedTomography,Masticatory muscles,collections: 
wild_dog,Lycaon pictus,African wild dog,MorphoSource (Arizona Research Collection for Integrative Vertebrate Education and Study),000119455,https://www.morphosource.org/concern/media/000119455,,http://rightsstatements.org/vocab/InC-NC/1.0/; CommercialUseNotPermitted,rejected,commercial use not permitted (InC-NC/1.0),y,Mesh,,arcives:ARC-M-069,MicroNanoXRayComputedTomography,Forelimb bones,collections: Mammalian functional morphology
wild_dog,Lycaon pictus,African wild dog,MorphoSource (Arizona Research Collection for Integrative Vertebrate Education and Study),000119450,https://www.morphosource.org/concern/media/000119450,,http://rightsstatements.org/vocab/InC-NC/1.0/; CommercialUseNotPermitted,rejected,commercial use not permitted (InC-NC/1.0),y,Mesh,,arcives:ARC-M-069,MicroNanoXRayComputedTomography,Forelimb bones,collections: Mammalian functional morphology
hyena,Crocuta crocuta,spotted hyena (or hyena indet.),MorphoSource (Museum of Vertebrate Zoology (MVZ) Herp Collection (Arctos)),000162768,https://www.morphosource.org/concern/media/000162768,,http://rightsstatements.org/vocab/InC-EDU/1.0/; CommercialUseNotPermitted,rejected,commercial use not permitted (InC-EDU/1.0); restricted download (request),y,Volumetric Image Series,,mvz:amphibian and reptile specimens:184551,MicroNanoXRayComputedTomography,skull,collections: oUTCT PEN
hyena,Hyaena hyaena,striped hyena,MorphoSource (Museums Victoria provider for OZCAM),000344762,https://www.morphosource.org/concern/media/000344762,,http://rightsstatements.org/vocab/InC-EDU/1.0/; CommercialUseNotPermitted,rejected,commercial use not permitted (InC-EDU/1.0),y,Mesh,,nmv:mammalogy:C54580,LaserScan,Lower Left Canine,"collections: Power Cascade: 3D models of teeth, claws, horns, thorns, beaks, and shells"
hyena,Hyaena hyaena,striped hyena,MorphoSource (Museums Victoria provider for OZCAM),000344758,https://www.morphosource.org/concern/media/000344758,,http://rightsstatements.org/vocab/InC-EDU/1.0/; CommercialUseNotPermitted,rejected,commercial use not permitted (InC-EDU/1.0),y,Mesh,,nmv:mammalogy:C54580,LaserScan,Upper Left Canine,"collections: Power Cascade: 3D models of teeth, claws, horns, thorns, beaks, and shells"
hyena,Hyaena brunnea,brown hyena,MorphoSource (Field Museum of Natural History (Zoology) Mammal Collection),000114057,https://www.morphosource.org/concern/media/000114057,,http://rightsstatements.org/vocab/InC/1.0/; CommercialUseNotPermitted,rejected,commercial use not permitted (InC/1.0); restricted download (request),y,Volumetric Image Series,,FMNH:Mammals:34584,MicroNanoXRayComputedTomography,turbinates,collections: oUTCT PEN
hyena,Hyaena brunnea,brown hyena,MorphoSource (Field Museum of Natural History (Zoology) Mammal Collection),000100542,https://www.morphosource.org/concern/media/000100542,,http://rightsstatements.org/vocab/InC/1.0/; CommercialUseNotPermitted,rejected,commercial use not permitted (InC/1.0); restricted download (request),y,Volumetric Image Series,,FMNH:Mammals:34584,MicroNanoXRayComputedTomography,skull,collections: oUTCT PEN
hyena,Parahyaena brunnea,brown hyena,MorphoSource (Museum of Vertebrate Zoology (MVZ) Mammal Collection (Arctos)),000114135,https://www.morphosource.org/concern/media/000114135,,http://rightsstatements.org/vocab/InC-NC/1.0/; CommercialUseNotPermitted,rejected,commercial use not permitted (InC-NC/1.0); restricted download (request),y,Volumetric Image Series,,MVZ:Mamm:MVZ:Mamm:117842,MicroNanoXRayComputedTomography,turbinates,collections: oUTCT PEN
hyena,Parahyaena brunnea,brown hyena,MorphoSource (Museum of Vertebrate Zoology (MVZ) Mammal Collection (Arctos)),000100954,https://www.morphosource.org/concern/media/000100954,,http://rightsstatements.org/vocab/InC-NC/1.0/; CommercialUseNotPermitted,rejected,commercial use not permitted (InC-NC/1.0); restricted download (request),y,Volumetric Image Series,,MVZ:Mamm:MVZ:Mamm:117842,MicroNanoXRayComputedTomography,skull,collections: oUTCT PEN
wolf_type,Canis lupus,gray wolf,"Dryad (Tseng & Flynn, cranial FE models)",doi:10.5061/dryad.1b52s,https://doi.org/10.5061/dryad.1b52s,also on Zenodo https://zenodo.org/records/4979311,CC0 1.0,usable,,"n (browser; Dryad API file download needs token, scripted web download got 403)",Canis_lupus_FE_models.zip + README,81.93,see README in zip,CT-derived finite-element skull model (likely Strand7 .st7 / solid mesh; needs conversion),cranium (FE model),Real-specimen geometry but FE format; check format in README before use
jackal_lupulella,Lupulella mesomelas (as Canis mesomelas),black-backed jackal,"Dryad (Tseng & Flynn, cranial FE models)",doi:10.5061/dryad.1b52s,https://doi.org/10.5061/dryad.1b52s,also on Zenodo https://zenodo.org/records/4979311,CC0 1.0,usable,,"n (browser; Dryad API file download needs token, scripted web download got 403)",Lupulella_mesomelas_FE_models.zip + README,30.82,see README in zip,CT-derived finite-element skull model (likely Strand7 .st7 / solid mesh; needs conversion),cranium (FE model),Real-specimen geometry but FE format; check format in README before use
hyena,Crocuta crocuta,spotted hyena,"Dryad (Tseng & Flynn, cranial FE models)",doi:10.5061/dryad.1b52s,https://doi.org/10.5061/dryad.1b52s,also on Zenodo https://zenodo.org/records/4979311,CC0 1.0,usable,,"n (browser; Dryad API file download needs token, scripted web download got 403)",Crocuta_crocuta_FE_models.zip + README,22.22,see README in zip,CT-derived finite-element skull model (likely Strand7 .st7 / solid mesh; needs conversion),cranium (FE model),Real-specimen geometry but FE format; check format in README before use
wild_dog,Lycaon pictus,African wild dog,"Dryad (Tseng & Flynn, cranial FE models)",doi:10.5061/dryad.1b52s,https://doi.org/10.5061/dryad.1b52s,also on Zenodo https://zenodo.org/records/4979311,CC0 1.0,usable,,"n (browser; Dryad API file download needs token, scripted web download got 403)",Lycaon_pictus_FE_models.zip + README,29.43,see README in zip,CT-derived finite-element skull model (likely Strand7 .st7 / solid mesh; needs conversion),cranium (FE model),Real-specimen geometry but FE format; check format in README before use
hyena,Parahyaena brunnea,brown hyena,"Dryad (Tseng & Flynn, cranial FE models)",doi:10.5061/dryad.1b52s,https://doi.org/10.5061/dryad.1b52s,also on Zenodo https://zenodo.org/records/4979311,CC0 1.0,usable,,"n (browser; Dryad API file download needs token, scripted web download got 403)",Parahyaena_brunnea_FE_models.zip + README,26.35,see README in zip,CT-derived finite-element skull model (likely Strand7 .st7 / solid mesh; needs conversion),cranium (FE model),Real-specimen geometry but FE format; check format in README before use
hyena,Proteles cristata,aardwolf,"Dryad (Tseng 2013, bone-cracking FE study)",doi:10.5061/dryad.r2b1h,https://doi.org/10.5061/dryad.r2b1h,,CC0 1.0,usable,,n (browser),"Proteles_cristata_J050607T02_CT.zip (DICOM); FE_models_actual.zip (13 hyaenid+canid FE models, Strand7 .st7)",68.15,"J050607T02, scanned UCLA Medical Center 2007",medical CT (DICOM),skull,Only usable aardwolf found; needs segmentation. FE_models_actual.zip (174.6 MB) covers 13 hyaenids/canids in .st7
wolf_type,Canis lupus,gray wolf,Dryad (Fennoscandian wolf cranial morphology),doi:10.5061/dryad.nk98sf825,https://doi.org/10.5061/dryad.nk98sf825,,CC0 1.0,usable,,n (browser),Mean_250.ply (mean wolf cranium mesh) + 84-specimen 3D landmark TPS + per-specimen .nts,11.7,"84 wolf crania from Bergen, Berlin, Helsinki, Lund, Oslo, Oulu museums",CT-derived mean mesh (warped),cranium,"Mean shape mesh, not a single specimen; small and clean"
wolf_type,Canis lupus,gray wolf,Zenodo (3DBigDataSpace mirror of WirtualneMuzeaMalopolski),10.5281/zenodo.21492563,https://zenodo.org/records/21492563,https://muzea.malopolska.pl/en/objects-list/2391,CC0 1.0 (Zenodo record); Sketchfab source 1d38bda1... is CC BY,usable,,n,GLB in several decimations (0.1/0.25/0.5) + full,196.7,"MP 408, Tomek Natural Science Museum, Ciężkowice, Poland",photogrammetry/scan (Virtual Małopolska),skull,"Zenodo says CC0, Sketchfab says CC BY: credit anyway"
true_fox,Vulpes vulpes (presumed),fox,Zenodo (Kremer Matthieu),10.5281/zenodo.11270132,https://zenodo.org/records/11270132,,CC BY 4.0 (LICENSE.txt in record),usable,,n,crane_up.obj (44 MB) + images + LICENSE.txt,61.4,not stated,scan (method unstated),cranium,French 'crâne de renard'; species presumed red fox
canid_indet,"Canis, Vulpes, Lupulella, Lycaon, Eucyon",canid frontal sinuses,Zenodo (Frosali et al.),10.5281/zenodo.7836886,https://zenodo.org/records/7836886,,CC BY 4.0,usable,,n,30 VTK surface files of frontal sinuses,51.3,MZUF and other museum specimens,CT-derived,frontal sinus only (not skull),Internal sinus casts only; minor use for skull shape
domestic_dog,Canis familiaris (152 breeds),domestic dog,"figshare (Czeibert et al. 2024, Sci Data)",10.6084/m9.figshare.26082811,https://doi.org/10.6084/m9.figshare.c.7296568,https://doi.org/10.1038/s41597-024-03572-x,CC0,usable,,n,399 skull CT volume(s) (NIfTI) inside one 'Skull volumes.zip' (51.4 GB total); list xlsx (CC0) 26076316,51420 (whole zip),399 skull(s); IDs in TableS1 list,medical CT (NIfTI volumes; needs isosurface),skull (cranium+mandible as scanned),"BULK: one huge zip, no per-skull download; also bat-eared fox, maned wolf, bush dog"
wolf_type,Canis lupus,gray wolf (incl. 1 arctic),"figshare (Czeibert et al. 2024, Sci Data)",10.6084/m9.figshare.26082811,https://doi.org/10.6084/m9.figshare.c.7296568,https://doi.org/10.1038/s41597-024-03572-x,CC0,usable,,n,3 skull CT volume(s) (NIfTI) inside one 'Skull volumes.zip' (51.4 GB total); list xlsx (CC0) 26076316,51420 (whole zip),3 skull(s); IDs in TableS1 list,medical CT (NIfTI volumes; needs isosurface),skull (cranium+mandible as scanned),"BULK: one huge zip, no per-skull download; also bat-eared fox, maned wolf, bush dog"
wolf_type,Canis aureus,golden jackal,"figshare (Czeibert et al. 2024, Sci Data)",10.6084/m9.figshare.26082811,https://doi.org/10.6084/m9.figshare.c.7296568,https://doi.org/10.1038/s41597-024-03572-x,CC0,usable,,n,4 skull CT volume(s) (NIfTI) inside one 'Skull volumes.zip' (51.4 GB total); list xlsx (CC0) 26076316,51420 (whole zip),4 skull(s); IDs in TableS1 list,medical CT (NIfTI volumes; needs isosurface),skull (cranium+mandible as scanned),"BULK: one huge zip, no per-skull download; also bat-eared fox, maned wolf, bush dog"
wolf_type,Canis latrans,coyote,"figshare (Czeibert et al. 2024, Sci Data)",10.6084/m9.figshare.26082811,https://doi.org/10.6084/m9.figshare.c.7296568,https://doi.org/10.1038/s41597-024-03572-x,CC0,usable,,n,1 skull CT volume(s) (NIfTI) inside one 'Skull volumes.zip' (51.4 GB total); list xlsx (CC0) 26076316,51420 (whole zip),1 skull(s); IDs in TableS1 list,medical CT (NIfTI volumes; needs isosurface),skull (cranium+mandible as scanned),"BULK: one huge zip, no per-skull download; also bat-eared fox, maned wolf, bush dog"
true_fox,Vulpes vulpes,red fox,"figshare (Czeibert et al. 2024, Sci Data)",10.6084/m9.figshare.26082811,https://doi.org/10.6084/m9.figshare.c.7296568,https://doi.org/10.1038/s41597-024-03572-x,CC0,usable,,n,2 skull CT volume(s) (NIfTI) inside one 'Skull volumes.zip' (51.4 GB total); list xlsx (CC0) 26076316,51420 (whole zip),2 skull(s); IDs in TableS1 list,medical CT (NIfTI volumes; needs isosurface),skull (cranium+mandible as scanned),"BULK: one huge zip, no per-skull download; also bat-eared fox, maned wolf, bush dog"
true_fox,Vulpes zerda,fennec fox,"figshare (Czeibert et al. 2024, Sci Data)",10.6084/m9.figshare.26082811,https://doi.org/10.6084/m9.figshare.c.7296568,https://doi.org/10.1038/s41597-024-03572-x,CC0,usable,,n,1 skull CT volume(s) (NIfTI) inside one 'Skull volumes.zip' (51.4 GB total); list xlsx (CC0) 26076316,51420 (whole zip),1 skull(s); IDs in TableS1 list,medical CT (NIfTI volumes; needs isosurface),skull (cranium+mandible as scanned),"BULK: one huge zip, no per-skull download; also bat-eared fox, maned wolf, bush dog"
domestic_dog,Canis familiaris,domestic dog (Poodle?),Zenodo (3DBigDataSpace mirror),10.5281/zenodo.10288701,https://zenodo.org/records/10288701,,CC0,usable,,n,07b6c2dc...glb,108.7,,scan,skull,"Mirror of Sketchfab 07b6c2dc (cineg), archaeological Icelandic small dog"
out_of_scope,Canis dirus,dire wolf (extinct),Smithsonian 3D (3d.si.edu),3d_package:6796319b-6445-435f-994b-2f40fd8d08e4,https://3d.si.edu/,,CC0 (Smithsonian Open Access),usable,,n,usdz/glb packages,,,scan,skull,Only Canis in Smithsonian 3D; no extant target canid or hyena found
domestic_dog,Canis familiaris,domestic dog,Zenodo (Scan-the-World / MyMiniFactory via 3DBigDataSpace),10.5281/zenodo.21376561,https://zenodo.org/records/21376561,,CC BY-NC-SA 4.0,rejected,NC+SA,n,,,,scan,skull (cranium; mandible if stated),
domestic_dog,Canis familiaris,domestic dog,Zenodo (Scan-the-World / MyMiniFactory via 3DBigDataSpace),10.5281/zenodo.21243371,https://zenodo.org/records/21243371,,CC BY-NC-SA 4.0,rejected,NC+SA,n,,,,scan,skull (cranium; mandible if stated),
true_fox,Vulpes sp.,fox (unspecified),Zenodo (Scan-the-World / MyMiniFactory via 3DBigDataSpace),10.5281/zenodo.21412621,https://zenodo.org/records/21412621,,CC BY-NC-SA 4.0,rejected,NC+SA,n,,,,scan,mandible,
true_fox,Vulpes sp.,fox (unspecified),Zenodo (Scan-the-World / MyMiniFactory via 3DBigDataSpace),10.5281/zenodo.21692337,https://zenodo.org/records/21692337,,CC BY-NC-SA 4.0,rejected,NC+SA,n,,,,scan,mandible,
