trial,used_in_mean,pct_stride,time_s,forepaw_contact_grf,left_r_m_superioris_transx_m,left_r_m_superioris_transy_m,left_r_m_superioris_transz_m,left_r_m_superioris_sagittal_deg,left_r_m_superioris_frontal_deg,left_r_m_superioris_horizontal_deg,left_r_deltoidea_sagittal_deg,left_r_deltoidea_frontal_deg,left_r_deltoidea_horizontal_deg,left_r_cubitalis_sagittal_deg,left_r_cubitalis_frontal_deg,left_r_cubitalis_horizontal_deg,left_r_carpalis_sagittal_deg,left_r_carpalis_frontal_deg,left_r_carpalis_horizontal_deg,left_r_forepaw_sagittal_deg,left_r_forepaw_frontal_deg,left_r_forepaw_horizontal_deg,thorax_transx_m,thorax_transy_m,thorax_transz_m,shoulder_angle_cranial_deg,elbow_angle_caudal_deg,carpus_angle_palmar_deg,mcp_angle_palmar_deg,scapula_incl_from_vertical_deg
1,0,0,0.0,,0.0542,-0.183,0.1051,-44.2088,-16.3259,-3.9437,51.3724,36.7549,-20.5679,-46.0542,19.3759,43.5287,-2.2449,-0.0242,10.6021,32.5028,-5.7988,-7.1235,0.0,0.0,0.0,132.26,125.0,181.55,145.13,42.64
1,0,1,0.0058,,0.0556,-0.1827,0.1048,-43.5133,-16.0331,-4.6049,52.4845,36.1481,-20.6401,-46.0746,20.6546,42.362,-4.0405,-0.5486,10.3278,33.1018,-6.773,-7.5805,-0.0,-0.0004,0.0003,130.7,125.13,182.39,141.78,41.96
1,0,2,0.0116,,0.0569,-0.1826,0.1045,-42.7822,-15.7558,-5.152,54.1194,35.2099,-19.8162,-46.4646,21.7048,40.4172,-5.787,-1.1147,10.0688,33.6203,-7.3975,-7.8514,-0.0,-0.0004,0.0003,128.72,124.94,183.24,140.96,41.25
1,0,3,0.0174,,0.0582,-0.1825,0.1042,-41.9566,-15.5157,-5.5118,56.1462,33.9957,-18.3238,-47.3158,22.5752,37.7702,-7.3836,-1.7296,9.782,33.9361,-7.6868,-7.9425,-0.0002,-0.0019,0.0016,126.47,124.21,184.01,141.89,40.43
1,0,4,0.0232,,0.0593,-0.1826,0.1041,-41.1,-15.3306,-5.6551,58.2574,32.6492,-16.4752,-48.3915,23.209,34.7087,-8.8636,-2.3689,9.4564,34.1225,-7.7302,-7.9097,-0.0002,-0.0035,0.0029,124.23,123.24,184.75,143.51,39.58
1,0,5,0.029,,0.0605,-0.1826,0.1039,-40.2182,-15.1444,-5.8413,60.097,31.441,-15.0146,-49.4634,23.7945,31.8949,-10.2507,-3.0085,9.182,34.2262,-7.9154,-7.9418,-0.0003,-0.0052,0.0041,122.23,122.33,185.54,144.36,38.71
1,0,6,0.0348,,0.0616,-0.1826,0.1038,-39.3393,-14.996,-5.9009,61.8427,30.1858,-13.3627,-50.5498,24.0979,28.92,-11.5081,-3.6576,8.9098,34.188,-7.9597,-7.8888,-0.0002,-0.007,0.0052,120.37,121.49,186.32,145.48,37.83
1,0,7,0.0406,,0.0626,-0.1827,0.1037,-38.4655,-14.8912,-5.8356,63.5104,28.9333,-11.6175,-51.632,24.1794,25.864,-12.7209,-4.3038,8.6482,34.0999,-7.8716,-7.7712,-0.0001,-0.0087,0.0062,118.63,120.7,187.15,146.63,36.95
1,0,8,0.0464,,0.0635,-0.1829,0.1037,-37.6302,-14.8316,-5.6568,64.9383,27.7488,-9.8896,-52.514,24.0393,22.9098,-13.8084,-4.9371,8.3974,33.8812,-7.7046,-7.6036,0.0001,-0.0105,0.0071,117.16,120.17,187.95,147.73,36.11
1,0,9,0.0522,,0.0643,-0.1831,0.1038,-36.8114,-14.823,-5.3892,66.1738,26.6882,-8.3049,-53.2486,23.7978,20.1342,-14.8295,-5.5428,8.1754,33.6013,-7.4766,-7.4102,0.0003,-0.0122,0.0079,115.93,119.77,188.76,148.69,35.28
1,0,10,0.058,,0.065,-0.1833,0.1039,-36.0196,-14.8642,-5.0512,67.1749,25.7787,-6.9089,-53.7699,23.4925,17.6095,-15.7477,-6.1133,7.9862,33.224,-7.2151,-7.1999,0.0005,-0.0138,0.0086,114.98,119.56,189.53,149.55,34.48
1,0,11,0.0638,,0.0656,-0.1836,0.1041,-35.2444,-14.9559,-4.6862,67.9402,25.0512,-5.7662,-54.0938,23.1918,15.4018,-16.5206,-6.6381,7.848,32.7209,-6.944,-6.9816,0.0006,-0.0152,0.0092,114.29,119.5,190.21,150.38,33.69
1,0,12,0.0696,,0.0661,-0.1838,0.1044,-34.4777,-15.0992,-4.3144,68.5254,24.5086,-4.8879,-54.2785,22.9488,13.5009,-17.2167,-7.1122,7.7647,32.1532,-6.6588,-6.7674,0.0008,-0.0165,0.0097,113.81,119.5,190.82,151.18,32.91
1,0,13,0.0754,,0.0665,-0.184,0.1048,-33.7094,-15.2894,-3.9717,68.8696,24.1432,-4.2657,-54.2923,22.7662,11.9395,-17.6644,-7.5359,7.7417,31.3713,-6.3807,-6.5429,0.001,-0.0176,0.01,113.59,119.62,191.23,152.09,32.13
1,0,14,0.0812,,0.0668,-0.1841,0.1052,-32.9365,-15.5289,-3.6818,69.0829,23.9394,-3.8753,-54.2307,22.6796,10.6645,-18.0351,-7.9048,7.7838,30.5246,-6.0866,-6.3245,0.0012,-0.0186,0.0103,113.52,119.74,191.56,153.03,31.35
1,0,15,0.087,,0.067,-0.1843,0.1057,-32.1464,-15.8136,-3.4612,69.1206,23.8718,-3.6816,-54.0804,22.6734,9.6675,-18.1792,-8.2247,7.885,29.4856,-5.7864,-6.0998,0.0013,-0.0192,0.0104,113.62,119.91,191.69,154.13,30.55
1,0,16,0.0928,,0.0671,-0.1843,0.1062,-31.3437,-16.1414,-3.3266,69.0554,23.9068,-3.6322,-53.885,22.7466,8.8882,-18.1985,-8.4962,8.0464,28.3372,-5.4666,-5.8759,0.0014,-0.0196,0.0105,113.82,120.09,191.71,155.32,29.75
1,0,17,0.0986,,0.067,-0.1843,0.1068,-30.5272,-16.5092,-3.2819,68.8925,24.0261,-3.706,-53.6494,22.8942,8.3064,-18.0838,-8.7182,8.2638,27.0712,-5.1285,-5.6516,0.0015,-0.0199,0.0104,114.1,120.29,191.62,156.62,28.93
1,0,18,0.1044,,0.0669,-0.1842,0.1074,-29.6993,-16.9097,-3.326,68.6587,24.191,-3.846,-53.3849,23.0947,7.8614,-17.8139,-8.8985,8.5294,25.6638,-4.778,-5.4267,0.0015,-0.0199,0.0102,114.43,120.51,191.42,158.03,28.11
1,0,19,0.1102,,0.0667,-0.184,0.108,-28.8673,-17.3394,-3.4555,68.3813,24.3944,-4.0504,-53.0976,23.3535,7.5378,-17.4919,-9.0291,8.843,24.208,-4.4141,-5.2101,0.0016,-0.0197,0.01,114.78,120.75,191.19,159.49,27.28
1,0,20,0.116,,0.0664,-0.1838,0.1087,-28.0469,-17.7915,-3.6578,68.0729,24.6162,-4.2899,-52.7751,23.658,7.3035,-17.045,-9.1151,9.1949,22.6236,-4.0512,-4.9949,0.0015,-0.0193,0.0096,115.12,121.02,190.88,161.04,26.47
1,0,21,0.1218,,0.066,-0.1834,0.1093,-27.2378,-18.2573,-3.923,67.7478,24.8494,-4.5759,-52.426,24.0168,7.1494,-16.5809,-9.1464,9.5792,21.0175,-3.6969,-4.791,0.0015,-0.0188,0.0092,115.46,121.32,190.57,162.6,25.68
1,0,22,0.1276,,0.0656,-0.183,0.11,-26.4552,-18.7329,-4.2387,67.4127,25.0887,-4.9028,-52.0338,24.4275,7.0654,-16.0791,-9.1218,9.9899,19.3604,-3.3599,-4.5956,0.0014,-0.0181,0.0086,115.78,121.66,190.26,164.18,24.91
1,0,23,0.1334,,0.0651,-0.1825,0.1107,-25.7069,-19.2078,-4.5877,67.0722,25.3301,-5.2835,-51.5944,24.8962,7.0527,-15.5777,-9.0321,10.4142,17.6918,-3.0562,-4.4103,0.0013,-0.0173,0.0081,116.08,122.04,189.98,165.75,24.18
1,0,24,0.1392,,0.0646,-0.1819,0.1113,-24.9827,-19.6805,-4.9658,66.7164,25.5707,-5.7253,-51.1162,25.427,7.1107,-15.0732,-8.8762,10.8431,16.0173,-2.7914,-4.2318,0.0012,-0.0164,0.0074,116.38,122.46,189.73,167.29,23.48
1,0,25,0.145,,0.064,-0.1813,0.112,-24.3209,-20.1423,-5.3572,66.3675,25.8098,-6.2169,-50.5656,26.0151,7.2456,-14.6,-8.6485,11.2652,14.3613,-2.5739,-4.0607,0.0009,-0.0155,0.0067,116.66,122.94,189.53,168.79,22.84
1,0,26,0.1508,,0.0634,-0.1806,0.1126,-23.6792,-20.591,-5.7622,65.9993,26.0411,-6.7727,-49.9782,26.6633,7.4554,-14.1302,-8.3472,11.6665,12.7186,-2.4105,-3.8923,0.0006,-0.0145,0.0059,116.93,123.47,189.37,170.24,22.22
1,0,27,0.1566,,0.0628,-0.1798,0.1131,-23.1011,-21.023,-6.1759,65.6376,26.2668,-7.3642,-49.3167,27.363,7.7495,-13.7044,-7.9748,12.038,11.1229,-2.2987,-3.7247,0.0001,-0.0136,0.0051,117.19,124.07,189.27,171.62,21.66
1,0,28,0.1624,,0.0621,-0.179,0.1136,-22.5539,-21.4338,-6.6028,65.2792,26.4784,-7.9783,-48.6143,28.1044,8.1182,-13.2883,-7.5332,12.3631,9.5566,-2.2414,-3.5557,-0.0004,-0.0127,0.0042,117.42,124.75,189.21,172.94,21.13
1,0,29,0.1682,,0.0615,-0.1782,0.1141,-22.0508,-21.8222,-7.0445,64.9389,26.6775,-8.5904,-47.8596,28.8748,8.5623,-12.8947,-7.0261,12.6354,8.0305,-2.2366,-3.3818,-0.0012,-0.0118,0.0033,117.62,125.5,189.2,174.19,20.65
1,0,30,0.174,,0.0608,-0.1774,0.1145,-21.5942,-22.1843,-7.5086,64.6461,26.8604,-9.157,-47.0723,29.6532,9.0665,-12.5225,-6.4635,12.8429,6.5549,-2.2771,-3.2038,-0.002,-0.0109,0.0024,117.75,126.31,189.23,175.38,20.21
1,0,31,0.1798,,0.0602,-0.1766,0.1148,-21.1593,-22.5184,-8.0014,64.396,27.026,-9.6644,-46.2585,30.4283,9.6238,-12.1505,-5.8492,12.9781,5.1017,-2.3638,-3.0204,-0.0029,-0.0102,0.0014,117.82,127.19,189.27,176.53,19.8
1,0,32,0.1856,,0.0595,-0.1757,0.1151,-20.7829,-22.8215,-8.5279,64.2577,27.1796,-10.0622,-45.4573,31.1819,10.2128,-11.8091,-5.1979,13.0362,3.7187,-2.4851,-2.8346,-0.004,-0.0095,0.0005,117.76,128.08,189.34,177.61,19.45
1,0,33,0.1914,,0.0589,-0.1748,0.1153,-20.4208,-23.0896,-9.0963,64.2039,27.3126,-10.3438,-44.6622,31.9016,10.8206,-11.4662,-4.5113,13.0087,2.3573,-2.6462,-2.6444,-0.0052,-0.0088,-0.0004,117.6,128.97,189.42,178.64,19.11
1,0,34,0.1972,,0.0582,-0.174,0.1154,-20.0948,-23.3217,-9.7093,64.2873,27.4306,-10.4848,-43.9173,32.5837,11.4264,-11.1465,-3.8011,12.8944,1.0548,-2.8404,-2.4535,-0.0065,-0.0084,-0.0013,117.28,129.81,189.51,179.6,18.81
1,0,35,0.203,,0.0576,-0.1731,0.1155,-19.79,-23.5136,-10.3711,64.5025,27.5271,-10.4817,-43.2224,33.2236,12.0148,-11.4426,-3.07,12.6882,0.3975,-3.0494,-2.296,-0.0078,-0.0079,-0.0022,116.82,130.59,190.2,180.02,18.53
1,0,36,0.2088,,0.0569,-0.1722,0.1154,-19.5041,-23.6637,-11.0804,64.846,27.6018,-10.3376,-42.5806,33.8222,12.5818,-12.314,-2.3256,12.3884,0.3417,-3.2781,-2.1762,-0.0092,-0.0076,-0.003,116.21,131.29,191.44,179.92,18.28
1,0,37,0.2146,,0.0563,-0.1713,0.1153,-19.2394,-23.7732,-11.8304,65.3381,27.6524,-10.0751,-42.0298,34.396,13.0984,-12.3088,-1.574,11.9999,-0.5562,-3.5834,-2.0145,-0.0105,-0.0074,-0.0036,115.45,131.87,191.82,180.45,18.04
1,0,38,0.2204,,0.0556,-0.1704,0.1152,-18.9815,-23.839,-12.6142,65.9118,27.6724,-9.7227,-41.5119,34.9441,13.5874,-12.076,-0.8199,11.5253,-1.6688,-3.934,-1.8403,-0.0119,-0.0073,-0.0042,114.59,132.39,191.99,181.11,17.81
1,0,39,0.2262,,0.055,-0.1696,0.1149,-18.738,-23.866,-13.421,66.6008,27.6638,-9.31,-41.083,35.4914,14.0146,-11.8879,-0.0711,10.9734,-2.7061,-4.3169,-1.6687,-0.0131,-0.0074,-0.0047,113.62,132.8,192.21,181.69,17.59
1,0,40,0.232,,0.0543,-0.1687,0.1146,-18.4974,-23.854,-14.2288,67.3204,27.6225,-8.897,-40.6806,36.0445,14.4047,-11.7081,0.6635,10.3573,-3.7291,-4.717,-1.4956,-0.0143,-0.0075,-0.005,112.61,133.18,192.44,182.24,17.38
1,0,41,0.2378,,0.0536,-0.1678,0.1142,-18.2625,-23.807,-15.0275,68.0743,27.5499,-8.5098,-40.323,36.6179,14.7447,-11.5416,1.3772,9.6858,-4.7266,-5.1262,-1.3199,-0.0153,-0.0078,-0.0052,111.57,133.52,192.69,182.78,17.17
1,0,42,0.2436,,0.0529,-0.1669,0.1137,-18.027,-23.7313,-15.7861,68.8114,27.4504,-8.2156,-39.9934,37.2262,15.0365,-11.3619,2.0563,8.9835,-5.7387,-5.5124,-1.1399,-0.0162,-0.0083,-0.0052,110.56,133.86,192.94,183.36,16.96
1,0,43,0.2494,,0.0522,-0.166,0.1131,-17.7909,-23.6305,-16.4886,69.5102,27.3286,-8.0413,-39.6809,37.8716,15.2819,-11.1773,2.6925,8.2594,-6.7596,-5.8558,-0.9573,-0.017,-0.0089,-0.0051,109.6,134.2,193.19,184.02,16.75
1,0,44,0.2552,,0.0515,-0.1652,0.1125,-17.5589,-23.513,-17.112,70.1603,27.1924,-8.023,-39.3952,38.5635,15.472,-10.9125,3.2714,7.5368,-7.8771,-6.1227,-0.7677,-0.0176,-0.0097,-0.0048,108.72,134.56,193.38,184.85,16.53
1,0,45,0.261,,0.0508,-0.1644,0.1118,-17.3285,-23.3847,-17.6334,70.7342,27.0484,-8.1888,-39.1153,39.2987,15.6124,-10.6164,3.7823,6.8249,-9.0411,-6.2734,-0.5827,-0.018,-0.0107,-0.0045,107.95,134.96,193.53,185.86,16.32
1,0,46,0.2668,,0.0501,-0.1636,0.1111,-17.1034,-23.2518,-18.0453,71.2343,26.9016,-8.5411,-38.8516,40.0748,15.6999,-10.1828,4.2186,6.136,-10.3691,-6.2895,-0.3992,-0.0184,-0.0119,-0.004,107.3,135.4,193.53,187.17,16.1
1,0,47,0.2726,,0.0494,-0.1628,0.1103,-16.8839,-23.1217,-18.3272,71.6503,26.7599,-9.0935,-38.6011,40.8884,15.7393,-9.6308,4.5613,5.4708,-11.8288,-6.1154,-0.2363,-0.0186,-0.0132,-0.0034,106.77,135.89,193.39,188.84,15.89
1,0,48,0.2784,,0.0487,-0.1621,0.1094,-16.6714,-22.9968,-18.479,71.9852,26.6216,-9.8386,-38.365,41.7373,15.7329,-8.9293,4.8057,4.8302,-13.4496,-5.7372,-0.1077,-0.0188,-0.0147,-0.0027,106.38,136.44,193.05,190.92,15.68
1,0,49,0.2842,,0.048,-0.1615,0.1085,-16.4714,-22.8805,-18.5042,72.2497,26.4892,-10.7486,-38.1699,42.6132,15.6967,-7.9237,4.9389,4.2061,-15.355,-5.13,-0.0284,-0.019,-0.0164,-0.0019,106.1,137.02,192.3,193.63,15.48
1,0,50,0.29,,0.0474,-0.161,0.1075,-16.2772,-22.7722,-18.408,72.4487,26.3567,-11.8096,-37.9862,43.518,15.6333,-6.7978,4.9566,3.5846,-17.3653,-4.2838,-0.0461,-0.0191,-0.0181,-0.0011,105.93,137.68,191.3,196.86,15.28
1,0,51,0.2958,,0.0468,-0.1605,0.1065,-16.1013,-22.6719,-18.2086,72.5964,26.224,-12.9776,-37.9203,44.4432,15.5704,-5.0602,4.8525,2.9604,-19.8685,-3.2117,-0.1664,-0.0192,-0.02,-0.0003,105.85,138.29,189.36,201.18,15.1
1,0,52,0.3016,,0.0462,-0.1601,0.1055,-15.9328,-22.5745,-17.9256,72.7138,26.0827,-14.2135,-37.8967,45.3912,15.5144,-3.0847,4.6364,2.3062,-22.5319,-1.9398,-0.466,-0.0194,-0.022,0.0006,105.83,138.93,186.82,206.32,14.92
1,0,53,0.3074,,0.0458,-0.1598,0.1044,-15.7827,-22.4766,-17.5789,72.8138,25.9325,-15.4768,-38.0014,46.3556,15.4925,-0.5011,4.3154,1.6201,-25.6274,-0.5174,-0.979,-0.0196,-0.0239,0.0014,105.85,139.51,183.01,212.85,14.75
1,0,54,0.3132,,0.0454,-0.1596,0.1034,-15.6521,-22.3683,-17.2036,72.9305,25.7697,-16.6968,-38.2392,47.3307,15.5242,2.6742,3.9243,0.8949,-29.0979,0.9481,-1.7742,-0.0198,-0.0259,0.0022,105.86,139.98,177.72,220.86,14.61
1,0,55,0.319,,0.045,-0.1595,0.1023,-15.5363,-22.2439,-16.8157,73.0804,25.5927,-17.8403,-38.5757,48.3109,15.6149,6.3293,3.489,0.137,-32.8766,2.365,-2.9031,-0.02,-0.0278,0.003,105.84,140.34,170.92,230.37,14.48
1,0,56,0.3248,,0.0448,-0.1594,0.1013,-15.4624,-22.095,-16.4508,73.2877,25.4119,-18.8266,-39.1551,49.2714,15.8144,11.0281,3.0629,-0.6205,-37.2639,3.5417,-4.4093,-0.0203,-0.0296,0.0037,105.76,140.38,161.5,241.99,14.39
1,0,57,0.3306,,0.0446,-0.1594,0.1004,-15.4034,-21.9145,-16.1248,73.5851,25.2216,-19.6176,-39.803,50.2017,16.0842,16.0746,2.6795,-1.3336,-41.822,4.3455,-6.2934,-0.0206,-0.0314,0.0043,105.57,140.22,150.88,254.31,14.32
1,0,58,0.3364,,0.0446,-0.1596,0.0995,-15.3971,-21.6991,-15.8543,73.9527,25.0401,-20.1644,-40.7223,51.0656,16.5123,22.3239,2.3803,-1.9507,-46.9648,4.5549,-8.5337,-0.0209,-0.0328,0.0048,105.31,139.56,138.12,267.36,14.3
1,0,59,0.3422,,0.0446,-0.1597,0.0986,-15.42,-21.4447,-15.6509,74.4291,24.8608,-20.4201,-41.7414,51.8337,17.0384,29.008,2.1551,-2.3709,-52.1829,4.0692,-11.0206,-0.0212,-0.0342,0.0053,104.91,138.5,125.64,278.47,14.32
1,0,60,0.348,,0.0448,-0.16,0.0979,-15.4888,-21.1519,-15.5174,74.9945,24.6885,-20.3668,-42.929,52.479,17.7026,36.421,1.9971,-2.5569,-57.546,2.769,-13.6065,-0.0215,-0.0353,0.0057,104.41,136.94,113.73,286.62,14.38
1,0,61,0.3538,,0.045,-0.1602,0.0972,-15.6165,-20.8253,-15.4475,75.6181,24.5226,-19.9873,-44.2349,52.9511,18.528,44.3159,1.8423,-2.4324,-62.8093,0.6885,-16.1155,-0.0218,-0.0362,0.006,103.83,134.93,103.1,290.81,14.5
1,0,62,0.3596,,0.0454,-0.1605,0.0966,-15.7752,-20.4701,-15.4343,76.3308,24.3422,-19.2974,-45.6277,53.2574,19.4098,52.4531,1.6192,-2.0027,-67.896,-2.0924,-18.3885,-0.022,-0.0368,0.0061,103.14,132.56,93.92,291.37,14.65
1,0,63,0.3654,,0.0458,-0.1608,0.0961,-16.0394,-20.0959,-15.459,77.0058,24.1592,-18.3015,-47.0607,53.3226,20.5385,60.6185,1.2461,-1.2724,-72.5281,-5.3013,-20.3496,-0.0222,-0.0371,0.0062,102.46,130.01,85.98,289.27,14.91
1,0,64,0.3712,,0.0462,-0.1612,0.0957,-16.3408,-19.7126,-15.5008,77.7216,23.9286,-17.0701,-48.5373,53.2017,21.6582,68.6067,0.636,-0.3273,-76.8745,-8.7461,-21.9671,-0.0224,-0.0372,0.0062,101.73,127.41,79.27,286.09,15.21
1,0,65,0.377,,0.0468,-0.1615,0.0954,-16.7544,-19.3276,-15.5438,78.3716,23.6586,-15.6204,-49.9986,52.841,22.9366,75.937,-0.2714,0.7589,-80.5395,-12.0215,-23.4017,-0.0225,-0.037,0.0062,101.04,124.94,73.76,282.84,15.62
1,0,66,0.3828,,0.0474,-0.1618,0.0951,-17.2506,-18.9517,-15.5575,78.9879,23.3133,-14.0514,-51.4961,52.2989,24.2034,82.5518,-1.4992,1.8102,-83.7032,-14.8469,-24.7632,-0.0226,-0.0367,0.006,100.37,122.66,69.41,280.29,16.11
1,0,67,0.3886,,0.0481,-0.1621,0.095,-17.8356,-18.5896,-15.53,79.5483,22.8828,-12.4042,-53.0376,51.5816,25.4469,88.4026,-3.0403,2.7248,-86.3677,-17.0589,-26.212,-0.0226,-0.0361,0.0058,99.74,120.58,66.11,278.47,16.69
1,0,68,0.3944,,0.0488,-0.1624,0.0948,-18.5627,-18.2476,-15.4389,80.0468,22.3664,-10.7517,-54.6727,50.7171,26.6793,92.9532,-4.8075,3.311,-88.1489,-18.1388,-28.0177,-0.0225,-0.0354,0.0055,99.17,118.66,63.98,277.27,17.41
1,0,69,0.4002,,0.0496,-0.1627,0.0948,-19.3408,-17.9261,-15.2768,80.4863,21.7361,-9.1677,-56.4093,49.7643,27.7539,97.0567,-6.6878,3.502,-89.8092,-18.4181,-29.9271,-0.0224,-0.0344,0.0052,98.65,116.91,62.52,276.7,18.18
1,0,70,0.406,,0.0504,-0.1629,0.0948,-20.2879,-17.6253,-15.0373,80.8826,21.0153,-7.6605,-58.351,48.7117,28.7741,99.5624,-8.5411,3.2001,-90.4338,-17.0827,-32.2661,-0.0222,-0.0334,0.0048,98.18,115.15,62.19,276.39,19.11
1,0,71,0.4118,,0.0512,-0.1631,0.0949,-21.2831,-17.3429,-14.7187,81.219,20.1874,-6.3051,-60.4251,47.6197,29.5954,101.6008,-10.1705,2.4572,-90.9943,-14.7871,-34.4487,-0.0219,-0.0322,0.0044,97.75,113.45,62.23,276.55,20.1
1,0,72,0.4176,,0.0521,-0.1633,0.0951,-22.3843,-17.0764,-14.3268,81.5126,19.2715,-5.0944,-62.6804,46.481,30.2666,102.5388,-11.4586,1.3166,-91.0273,-11.1284,-36.457,-0.0216,-0.031,0.0039,97.37,111.71,62.94,277.07,21.18
1,0,73,0.4234,,0.0529,-0.1635,0.0953,-23.5583,-16.8215,-13.873,81.7508,18.2817,-4.0422,-65.039,45.3012,30.7524,102.4558,-12.2637,-0.0399,-90.5146,-6.38,-37.938,-0.0212,-0.0298,0.0034,97.05,109.97,64.2,277.84,22.34
1,0,74,0.4292,,0.0538,-0.1636,0.0957,-24.7827,-16.5785,-13.3654,81.9325,17.2365,-3.1575,-67.5127,44.0931,31.0275,101.6295,-12.5422,-1.4708,-89.6267,-0.8622,-38.6356,-0.0206,-0.0285,0.0027,96.77,108.18,65.87,278.98,23.54
1,0,75,0.435,,0.0546,-0.1637,0.0961,-26.081,-16.3431,-12.8251,82.0296,16.1646,-2.4079,-69.9095,42.8171,31.1415,99.106,-12.3181,-2.7511,-87.328,5.5947,-38.3294,-0.02,-0.0273,0.0021,96.58,106.48,68.71,279.79,24.82
1,0,76,0.4408,,0.0554,-0.1637,0.0966,-27.3966,-16.1184,-12.2642,82.0549,15.0975,-1.8067,-72.3535,41.5098,31.0241,96.0132,-11.6465,-3.7568,-84.2838,12.0094,-36.8225,-0.0193,-0.026,0.0013,96.47,104.74,72.08,280.15,26.12
1,0,77,0.4466,,0.0562,-0.1638,0.0971,-28.7459,-15.9036,-11.6964,81.9323,14.0592,-1.3248,-74.5114,40.1195,30.7596,91.335,-10.6522,-4.344,-79.2604,18.4862,-33.8376,-0.0186,-0.0249,0.0005,96.51,103.21,76.96,278.79,27.44
1,0,78,0.4524,,0.057,-0.1638,0.0978,-30.086,-15.7048,-11.1354,81.6762,13.1056,-0.9627,-76.537,38.6764,30.3018,86.1429,-9.4697,-4.4892,-72.8567,24.0387,-29.497,-0.0177,-0.0238,-0.0003,96.69,101.75,82.65,275.06,28.76
1,0,79,0.4582,,0.0578,-0.1639,0.0985,-31.413,-15.5249,-10.5871,81.2515,12.2606,-0.7023,-78.2918,37.1707,29.6889,80.259,-8.2076,-4.1804,-64.7552,28.397,-23.8731,-0.0167,-0.0228,-0.0012,97.06,100.47,89.38,268.13,30.07
1,0,80,0.464,,0.0585,-0.1639,0.0992,-32.6844,-15.369,-10.0577,80.5728,11.572,-0.5354,-79.5852,35.5902,28.9787,74.1381,-7.0088,-3.4808,-55.5591,31.1549,-17.6278,-0.0157,-0.0218,-0.0021,97.71,99.53,96.69,258.34,31.32
1,0,81,0.4698,,0.0592,-0.1639,0.1,-33.93,-15.2435,-9.5466,79.7628,11.075,-0.443,-80.732,33.9889,28.1353,67.912,-5.9162,-2.4824,-45.7239,32.3712,-11.2566,-0.0146,-0.0209,-0.003,98.52,98.63,104.37,246.58,32.55
1,0,82,0.4756,,0.0599,-0.1639,0.1009,-35.057,-15.1507,-9.0504,78.5731,10.7931,-0.4274,-81.0678,32.3058,27.2954,61.8622,-5.0101,-1.2621,-36.0855,32.21,-5.7594,-0.0135,-0.0202,-0.0039,99.74,98.39,111.95,234.76,33.66
1,0,83,0.4814,,0.0606,-0.1638,0.1017,-36.1479,-15.0969,-8.5617,77.2576,10.7645,-0.468,-81.2093,30.6344,26.4115,55.9023,-4.2879,0.0416,-26.7103,31.1318,-1.1182,-0.0124,-0.0195,-0.0048,101.14,98.26,119.41,223.36,34.73
1,0,84,0.4872,,0.0612,-0.1638,0.1025,-37.1374,-15.0831,-8.0747,75.6572,10.995,-0.5651,-80.6902,28.9401,25.57,50.2032,-3.7469,1.3734,-17.9584,29.4887,2.266,-0.0112,-0.0189,-0.0055,102.86,98.69,126.45,213.1,35.7
1,0,85,0.493,,0.0619,-0.1637,0.1033,-38.0644,-15.1112,-7.5779,73.8933,11.5077,-0.7227,-79.7317,27.2814,24.8254,45.2972,-3.3636,2.6419,-10.4248,27.6107,4.3507,-0.0101,-0.0184,-0.0062,104.81,99.47,132.45,204.63,36.61
1,0,86,0.4988,,0.0626,-0.1637,0.104,-38.9325,-15.1805,-7.0674,71.9705,12.3104,-0.946,-78.3427,25.6648,24.2233,41.1294,-3.1101,3.8122,-3.9429,25.7157,5.3669,-0.0091,-0.018,-0.0067,106.97,100.63,137.47,197.66,37.46
1,0,87,0.5046,,0.0633,-0.1635,0.1047,-39.7272,-15.2831,-6.5369,69.9215,13.3853,-1.2597,-76.383,24.1266,23.8357,36.411,-2.9297,4.8655,2.6692,23.7629,6.0661,-0.0082,-0.0177,-0.0072,109.32,102.31,142.94,190.96,38.24
1,0,88,0.5104,,0.064,-0.1634,0.1052,-40.4972,-15.4126,-5.9891,67.7951,14.7377,-1.6872,-74.17,22.6786,23.7442,31.5896,-2.8155,5.7773,9.1621,21.768,6.4262,-0.0075,-0.0175,-0.0074,111.8,104.22,148.36,184.64,38.99
1,0,89,0.5162,,0.0647,-0.1632,0.1057,-41.1962,-15.5592,-5.4265,65.653,16.3377,-2.2617,-71.5232,21.3589,23.9602,27.3285,-2.7062,6.5731,14.2682,19.8305,6.1592,-0.0068,-0.0173,-0.0074,114.35,106.52,153.06,180.04,39.67
1,0,90,0.522,,0.0655,-0.163,0.106,-41.8683,-15.7071,-4.8678,63.4988,18.1609,-3.027,-68.7419,20.1723,24.5951,23.3142,-2.6068,7.2392,18.7717,17.8498,5.6073,-0.0064,-0.0173,-0.0073,116.96,108.92,157.37,176.14,40.32
1,0,91,0.5278,,0.0664,-0.1628,0.1062,-42.4911,-15.8457,-4.3224,61.3886,20.174,-4.0101,-65.8282,19.133,25.6409,19.7642,-2.4906,7.7939,22.2013,15.8368,4.722,-0.0061,-0.0174,-0.007,119.56,111.39,161.1,173.35,40.93
1,0,92,0.5336,,0.0673,-0.1625,0.1063,-43.0475,-15.9552,-3.8188,59.3806,22.3045,-5.2527,-62.9602,18.2912,27.0941,16.6308,-2.3449,8.2431,24.773,13.7529,3.6163,-0.0058,-0.0175,-0.0066,122.08,113.72,164.31,171.24,41.47
1,0,93,0.5394,,0.0683,-0.1622,0.1062,-43.5631,-16.0262,-3.3747,57.3787,24.5086,-6.7555,-60.1026,17.584,28.9796,13.7649,-2.1762,8.5849,26.8159,11.5657,2.3925,-0.0058,-0.0178,-0.0059,124.59,115.96,167.17,169.33,41.97
1,0,94,0.5452,,0.0694,-0.1619,0.106,-43.9401,-16.0445,-3.0143,55.633,26.6848,-8.5554,-57.5461,17.1956,31.1269,11.3285,-1.9682,8.833,28.1212,9.3022,1.0474,-0.0059,-0.0182,-0.0052,126.8,117.76,169.52,167.56,42.33
1,0,95,0.551,,0.0705,-0.1616,0.1056,-44.2662,-16.0016,-2.7571,53.8976,28.7616,-10.5773,-55.0632,16.9632,33.5471,8.9983,-1.7489,8.9774,29.2901,6.9666,-0.2915,-0.006,-0.0189,-0.0044,128.92,119.43,171.67,165.19,42.64
1,0,96,0.5568,,0.0716,-0.1613,0.1052,-44.4249,-15.8933,-2.6133,52.4361,30.654,-12.8491,-52.9303,17.1106,36.0539,6.8695,-1.5185,9.0276,30.2022,4.5909,-1.6313,-0.0061,-0.0196,-0.0034,130.68,120.66,173.53,161.99,42.8
1,0,97,0.5626,,0.0728,-0.161,0.1048,-44.4713,-15.8119,-2.4053,50.9715,32.6603,-15.4205,-51.0423,17.3874,38.7066,4.7775,-1.2541,9.1025,31.1281,2.1551,-3.0549,-0.0062,-0.0204,-0.0024,132.49,121.5,175.34,158.03,42.84
1,0,98,0.5684,,0.074,-0.1607,0.1042,-44.3784,-15.6251,-2.3881,49.6028,34.3284,-18.3211,-49.2634,18.0961,41.5752,2.7506,-0.9963,9.0316,32.0445,-0.3338,-4.4331,-0.0062,-0.0214,-0.0014,134.0,122.28,177.0,151.74,42.74
1,0,99,0.5742,,0.0753,-0.1605,0.1035,-44.0868,-15.3364,-2.5737,48.5374,35.485,-21.2984,-47.7293,19.2902,44.2299,0.7967,-0.7989,8.8287,32.9416,-2.7526,-5.7225,-0.0062,-0.0225,-0.0004,134.97,123.09,178.52,142.5,42.45
1,0,100,0.58,,0.0765,-0.1603,0.1028,-43.719,-14.9708,-2.929,47.8011,36.1353,-23.9723,-46.2807,20.7089,46.4122,-1.1396,-0.7028,8.5369,33.8605,-4.9946,-6.8792,-0.0062,-0.0214,-0.0014,135.42,124.39,180.02,131.37,42.1
2,0,0,0.0,,0.0679,-0.1756,0.1074,-43.719,-14.9708,-2.929,-43.719,-14.9708,-2.929,-46.2807,20.7089,46.4122,-1.1396,-0.7028,8.5369,33.8605,-4.9946,-6.8792,0.0,0.0,0.0,226.42,145.69,180.89,145.34,42.1
2,0,1,0.0058,,0.069,-0.1755,0.1067,-43.0836,-14.5531,-3.4246,-43.0836,-14.5531,-3.4246,-45.5855,22.4803,47.0597,-2.9098,-0.8479,8.2248,34.5465,-6.6918,-7.6607,-0.0,-0.0004,0.0003,225.53,147.25,182.56,143.81,41.48
2,0,2,0.0116,,0.07,-0.1756,0.106,-42.388,-14.171,-3.8841,-42.388,-14.171,-3.8841,-45.3167,24.1655,46.6603,-4.626,-1.138,7.9584,35.1387,-7.9759,-8.2163,-0.0,-0.0004,0.0003,224.61,148.41,184.19,142.39,40.8
2,0,3,0.0174,,0.0709,-0.1757,0.1055,-41.5366,-13.865,-4.2347,-41.5366,-13.865,-4.2347,-45.7825,25.8173,45.0567,-6.1475,-1.5602,7.7303,35.4626,-8.8398,-8.5295,-0.0002,-0.0019,0.0016,223.58,148.91,185.7,141.31,39.95
2,0,4,0.0232,,0.0716,-0.1759,0.105,-40.6107,-13.6685,-4.4301,-40.6107,-13.6685,-4.4301,-46.8418,27.2182,42.422,-7.5175,-2.0758,7.5128,35.5823,-9.3264,-8.6426,-0.0002,-0.0035,0.0029,222.54,148.73,187.18,140.65,39.03
2,0,5,0.029,,0.0723,-0.1761,0.1046,-39.624,-13.4662,-4.6387,-39.624,-13.4662,-4.6387,-48.0235,28.6786,40.0021,-8.7462,-2.5611,7.3052,35.5722,-9.9687,-8.8188,-0.0003,-0.0052,0.0041,221.44,148.52,188.62,140.18,38.05
2,0,6,0.0348,,0.0728,-0.1764,0.1042,-38.6036,-13.3373,-4.7573,-38.6036,-13.3373,-4.7573,-49.5729,29.8017,36.9735,-9.8117,-3.1064,7.1185,35.3505,-10.3787,-8.8552,-0.0002,-0.007,0.0052,220.35,147.8,190.01,140.18,37.04
2,0,7,0.0406,,0.0732,-0.1767,0.104,-37.5769,-13.2903,-4.7871,-37.5769,-13.2903,-4.7871,-51.3693,30.5282,33.4697,-10.834,-3.6928,6.96,35.0534,-10.5578,-8.78,-0.0001,-0.0087,0.0062,219.29,146.66,191.44,140.53,36.01
2,0,8,0.0464,,0.0735,-0.177,0.1039,-36.5644,-13.3276,-4.7298,-36.5644,-13.3276,-4.7298,-53.1318,30.7598,29.7776,-11.7562,-4.3015,6.8247,34.6093,-10.5561,-8.6172,0.0001,-0.0105,0.0071,218.27,145.26,192.8,141.3,35.0
2,0,9,0.0522,,0.0736,-0.1775,0.1039,-35.5686,-13.4536,-4.606,-35.5686,-13.4536,-4.606,-54.7765,30.6132,26.0896,-12.6555,-4.9035,6.7242,34.1162,-10.4054,-8.4002,0.0003,-0.0122,0.0079,217.32,143.75,194.12,142.29,34.0
2,0,10,0.058,,0.0735,-0.178,0.104,-34.6004,-13.6639,-4.4301,-34.6004,-13.6639,-4.4301,-56.1208,30.1223,22.5883,-13.5187,-5.4858,6.6601,33.5564,-10.1365,-8.1484,0.0005,-0.0138,0.0086,216.42,142.33,195.36,143.45,33.02
2,0,11,0.0638,,0.0733,-0.1785,0.1042,-33.6584,-13.9492,-4.2393,-33.6584,-13.9492,-4.2393,-57.0619,29.4297,19.4583,-14.3433,-6.0219,6.647,32.9326,-9.8039,-7.8826,0.0006,-0.0152,0.0092,215.58,141.19,196.48,144.69,32.08
2,0,12,0.0696,,0.073,-0.179,0.1045,-32.7296,-14.3039,-4.0537,-32.7296,-14.3039,-4.0537,-57.7095,28.6609,16.693,-15.1477,-6.4996,6.6909,32.2771,-9.4179,-7.6181,0.0008,-0.0165,0.0097,214.78,140.32,197.51,145.93,31.14
2,0,13,0.0754,,0.0726,-0.1796,0.1048,-31.8146,-14.7113,-3.907,-31.8146,-14.7113,-3.907,-57.9046,27.8817,14.4276,-15.8404,-6.9044,6.804,31.4989,-9.0278,-7.3528,0.001,-0.0176,0.01,214.01,139.89,198.34,147.22,30.23
2,0,14,0.0812,,0.072,-0.1802,0.1053,-30.9013,-15.1628,-3.8234,-30.9013,-15.1628,-3.8234,-57.9086,27.2026,12.5601,-16.4822,-7.2243,6.9934,30.6776,-8.6321,-7.105,0.0012,-0.0186,0.0103,213.28,139.78,199.08,148.46,29.31
2,0,15,0.087,,0.0714,-0.1807,0.1058,-29.9926,-15.6446,-3.817,-29.9926,-15.6446,-3.817,-57.6598,26.6376,11.1173,-16.96,-7.4563,7.2578,29.7099,-8.2553,-6.8612,0.0013,-0.0192,0.0104,212.57,140.02,199.59,149.77,28.41
2,0,16,0.0928,,0.0707,-0.1812,0.1064,-29.0862,-16.1431,-3.9082,-29.0862,-16.1431,-3.9082,-57.2962,26.2117,10.011,-17.3128,-7.5955,7.5973,28.6405,-7.8958,-6.6278,0.0014,-0.0196,0.0105,211.88,140.55,199.94,151.09,27.51
2,0,17,0.0986,,0.0699,-0.1817,0.107,-28.1826,-16.6502,-4.1012,-28.1826,-16.6502,-4.1012,-56.833,25.9266,9.2083,-17.531,-7.6419,8.0067,27.4595,-7.557,-6.4053,0.0015,-0.0199,0.0104,211.21,141.35,200.12,152.45,26.62
2,0,18,0.1044,,0.0691,-0.1822,0.1076,-27.2992,-17.1509,-4.3952,-27.2992,-17.1509,-4.3952,-56.3344,25.7494,8.6156,-17.55,-7.6084,8.4694,26.1197,-7.2418,-6.1807,0.0015,-0.0199,0.0102,210.58,142.34,200.07,153.91,25.75
2,0,19,0.1102,,0.0682,-0.1825,0.1082,-26.4231,-17.6396,-4.7911,-26.4231,-17.6396,-4.7911,-55.8,25.6752,8.1925,-17.4962,-7.4939,8.9801,24.7243,-6.9393,-5.9668,0.0016,-0.0197,0.01,209.97,143.54,199.93,155.38,24.89
2,0,20,0.116,,0.0674,-0.1828,0.1088,-25.5946,-18.1083,-5.2752,-25.5946,-18.1083,-5.2752,-55.2831,25.6723,7.8663,-17.2379,-7.3176,9.5178,23.1714,-6.6569,-5.7448,0.0015,-0.0193,0.0096,209.43,144.86,199.56,156.97,24.09
2,0,21,0.1218,,0.0665,-0.1829,0.1094,-24.7867,-18.5512,-5.8407,-24.7867,-18.5512,-5.8407,-54.7581,25.7323,7.6035,-16.9351,-7.0827,10.0727,21.5915,-6.3816,-5.5264,0.0015,-0.0188,0.0092,208.92,146.33,199.12,158.57,23.3
2,0,22,0.1276,,0.0656,-0.183,0.11,-24.0247,-18.9666,-6.4744,-24.0247,-18.9666,-6.4744,-54.2493,25.839,7.3678,-16.5436,-6.8027,10.6329,19.952,-6.1147,-5.3047,0.0014,-0.0181,0.0086,208.46,147.9,198.57,160.2,22.57
2,0,23,0.1334,,0.0647,-0.183,0.1105,-23.3091,-19.3516,-7.1597,-23.3091,-19.3516,-7.1597,-53.7503,25.9879,7.1379,-16.1237,-6.4883,11.1817,18.3041,-5.8511,-5.0788,0.0013,-0.0173,0.0081,208.05,149.55,197.97,161.82,21.88
2,0,24,0.1392,,0.0639,-0.1829,0.111,-22.6261,-19.7052,-7.8891,-22.6261,-19.7052,-7.8891,-53.2591,26.1766,6.9077,-15.6818,-6.1427,11.7139,16.651,-5.591,-4.8459,0.0012,-0.0164,0.0074,207.68,151.29,197.31,163.43,21.23
2,0,25,0.145,,0.0631,-0.1826,0.1115,-22.0079,-20.03,-8.6419,-22.0079,-20.03,-8.6419,-52.7836,26.4011,6.6731,-15.2462,-5.7776,12.2178,15.0226,-5.3303,-4.6099,0.0009,-0.0155,0.0067,207.37,153.07,196.63,165.0,20.64
2,0,26,0.1508,,0.0622,-0.1823,0.112,-21.4091,-20.3263,-9.412,-21.4091,-20.3263,-9.412,-52.3124,26.6654,6.4437,-14.8081,-5.388,12.6876,13.4028,-5.074,-4.365,0.0006,-0.0145,0.0059,207.08,154.91,195.92,166.54,20.08
2,0,27,0.1566,,0.0615,-0.182,0.1123,-20.8694,-20.5967,-10.1889,-20.8694,-20.5967,-10.1889,-51.8485,26.9666,6.2293,-14.3853,-4.9795,13.1187,11.8124,-4.8192,-4.1162,0.0001,-0.0136,0.0051,206.85,156.78,195.2,168.04,19.57
2,0,28,0.1624,,0.0607,-0.1815,0.1127,-20.3526,-20.8454,-10.9676,-20.3526,-20.8454,-10.9676,-51.382,27.3032,6.048,-13.9598,-4.5398,13.502,10.2298,-4.5793,-3.8629,-0.0004,-0.0127,0.0042,206.63,158.68,194.43,169.52,19.08
2,0,29,0.1682,,0.06,-0.181,0.113,-19.869,-21.0751,-11.7439,-19.869,-21.0751,-11.7439,-50.912,27.674,5.9071,-13.5344,-4.0687,13.8347,8.6585,-4.3582,-3.6069,-0.0012,-0.0118,0.0033,206.44,160.62,193.62,170.98,18.63
2,0,30,0.174,,0.0593,-0.1805,0.1132,-19.4198,-21.2923,-12.5186,-19.4198,-21.2923,-12.5186,-50.4227,28.0714,5.8211,-13.1133,-3.5542,14.1072,7.0972,-4.1696,-3.3523,-0.002,-0.0109,0.0024,206.29,162.59,192.77,172.43,18.21
2,0,31,0.1798,,0.0586,-0.1799,0.1135,-18.9867,-21.5014,-13.2932,-18.9867,-21.5014,-13.2932,-49.9192,28.4955,5.796,-12.6852,-2.9928,14.3088,5.5413,-4.026,-3.0995,-0.0029,-0.0102,0.0014,206.16,164.6,191.86,173.88,17.8
2,0,32,0.1856,,0.0579,-0.1793,0.1136,-18.5913,-21.7076,-14.0718,-18.5913,-21.7076,-14.0718,-49.3686,28.9375,5.8377,-12.2836,-2.3746,14.4339,4.0118,-3.9395,-2.8534,-0.004,-0.0095,0.0005,206.07,166.67,190.91,175.32,17.44
2,0,33,0.1914,,0.0573,-0.1787,0.1137,-18.2069,-21.9185,-14.8602,-18.2069,-21.9185,-14.8602,-48.791,29.3994,5.9453,-11.8832,-1.6994,14.4637,2.4966,-3.9286,-2.611,-0.0052,-0.0088,-0.0004,206.0,168.8,189.89,176.76,17.08
2,0,34,0.1972,,0.0566,-0.1781,0.1138,-17.8522,-22.1368,-15.6618,-17.8522,-22.1368,-15.6618,-48.1586,29.8759,6.1173,-11.5175,-0.966,14.3948,1.0178,-3.9984,-2.3723,-0.0065,-0.0084,-0.0013,205.98,171.0,188.84,178.2,16.76
2,0,35,0.203,,0.056,-0.1775,0.1138,-17.5199,-22.3688,-16.4828,-17.5199,-22.3688,-16.4828,-47.4821,30.3722,6.3444,-11.8842,-0.1805,14.2119,0.2819,-4.1364,-2.1885,-0.0078,-0.0079,-0.0022,206.01,173.29,188.25,178.98,16.46
2,0,36,0.2088,,0.0553,-0.1769,0.1137,-17.2082,-22.6169,-17.3245,-17.2082,-22.6169,-17.3245,-46.7647,30.8877,6.6217,-12.936,0.651,13.9098,0.239,-4.3526,-2.0586,-0.0092,-0.0076,-0.003,206.09,175.66,188.06,179.18,16.17
2,0,37,0.2146,,0.0546,-0.1763,0.1136,-16.9395,-22.8834,-18.188,-16.9395,-22.8834,-18.188,-45.9944,31.4264,6.9358,-12.9648,1.5148,13.4893,-0.8201,-4.7006,-1.8554,-0.0105,-0.0074,-0.0036,206.24,178.12,187.05,180.38,15.94
2,0,38,0.2204,,0.0539,-0.1757,0.1134,-16.6874,-23.1675,-19.0709,-16.6874,-23.1675,-19.0709,-45.2006,31.9935,7.2727,-12.7324,2.3966,12.948,-2.1403,-5.1397,-1.627,-0.0119,-0.0073,-0.0042,206.44,180.65,185.82,181.86,15.72
2,0,39,0.2262,,0.0532,-0.1751,0.1132,-16.4966,-23.4689,-19.9699,-16.4966,-23.4689,-19.9699,-44.3666,32.5883,7.6273,-12.5592,3.2829,12.2969,-3.3906,-5.6406,-1.3954,-0.0131,-0.0074,-0.0047,206.72,183.24,184.6,183.29,15.56
2,0,40,0.232,,0.0524,-0.1745,0.1128,-16.331,-23.7812,-20.8717,-16.331,-23.7812,-20.8717,-43.5168,33.2164,7.9837,-12.4048,4.1561,11.5435,-4.6251,-6.171,-1.1588,-0.0143,-0.0075,-0.005,207.06,185.87,183.39,184.68,15.43
2,0,41,0.2378,,0.0516,-0.174,0.1125,-16.2136,-24.1015,-21.769,-16.2136,-24.1015,-21.769,-42.6463,33.8768,8.337,-12.2793,5.0046,10.699,-5.8309,-6.7113,-0.9174,-0.0153,-0.0078,-0.0052,207.45,188.5,182.22,186.0,15.34
2,0,42,0.2436,,0.0507,-0.1734,0.112,-16.1391,-24.4212,-22.6393,-16.1391,-24.4212,-22.6393,-41.761,34.5704,8.6811,-12.1586,5.8104,9.7819,-7.0411,-7.2069,-0.674,-0.0162,-0.0083,-0.0052,207.89,191.1,181.11,187.23,15.3
2,0,43,0.2494,,0.0498,-0.1729,0.1115,-16.0904,-24.7346,-23.4684,-16.0904,-24.7346,-23.4684,-40.8609,35.2988,9.0116,-12.0443,6.5625,8.7999,-8.2545,-7.6264,-0.434,-0.017,-0.0089,-0.0051,208.35,193.63,180.09,188.34,15.28
2,0,44,0.2552,,0.0488,-0.1724,0.1109,-16.0835,-25.0331,-24.235,-16.0835,-25.0331,-24.235,-39.9616,36.0631,9.3302,-11.8653,7.2442,7.7745,-9.5427,-7.9203,-0.1999,-0.0176,-0.0097,-0.0048,208.82,196.06,179.13,189.33,15.3
2,0,45,0.261,,0.0478,-0.172,0.1102,-16.0846,-25.3081,-24.9156,-16.0846,-25.3081,-24.9156,-39.0546,36.8696,9.6372,-11.6547,7.842,6.7081,-10.8652,-8.0377,0.0103,-0.018,-0.0107,-0.0045,209.26,198.34,178.31,190.11,15.32
2,0,46,0.2668,,0.0468,-0.1716,0.1095,-16.1035,-25.5551,-25.4989,-16.1035,-25.5551,-25.4989,-38.1823,37.7185,9.9294,-11.2931,8.3466,5.6185,-12.3263,-7.9563,0.1945,-0.0184,-0.0119,-0.004,209.67,200.46,177.55,190.75,15.36
2,0,47,0.2726,,0.0457,-0.1712,0.1087,-16.1202,-25.7602,-25.9578,-16.1202,-25.7602,-25.9578,-37.3432,38.6212,10.215,-10.7806,8.7349,4.5049,-13.8985,-7.6186,0.3247,-0.0186,-0.0132,-0.0034,210.01,202.38,176.91,191.16,15.4
2,0,48,0.2784,,0.0446,-0.1709,0.1078,-16.1345,-25.9183,-26.2856,-16.1345,-25.9183,-26.2856,-36.55,39.5773,10.4949,-10.0801,9.0054,3.3737,-15.6066,-7.0232,0.3793,-0.0188,-0.0147,-0.0027,210.27,204.09,176.36,191.38,15.42
2,0,49,0.2842,,0.0436,-0.1707,0.1069,-16.1379,-26.0197,-26.4747,-16.1379,-26.0197,-26.4747,-35.8898,40.592,10.7625,-8.9889,9.1473,2.236,-17.5613,-6.1705,0.3408,-0.019,-0.0164,-0.0019,210.43,205.57,175.78,191.44,15.43
2,0,50,0.29,,0.0425,-0.1706,0.1059,-16.1379,-26.0558,-26.5222,-16.1379,-26.0558,-26.5222,-35.2575,41.659,11.0353,-7.7446,9.1673,1.0806,-19.6012,-5.0846,0.1481,-0.0191,-0.0181,-0.0011,210.48,206.84,175.3,191.32,15.43
2,0,51,0.2958,,0.0415,-0.1706,0.1048,-16.1099,-26.022,-26.4397,-16.1099,-26.022,-26.4397,-34.9092,42.7771,11.2887,-5.7097,9.0738,-0.0582,-22.0975,-3.8207,-0.197,-0.0192,-0.02,-0.0003,210.4,207.84,174.52,191.2,15.4
2,0,52,0.3016,,0.0405,-0.1707,0.1038,-16.0755,-25.908,-26.2392,-16.0755,-25.908,-26.2392,-34.6475,43.9215,11.5462,-3.3686,8.8999,-1.1966,-24.7495,-2.476,-0.7828,-0.0194,-0.022,0.0006,210.2,208.62,173.66,191.05,15.36
2,0,53,0.3074,,0.0396,-0.1709,0.1027,-16.0239,-25.7144,-25.9378,-16.0239,-25.7144,-25.9378,-34.654,45.0828,11.7945,-0.232,8.6716,-2.3023,-27.8402,-1.1436,-1.6269,-0.0196,-0.0239,0.0014,209.86,209.13,172.41,191.05,15.3
2,0,54,0.3132,,0.0388,-0.1712,0.1016,-15.9632,-25.4382,-25.5671,-15.9632,-25.4382,-25.5671,-34.9134,46.2163,12.0416,3.6656,8.4515,-3.3366,-31.3341,-0.0118,-2.7823,-0.0198,-0.0259,0.0022,209.41,209.4,170.71,191.37,15.22
2,0,55,0.319,,0.0381,-0.1716,0.1005,-15.8938,-25.0801,-25.1414,-15.8938,-25.0801,-25.1414,-35.399,47.304,12.2743,8.176,8.2639,-4.2742,-35.1297,0.7977,-4.2601,-0.02,-0.0278,0.003,208.85,209.42,168.62,192.08,15.13
2,0,56,0.3248,,0.0375,-0.1722,0.0994,-15.8285,-24.6509,-24.6979,-15.8285,-24.6509,-24.6979,-36.2972,48.2946,12.5268,13.9282,8.1802,-5.0199,-39.5403,1.0519,-6.0244,-0.0203,-0.0296,0.0037,208.22,209.19,165.8,193.56,15.05
2,0,57,0.3306,,0.037,-0.1728,0.0984,-15.7672,-24.1553,-24.2487,-15.7672,-24.1553,-24.2487,-37.3918,49.1615,12.7552,20.0624,8.1814,-5.538,-44.0222,0.6706,-7.9982,-0.0206,-0.0314,0.0043,207.53,208.74,162.75,195.79,14.97
2,0,58,0.3364,,0.0367,-0.1734,0.0974,-15.73,-23.6053,-23.8127,-15.73,-23.6053,-23.8127,-38.8984,49.8625,13.0546,27.4082,8.3051,-5.728,-48.9468,-0.5231,-10.039,-0.0209,-0.0328,0.0048,206.82,208.05,159.09,199.19,14.91
2,0,59,0.3422,,0.0364,-0.1742,0.0966,-15.7134,-23.0157,-23.3962,-15.7134,-23.0157,-23.3962,-40.5989,50.3711,13.3719,35.0852,8.4548,-5.5517,-53.7834,-2.452,-11.991,-0.0212,-0.0342,0.0053,206.12,207.16,155.36,203.55,14.87
2,0,60,0.348,,0.0363,-0.175,0.0957,-15.7288,-22.3958,-23.0031,-15.7288,-22.3958,-23.0031,-42.5413,50.6709,13.7649,43.3247,8.5927,-4.9778,-58.6236,-5.1085,-13.6842,-0.0215,-0.0353,0.0057,205.45,206.05,151.47,208.89,14.86
2,0,61,0.3538,,0.0363,-0.1758,0.095,-15.7982,-21.7644,-22.6255,-15.7982,-21.7644,-22.6255,-44.6048,50.7462,14.2969,51.7048,8.599,-4.0205,-63.2356,-8.2341,-15.0299,-0.0218,-0.0362,0.006,204.85,204.75,147.6,214.83,14.91
2,0,62,0.3596,,0.0365,-0.1767,0.0944,-15.8956,-21.1278,-22.2548,-15.8956,-21.1278,-22.2548,-46.7788,50.624,14.8602,60.1626,8.3819,-2.7514,-67.7536,-11.6969,-15.9527,-0.022,-0.0368,0.0061,204.3,203.23,143.83,221.1,14.99
2,0,63,0.3654,,0.0367,-0.1776,0.0939,-16.1162,-20.5004,-21.875,-16.1162,-20.5004,-21.875,-48.9316,50.2816,15.6907,68.0272,7.8526,-1.253,-71.6452,-15.0287,-16.6619,-0.0222,-0.0371,0.0062,203.91,201.48,140.25,227.1,15.19
2,0,64,0.3712,,0.037,-0.1785,0.0935,-16.382,-19.8862,-21.4699,-16.382,-19.8862,-21.4699,-51.1177,49.8034,16.5315,75.5688,6.9418,0.2846,-75.4183,-18.1434,-17.1429,-0.0224,-0.0372,0.0062,203.59,199.49,136.93,232.76,15.43
2,0,65,0.377,,0.0375,-0.1794,0.0932,-16.7877,-19.2903,-21.0258,-16.7877,-19.2903,-21.0258,-53.2715,49.1757,17.5503,82.0204,5.6272,1.7385,-78.3634,-20.6149,-17.8468,-0.0225,-0.037,0.0062,203.43,197.23,134.16,237.26,15.82
2,0,66,0.3828,,0.038,-0.1803,0.093,-17.289,-18.7162,-20.5274,-17.289,-18.7162,-20.5274,-55.4423,48.484,18.6088,87.6524,3.9517,2.8632,-80.8386,-22.2887,-18.8311,-0.0226,-0.0367,0.006,203.4,194.7,131.95,240.42,16.3
2,0,67,0.3886,,0.0386,-0.1811,0.093,-17.894,-18.1645,-19.9687,-17.894,-18.1645,-19.9687,-57.6253,47.7419,19.7071,92.4067,1.979,3.5431,-82.773,-23.0337,-20.2644,-0.0226,-0.0361,0.0058,203.5,191.85,130.3,241.93,16.88
2,0,68,0.3944,,0.0392,-0.182,0.093,-18.6452,-17.6334,-19.3465,-18.6452,-17.6334,-19.3465,-59.8761,46.9895,20.8529,95.8837,-0.13,3.6283,-83.8042,-22.5056,-22.3635,-0.0225,-0.0354,0.0055,203.78,188.68,129.46,241.05,17.61
2,0,69,0.4002,,0.0399,-0.1828,0.0931,-19.4485,-17.124,-18.6635,-19.4485,-17.124,-18.6635,-62.1385,46.2608,21.9526,98.9184,-2.232,3.0788,-84.7729,-20.969,-24.68,-0.0224,-0.0344,0.0052,204.13,185.16,128.64,238.69,18.38
2,0,70,0.406,,0.0406,-0.1836,0.0933,-20.4162,-16.633,-17.9284,-20.4162,-16.633,-17.9284,-64.4788,45.5396,23.0777,100.3769,-4.1557,1.9017,-84.7843,-17.8306,-27.4784,-0.0222,-0.0334,0.0048,204.67,181.26,128.39,233.74,19.32
2,0,71,0.4118,,0.0413,-0.1844,0.0936,-21.4275,-16.162,-17.1555,-21.4275,-16.162,-17.1555,-66.7999,44.8498,24.1159,101.3217,-5.7506,0.2243,-84.8238,-13.6825,-30.0487,-0.0219,-0.0322,0.0044,205.28,176.98,127.65,227.66,20.3
2,0,72,0.4176,,0.0421,-0.1851,0.094,-22.535,-15.7088,-16.3562,-22.535,-15.7088,-16.3562,-69.0981,44.1695,25.0981,101.0671,-6.9206,-1.8369,-84.4179,-8.2431,-32.307,-0.0216,-0.031,0.0039,206.02,172.32,126.63,219.87,21.38
2,0,73,0.4234,,0.0429,-0.1859,0.0944,-23.7073,-15.2762,-15.557,-23.7073,-15.2762,-15.557,-71.288,43.477,25.9705,99.7067,-7.6274,-4.0186,-83.519,-1.895,-33.8728,-0.0212,-0.0298,0.0034,206.85,167.34,125.17,210.63,22.53
2,0,74,0.4292,,0.0437,-0.1866,0.095,-24.9248,-14.8648,-14.7703,-24.9248,-14.8648,-14.7703,-73.4287,42.7738,26.7,97.5387,-7.8707,-6.1715,-82.1947,5.0158,-34.4802,-0.0206,-0.0285,0.0027,207.76,162.09,123.26,199.65,23.71
2,0,75,0.435,,0.0444,-0.1872,0.0956,-26.2042,-14.4769,-14.0208,-26.2042,-14.4769,-14.0208,-75.2625,42.0045,27.3073,93.8427,-7.7637,-8.0464,-79.5183,12.3663,-33.8549,-0.02,-0.0273,0.0021,208.76,156.76,121.37,186.4,24.97
2,0,76,0.4408,,0.0452,-0.1879,0.0964,-27.4968,-14.1171,-13.3241,-27.4968,-14.1171,-13.3241,-77.067,41.1944,27.7069,89.7001,-7.3538,-9.5428,-75.937,19.307,-31.8773,-0.0193,-0.026,0.0013,209.8,151.39,119.45,171.97,26.23
2,0,77,0.4466,,0.0459,-0.1886,0.0972,-28.8129,-13.7854,-12.6916,-28.8129,-13.7854,-12.6916,-78.4564,40.2895,27.9688,84.4957,-6.8102,-10.5381,-70.5249,25.6467,-28.3566,-0.0186,-0.0249,0.0005,210.9,146.32,117.98,158.35,27.53
2,0,78,0.4524,,0.0466,-0.1892,0.098,-30.1181,-13.4903,-12.1347,-30.1181,-13.4903,-12.1347,-79.7089,39.3046,28.0277,79.0685,-6.1817,-11.0103,-63.7437,30.6917,-23.5362,-0.0177,-0.0238,-0.0003,212.01,141.52,116.99,148.03,28.81
2,0,79,0.4582,,0.0473,-0.1898,0.0989,-31.4078,-13.2336,-11.6551,-31.4078,-13.2336,-11.6551,-80.6908,38.2282,27.9151,73.3436,-5.5735,-10.9531,-55.5559,34.2337,-17.721,-0.0167,-0.0228,-0.0012,213.14,137.21,116.76,141.67,30.08
2,0,80,0.464,,0.0479,-0.1903,0.0999,-32.6466,-13.0188,-11.2477,-32.6466,-13.0188,-11.2477,-81.2886,37.0354,27.6796,67.6372,-5.0424,-10.4274,-46.5776,36.1451,-11.6589,-0.0157,-0.0218,-0.0021,214.25,133.53,117.32,138.94,31.31
2,0,81,0.4698,,0.0485,-0.1908,0.1008,-33.8624,-12.8526,-10.9051,-33.8624,-12.8526,-10.9051,-81.7997,35.7757,27.2714,61.9424,-4.5917,-9.498,-37.2684,36.6217,-5.8209,-0.0146,-0.0209,-0.003,215.36,130.29,118.8,138.57,32.51
2,0,82,0.4756,,0.0491,-0.1913,0.1018,-34.9779,-12.7351,-10.6095,-34.9779,-12.7351,-10.6095,-81.6515,34.3777,26.8374,56.4868,-4.2771,-8.2562,-28.2052,35.9543,-1.0571,-0.0135,-0.0202,-0.0039,216.4,128.03,121.21,140.27,33.61
2,0,83,0.4814,,0.0496,-0.1918,0.1028,-36.0648,-12.6744,-10.3402,-36.0648,-12.6744,-10.3402,-81.387,32.9308,26.3116,51.4175,-4.042,-6.8142,-19.8212,34.5287,2.6012,-0.0124,-0.0195,-0.0048,217.44,126.22,124.29,142.67,34.69
2,0,84,0.4872,,0.0502,-0.1922,0.1037,-37.0709,-12.6698,-10.0823,-37.0709,-12.6698,-10.0823,-80.592,31.3977,25.7887,47.5707,-3.9002,-5.241,-13.0716,32.7575,4.4604,-0.0112,-0.0189,-0.0055,218.43,125.25,127.36,145.63,35.69
2,0,85,0.493,,0.0506,-0.1925,0.1046,-38.0318,-12.7248,-9.8067,-38.0318,-12.7248,-9.8067,-79.4359,29.8361,25.3186,43.134,-3.8216,-3.6449,-5.855,30.7247,6.0072,-0.0101,-0.0184,-0.0062,219.4,124.9,131.57,147.51,36.64
2,0,86,0.4988,,0.0511,-0.1928,0.1054,-38.9502,-12.8388,-9.5031,-38.9502,-12.8388,-9.5031,-77.92,28.2525,24.9443,38.1453,-3.7783,-2.0679,1.7794,28.4816,7.2284,-0.0091,-0.018,-0.0067,220.36,125.12,136.82,147.8,37.55
2,0,87,0.5046,,0.0516,-0.193,0.1062,-39.8166,-13.0038,-9.1518,-39.8166,-13.0038,-9.1518,-75.8805,26.6906,24.7412,33.4216,-3.7644,-0.565,8.5603,26.211,7.7127,-0.0082,-0.0177,-0.0072,221.3,126.01,142.27,147.27,38.4
2,0,88,0.5104,,0.052,-0.1931,0.1068,-40.6657,-13.2141,-8.7525,-40.6657,-13.2141,-8.7525,-73.6163,25.1637,24.7786,28.7903,-3.7498,0.8258,14.9514,23.8811,7.7978,-0.0075,-0.0175,-0.0074,222.26,127.19,147.77,145.8,39.24
2,0,89,0.5162,,0.0525,-0.1932,0.1073,-41.4604,-13.4594,-8.3027,-41.4604,-13.4594,-8.3027,-70.9341,23.727,25.059,24.6249,-3.7221,2.1135,19.9229,21.5975,7.2828,-0.0068,-0.0173,-0.0074,223.18,128.83,152.83,144.66,40.02
2,0,90,0.522,,0.053,-0.1932,0.1078,-42.2298,-13.7223,-7.8214,-42.2298,-13.7223,-7.8214,-68.1298,22.3849,25.6842,20.6773,-3.6665,3.2618,24.2602,19.2746,6.508,-0.0064,-0.0173,-0.0073,224.09,130.58,157.52,143.43,40.78
2,0,91,0.5278,,0.0536,-0.1932,0.1081,-42.9506,-13.9945,-7.3195,-42.9506,-13.9945,-7.3195,-65.2027,21.1664,26.6336,17.151,-3.5736,4.2836,27.4846,16.9386,5.4208,-0.0061,-0.0174,-0.007,224.97,132.45,161.62,142.79,41.48
2,0,92,0.5336,,0.0541,-0.1931,0.1083,-43.6015,-14.254,-6.8325,-43.6015,-14.254,-6.8325,-62.3396,20.1348,27.8869,14.0283,-3.4355,5.1691,29.8165,14.5828,4.1305,-0.0058,-0.0175,-0.0066,225.78,134.31,165.12,142.6,42.12
2,0,93,0.5394,,0.0547,-0.193,0.1084,-44.2106,-14.4918,-6.3805,-44.2106,-14.4918,-6.3805,-59.4955,19.2241,29.4765,11.1674,-3.2629,5.911,31.6114,12.1788,2.7527,-0.0058,-0.0178,-0.0059,226.53,136.18,168.23,142.63,42.71
2,0,94,0.5452,,0.0553,-0.1928,0.1084,-44.6758,-14.6929,-5.9989,-44.6758,-14.6929,-5.9989,-56.9806,18.6513,31.2085,8.7564,-3.0471,6.5209,32.6005,9.7749,1.2687,-0.0059,-0.0182,-0.0052,227.12,137.95,170.77,143.05,43.16
2,0,95,0.551,,0.0559,-0.1927,0.1084,-45.0883,-14.8488,-5.713,-45.0883,-14.8488,-5.713,-54.5474,18.2265,33.1226,6.4655,-2.8181,6.9866,33.4482,7.373,-0.1816,-0.006,-0.0189,-0.0044,227.64,139.73,173.14,143.3,43.57
2,0,96,0.5568,,0.0565,-0.1926,0.1082,-45.3261,-14.9548,-5.5388,-45.3261,-14.9548,-5.5388,-52.4864,18.1948,35.0183,4.4045,-2.5798,7.3198,33.9604,5.0063,-1.6119,-0.0061,-0.0196,-0.0034,227.94,141.43,175.24,143.48,43.8
2,0,97,0.5626,,0.0572,-0.1924,0.108,-45.4453,-15.0808,-5.2884,-45.4453,-15.0808,-5.2884,-50.6534,18.3241,37.0619,2.3804,-2.2823,7.6841,34.4544,2.5453,-3.0988,-0.0062,-0.0204,-0.0024,228.15,142.97,177.3,143.52,43.91
2,0,98,0.5684,,0.0578,-0.1923,0.1078,-45.4201,-15.1249,-5.2363,-45.4201,-15.1249,-5.2363,-48.9641,18.871,39.1726,0.4314,-2.0173,7.837,34.9116,0.1621,-4.5161,-0.0062,-0.0214,-0.0014,228.15,144.69,179.26,143.22,43.88
2,0,99,0.5742,,0.0584,-0.1923,0.1074,-45.1794,-15.0917,-5.4064,-45.1794,-15.0917,-5.4064,-47.5688,19.8594,40.9532,-1.4782,-1.8384,7.8094,35.3691,-2.0452,-5.822,-0.0062,-0.0225,-0.0004,227.88,146.52,181.18,142.56,43.65
2,0,100,0.58,,0.059,-0.1923,0.107,-44.8569,-14.9983,-5.7691,-44.8569,-14.9983,-5.7691,-46.325,21.0281,42.2033,-3.3809,-1.7706,7.6727,35.851,-4.0217,-6.9766,-0.0062,-0.0214,-0.0014,227.49,148.44,183.1,141.68,43.34
3,1,0,0.0,0,0.077,-0.169,0.1077,-44.8569,-14.9983,-5.7691,50.8711,34.4118,-20.8747,-46.325,21.0281,42.2033,-3.3809,-1.7706,7.6727,35.851,-4.0217,-6.9766,0.0,0.0,0.0,130.85,126.63,180.97,133.24,43.34
3,1,1,0.0058,1,0.0774,-0.1692,0.1073,-44.2553,-14.8471,-6.271,51.7772,34.1214,-21.38,-45.8788,22.3408,42.0104,-5.1447,-1.8963,7.5329,36.213,-5.4245,-7.7288,-0.0,-0.0004,0.0003,129.71,127.43,182.44,130.67,42.76
3,1,2,0.0116,1,0.0777,-0.1695,0.1069,-43.6015,-14.6964,-6.7322,53.1301,33.5102,-21.154,-45.7897,23.492,40.9593,-6.8855,-2.1186,7.4515,36.5363,-6.4864,-8.2573,-0.0,-0.0004,0.0003,128.16,127.86,183.87,130.13,42.12
3,1,3,0.0174,1,0.0779,-0.17,0.1066,-42.7547,-14.5749,-7.0772,54.8986,32.5903,-20.3238,-46.3128,24.5241,38.9838,-8.4828,-2.4254,7.43,36.7057,-7.2042,-8.5566,-0.0002,-0.0019,0.0016,126.27,127.45,185.14,131.21,41.28
3,1,4,0.0232,1,0.078,-0.1705,0.1064,-41.8362,-14.5073,-7.264,56.8561,31.4964,-19.0101,-47.2025,25.2796,36.3247,-9.984,-2.7873,7.4469,36.7713,-7.623,-8.6719,-0.0002,-0.0035,0.0029,124.27,126.51,186.29,133.35,40.37
3,1,5,0.029,1,0.0781,-0.1711,0.1062,-40.8227,-14.4431,-7.4696,58.5883,30.4955,-18.0268,-48.1839,26.0446,33.8917,-11.3319,-3.1323,7.4608,36.7359,-8.1675,-8.8531,-0.0003,-0.0052,0.0041,122.47,125.53,187.4,134.69,39.36
3,1,6,0.0348,1,0.078,-0.1717,0.106,-39.761,-14.4208,-7.5865,60.2941,29.4123,-16.7803,-49.34,26.5143,31.1128,-12.542,-3.5173,7.5026,36.5709,-8.5215,-8.9057,-0.0002,-0.007,0.0052,120.72,124.37,188.41,136.48,38.3
3,1,7,0.0406,1,0.0779,-0.1724,0.1059,-38.6735,-14.4437,-7.6175,61.9899,28.2806,-15.3033,-50.627,26.6881,28.0515,-13.6805,-3.9332,7.5737,36.3269,-8.6879,-8.8437,-0.0001,-0.0087,0.0062,119.01,123.1,189.36,138.49,37.22
3,1,8,0.0464,1,0.0776,-0.1731,0.1059,-37.5929,-14.521,-7.5705,63.4693,27.1748,-13.721,-51.8144,26.55,24.9589,-14.6744,-4.3708,7.6649,35.9412,-8.71,-8.6911,0.0001,-0.0105,0.0071,117.52,122.03,190.23,140.52,36.14
3,1,9,0.0522,1,0.0773,-0.174,0.1059,-36.5175,-14.6557,-7.4656,64.8425,26.1278,-12.111,-52.9456,26.2225,21.8811,-15.6363,-4.8164,7.7769,35.513,-8.5993,-8.4769,0.0003,-0.0122,0.0079,116.16,121.08,191.1,142.37,35.06
3,1,10,0.058,1,0.0768,-0.1748,0.106,-35.493,-14.8488,-7.3247,65.9317,25.1854,-10.5417,-53.7779,25.7121,19.0176,-16.4673,-5.2625,7.9073,34.9442,-8.3974,-8.2111,0.0005,-0.0138,0.0086,115.08,120.49,191.89,144.09,34.03
3,1,11,0.0638,1,0.0762,-0.1758,0.1061,-34.4829,-15.0992,-7.1883,66.859,24.3674,-9.108,-54.4499,25.1796,16.3831,-17.2527,-5.6959,8.0586,34.3263,-8.1224,-7.9234,0.0006,-0.0152,0.0092,114.17,120.09,192.68,145.59,33.02
3,1,12,0.0696,1,0.0755,-0.1767,0.1063,-33.5112,-15.404,-7.0743,67.5494,23.6868,-7.8358,-54.8534,24.6557,14.0546,-17.9268,-6.1112,8.2327,33.5939,-7.797,-7.6172,0.0008,-0.0165,0.0097,113.5,119.96,193.39,146.96,32.04
3,1,13,0.0754,1,0.0747,-0.1776,0.1066,-32.5543,-15.754,-7.0296,68.0555,23.1467,-6.782,-55.0769,24.2347,12.055,-18.501,-6.4907,8.4358,32.7733,-7.4485,-7.3115,0.001,-0.0176,0.01,113.0,119.99,194.03,148.23,31.09
3,1,14,0.0812,1,0.0739,-0.1785,0.1069,-31.6141,-16.1454,-7.0646,68.3883,22.7391,-5.9503,-55.1356,23.9478,10.3741,-18.9756,-6.8308,8.6691,31.8655,-7.0819,-7.0103,0.0012,-0.0186,0.0103,112.65,120.15,194.6,149.43,30.15
3,1,15,0.087,1,0.073,-0.1794,0.1072,-30.6767,-16.5631,-7.2072,68.556,22.4396,-5.3298,-55.0681,23.8022,9.0048,-19.285,-7.1171,8.9384,30.8278,-6.7224,-6.7166,0.0013,-0.0192,0.0104,112.44,120.41,195.05,150.64,29.23
3,1,16,0.0928,1,0.072,-0.1802,0.1076,-29.7405,-17.0002,-7.4611,68.6174,22.2282,-4.9065,-54.9239,23.8102,7.9023,-19.5263,-7.3419,9.2427,29.7404,-6.3641,-6.4413,0.0014,-0.0196,0.0105,112.3,120.72,195.45,151.83,28.3
3,1,17,0.0986,1,0.071,-0.1809,0.108,-28.8095,-17.4443,-7.83,68.5725,22.0746,-4.6354,-54.7205,23.9393,7.0408,-19.5551,-7.4999,9.5809,28.4952,-6.0292,-6.1746,0.0015,-0.0199,0.0104,112.21,121.08,195.69,153.09,27.39
3,1,18,0.1044,1,0.0699,-0.1815,0.1084,-27.8813,-17.8866,-8.3067,68.4846,21.9523,-4.4786,-54.4838,24.1677,6.3597,-19.5356,-7.5818,9.9526,27.2209,-5.7072,-5.93,0.0015,-0.0199,0.0102,112.13,121.47,195.91,154.33,26.48
3,1,19,0.1102,1,0.0688,-0.182,0.1088,-26.9686,-18.3192,-8.8843,68.3703,21.8383,-4.3926,-54.2308,24.4645,5.8278,-19.3489,-7.5873,10.3518,25.8268,-5.4136,-5.6973,0.0016,-0.0197,0.01,112.02,121.88,195.99,155.65,25.59
3,1,20,0.116,1,0.0678,-0.1825,0.1092,-26.0684,-18.7334,-9.542,68.2659,21.7106,-4.3298,-53.9641,24.7891,5.3851,-19.1091,-7.5157,10.7768,24.3991,-5.1428,-5.4819,0.0015,-0.0193,0.0096,111.86,122.33,196.06,156.98,24.72
3,1,21,0.1218,1,0.0667,-0.1828,0.1096,-25.1912,-19.1276,-10.2714,68.189,21.5617,-4.266,-53.6923,25.1261,5.0117,-18.7763,-7.3685,11.2204,22.9069,-4.8998,-5.2788,0.0015,-0.0188,0.0092,111.64,122.8,196.04,158.34,23.87
3,1,22,0.1276,1,0.0656,-0.183,0.11,-24.345,-19.4983,-11.0449,68.1676,21.3834,-4.1568,-53.4151,25.4375,4.6581,-18.3989,-7.153,11.6764,21.3867,-4.6854,-5.0877,0.0014,-0.0181,0.0086,111.33,123.28,195.99,159.73,23.06
3,1,23,0.1334,1,0.0646,-0.1831,0.1104,-23.5205,-19.8467,-11.8574,68.1948,21.1773,-3.9984,-53.1332,25.7179,4.3172,-17.986,-6.8711,12.1395,19.8454,-4.5012,-4.905,0.0013,-0.0173,0.0081,110.95,123.78,195.91,161.13,22.27
3,1,24,0.1392,1,0.0635,-0.1831,0.1108,-22.747,-20.1767,-12.6893,68.3002,20.953,-3.7641,-52.8379,25.953,3.9701,-17.5627,-6.5335,12.6017,18.2998,-4.3445,-4.7279,0.0012,-0.0164,0.0074,110.48,124.27,195.79,162.54,21.53
3,1,25,0.145,1,0.0625,-0.183,0.1111,-21.9878,-20.4936,-13.5361,68.4474,20.7168,-3.4681,-52.5399,26.1456,3.6131,-17.1284,-6.1468,13.0568,16.7534,-4.2145,-4.5537,0.0009,-0.0155,0.0067,109.97,124.75,195.64,163.95,20.8
3,1,26,0.1508,1,0.0616,-0.1828,0.1114,-21.3066,-20.8035,-14.3904,68.6825,20.4843,-3.0873,-52.2097,26.2963,3.2535,-16.723,-5.7172,13.4984,15.2349,-4.1073,-4.3787,0.0006,-0.0145,0.0059,109.36,125.22,195.49,165.35,20.15
3,1,27,0.1566,1,0.0606,-0.1826,0.1117,-20.6425,-21.1135,-15.2544,68.9518,20.2631,-2.6486,-51.8719,26.4167,2.8906,-16.3203,-5.2537,13.9195,13.7258,-4.0188,-4.2004,0.0001,-0.0136,0.0051,108.72,125.67,195.31,166.74,19.52
3,1,28,0.1624,1,0.0597,-0.1822,0.112,-20.0403,-21.4286,-16.127,69.278,20.0634,-2.1407,-51.4968,26.5118,2.5394,-15.9485,-4.7592,14.3145,12.2473,-3.9453,-4.0152,-0.0004,-0.0127,0.0042,108.02,126.1,195.12,168.12,18.95
3,1,29,0.1682,1,0.0588,-0.1819,0.1122,-19.4714,-21.7569,-17.0197,69.6381,19.8934,-1.5776,-51.0973,26.5982,2.2037,-15.5901,-4.241,14.6767,10.7821,-3.8794,-3.8219,-0.0012,-0.0118,0.0033,107.29,126.52,194.92,169.5,18.41
3,1,30,0.174,1,0.058,-0.1815,0.1124,-18.9471,-22.1013,-17.9342,70.0385,19.7569,-0.9579,-50.6667,26.6803,1.8894,-15.2509,-3.701,15.0023,9.3355,-3.8182,-3.6194,-0.002,-0.0109,0.0024,106.51,126.91,194.71,170.86,17.92
3,1,31,0.1798,1,0.0572,-0.181,0.1125,-18.4636,-22.4668,-18.8881,70.4725,19.6584,-0.2799,-50.1975,26.7687,1.6075,-14.9257,-3.1408,15.2816,7.8967,-3.7568,-3.4065,-0.0029,-0.0102,0.0014,105.69,127.29,194.49,172.23,17.48
3,1,32,0.1856,1,0.0564,-0.1806,0.1126,-18.004,-22.8541,-19.8868,70.9382,19.5969,0.4525,-49.7081,26.8666,1.3506,-14.6062,-2.5634,15.5118,6.4621,-3.6962,-3.1842,-0.004,-0.0095,0.0005,104.81,127.65,194.25,173.59,17.05
3,1,33,0.1914,1,0.0556,-0.1802,0.1127,-17.5875,-23.2644,-20.9428,71.4454,19.572,1.2511,-49.1786,26.9765,1.1286,-14.2961,-1.9661,15.6844,5.0256,-3.6384,-2.953,-0.0052,-0.0088,-0.0004,103.88,127.99,194.02,174.95,16.68
3,1,34,0.1972,1,0.0548,-0.1797,0.1127,-17.1824,-23.697,-22.0594,71.9853,19.583,2.1058,-48.641,27.1002,0.929,-13.983,-1.351,15.7928,3.5866,-3.5886,-2.7144,-0.0065,-0.0084,-0.0013,102.88,128.29,193.77,176.31,16.31
3,1,35,0.203,1,0.054,-0.1792,0.1127,-16.8266,-24.1484,-23.2392,72.586,19.6256,3.0277,-48.0756,27.2388,0.7582,-13.6678,-0.7175,15.83,2.1364,-3.5533,-2.4671,-0.0078,-0.0079,-0.0022,101.8,128.57,193.51,177.68,16.0
3,1,36,0.2088,1,0.0532,-0.1788,0.1127,-16.4892,-24.6148,-24.471,73.2269,19.7026,3.9893,-47.5104,27.3938,0.6087,-13.742,-0.0641,15.7888,1.079,-3.5276,-2.2382,-0.0092,-0.0076,-0.003,100.65,128.79,193.65,178.67,15.7
3,1,37,0.2146,1,0.0524,-0.1784,0.1126,-16.1969,-25.0921,-25.7487,73.9293,19.8094,4.9918,-46.9394,27.5671,0.4816,-14.797,0.6064,15.6632,1.005,-3.5012,-2.0603,-0.0105,-0.0074,-0.0036,99.42,128.97,194.76,178.76,15.45
3,1,38,0.2204,1,0.0516,-0.1779,0.1124,-15.9466,-25.5677,-27.0316,74.675,19.9494,5.9785,-46.3768,27.7693,0.3804,-15.1129,1.2938,15.4457,0.2,-3.5461,-1.8327,-0.0119,-0.0073,-0.0042,98.15,129.11,195.15,179.5,15.25
3,1,39,0.2262,1,0.0508,-0.1775,0.1123,-15.738,-26.0375,-28.307,75.4567,20.1217,6.9325,-45.8238,28.0064,0.3078,-14.6902,1.9951,15.1306,-1.3369,-3.6559,-1.5512,-0.0131,-0.0074,-0.0047,96.83,129.21,194.82,180.88,15.08
3,1,40,0.232,1,0.05,-0.1771,0.1121,-15.5971,-26.4861,-29.5113,76.2715,20.33,7.7783,-45.3043,28.2991,0.2749,-14.1587,2.7034,14.7126,-2.9548,-3.7961,-1.2579,-0.0143,-0.0075,-0.005,95.53,129.27,194.4,182.34,14.98
3,1,41,0.2378,1,0.0492,-0.1768,0.1118,-15.483,-26.9072,-30.6172,77.0526,20.5833,8.4642,-44.7958,28.6616,0.296,-13.5838,3.4168,14.1855,-4.6072,-3.953,-0.958,-0.0153,-0.0078,-0.0052,94.31,129.33,193.96,183.82,14.9
3,1,42,0.2436,1,0.0484,-0.1764,0.1115,-15.4487,-27.2888,-31.5694,77.8363,20.879,8.935,-44.3664,29.1211,0.381,-12.7694,4.114,13.5454,-6.4317,-4.1017,-0.6471,-0.0162,-0.0083,-0.0052,93.17,129.35,193.29,185.46,14.9
3,1,43,0.2494,1,0.0475,-0.1761,0.1112,-15.4303,-27.6217,-32.3274,78.5117,21.2291,9.1114,-43.9438,29.7068,0.5638,-11.8804,4.7947,12.7754,-8.3081,-4.2027,-0.346,-0.017,-0.0089,-0.0051,92.26,129.42,192.57,187.17,14.9
3,1,44,0.2552,1,0.0467,-0.1758,0.1108,-15.4722,-27.8996,-32.8608,79.1203,21.6276,8.9684,-43.6187,30.4426,0.851,-10.6621,5.4304,11.8749,-10.4116,-4.2292,-0.0557,-0.0176,-0.0097,-0.0048,91.54,129.47,191.54,189.1,14.96
3,1,45,0.261,1,0.0458,-0.1756,0.1104,-15.5346,-28.1133,-33.141,79.5828,22.0681,8.4514,-43.309,31.3671,1.2789,-9.2704,6.0043,10.8226,-12.6211,-4.1181,0.1841,-0.018,-0.0107,-0.0045,91.11,129.57,190.36,191.18,15.04
3,1,46,0.2668,1,0.045,-0.1754,0.1099,-15.6337,-28.2611,-33.1605,79.9142,22.5424,7.5555,-43.0561,32.4919,1.8499,-7.5744,6.4998,9.6242,-15.022,-3.8572,0.3556,-0.0184,-0.0119,-0.004,90.97,129.69,188.9,193.49,15.14
3,1,47,0.2726,1,0.0442,-0.1752,0.1093,-15.7609,-28.3368,-32.9319,80.1036,23.0153,6.3042,-42.828,33.8358,2.5784,-5.5911,6.8805,8.2772,-17.5778,-3.3947,0.4026,-0.0186,-0.0132,-0.0034,91.08,129.86,187.18,196.07,15.26
3,1,48,0.2784,1,0.0434,-0.1752,0.1087,-15.9088,-28.3402,-32.4661,80.149,23.4728,4.7139,-42.5833,35.396,3.4624,-3.3857,7.1466,6.7894,-20.2447,-2.7433,0.2845,-0.0188,-0.0147,-0.0027,91.45,130.11,185.24,198.92,15.4
3,1,49,0.2842,1,0.0427,-0.1752,0.108,-16.0818,-28.2697,-31.8152,80.0828,23.8717,2.8819,-42.3912,37.1468,4.4887,-0.7123,7.2705,5.2029,-23.1453,-1.9202,-0.0488,-0.019,-0.0164,-0.0019,92.0,130.38,182.77,202.27,15.56
3,1,50,0.29,1,0.042,-0.1753,0.1073,-16.2617,-28.1231,-31.0125,79.9303,24.1898,0.8665,-42.125,39.0595,5.6337,2.1001,7.2752,3.5355,-26.0905,-0.9822,-0.6531,-0.0191,-0.0181,-0.0011,92.68,130.78,180.04,206.05,15.72
3,1,51,0.2958,1,0.0415,-0.1755,0.1065,-16.4531,-27.9002,-30.1141,79.7068,24.4,-1.2209,-42.0007,41.0811,6.9057,5.8229,7.1572,1.8698,-29.517,-0.0181,-1.5649,-0.0192,-0.02,-0.0003,93.42,131.15,176.1,210.85,15.88
3,1,52,0.3016,1,0.041,-0.1758,0.1056,-16.6427,-27.5971,-29.175,79.4954,24.4835,-3.2688,-41.8433,43.1451,8.2329,9.827,6.9662,0.2581,-33.0689,0.8402,-2.8311,-0.0194,-0.022,0.0006,94.13,131.62,171.39,216.47,16.04
3,1,53,0.3074,1,0.0406,-0.1762,0.1047,-16.8278,-27.2132,-28.2319,79.2882,24.4342,-5.2014,-41.8474,45.1966,9.6353,14.8644,6.7284,-1.2186,-37.1809,1.4396,-4.4635,-0.0196,-0.0239,0.0014,94.8,132.06,164.75,223.64,16.19
3,1,54,0.3132,1,0.0403,-0.1766,0.1038,-17.0105,-26.7468,-27.3421,79.172,24.2508,-6.8894,-41.9573,47.135,11.0234,20.5467,6.4929,-2.4362,-41.6016,1.5767,-6.4432,-0.0198,-0.0259,0.0022,95.31,132.47,156.34,232.08,16.34
3,1,55,0.319,1,0.0402,-0.1772,0.1029,-17.1904,-26.1979,-26.5211,79.1514,23.9398,-8.2978,-42.2469,48.9278,12.393,27.0941,6.2734,-3.3524,-46.4197,1.0947,-8.6921,-0.02,-0.0278,0.003,95.66,132.78,145.68,241.8,16.49
3,1,56,0.3248,1,0.0401,-0.1779,0.102,-17.3738,-25.574,-25.8014,79.2269,23.5206,-9.35,-42.76,50.4717,13.7094,34.5265,6.079,-3.829,-51.5776,-0.1887,-11.0585,-0.0203,-0.0296,0.0037,95.85,132.91,133.14,251.84,16.64
3,1,57,0.3306,1,0.0402,-0.1786,0.1011,-17.5594,-24.8778,-25.1838,79.4458,22.9998,-10.0453,-43.477,51.761,14.8853,42.4327,5.8724,-3.8665,-56.7828,-2.2951,-13.3519,-0.0206,-0.0314,0.0043,95.83,132.83,120.32,260.41,16.8
3,1,58,0.3364,1,0.0404,-0.1794,0.1002,-17.7772,-24.1215,-24.667,79.6942,22.4002,-10.3801,-44.4181,52.7231,16.0416,51.0319,5.6156,-3.4123,-62.0661,-5.2307,-15.3533,-0.0209,-0.0328,0.0048,95.72,132.53,108.12,266.27,16.99
3,1,59,0.3422,1,0.0407,-0.1802,0.0994,-18.0069,-23.3165,-24.2396,80.068,21.727,-10.3968,-45.57,53.3906,16.9784,59.7088,5.2318,-2.5287,-67.1729,-8.8092,-16.8933,-0.0212,-0.0342,0.0053,95.44,131.96,97.95,268.91,17.19
3,1,60,0.348,1,0.0412,-0.181,0.0986,-18.3152,-22.4754,-23.8849,80.4138,21.0006,-10.1157,-46.8672,53.7065,17.9248,68.2321,4.6698,-1.2438,-71.8244,-12.7393,-17.9311,-0.0215,-0.0353,0.0057,95.14,131.24,89.81,269.1,17.47
3,1,61,0.3538,1,0.0417,-0.1819,0.098,-18.6641,-21.6166,-23.5766,80.8124,20.2242,-9.6259,-48.3449,53.7371,18.6735,76.3936,3.8715,0.2963,-76.1864,-16.7647,-18.4388,-0.0218,-0.0362,0.006,94.77,130.29,83.48,268.37,17.8
3,1,62,0.3596,1,0.0423,-0.1828,0.0973,-19.1127,-20.7485,-23.301,81.1898,19.4088,-8.9477,-49.9488,53.4611,19.3634,83.6847,2.8007,2.0216,-79.8172,-20.5295,-18.6763,-0.022,-0.0368,0.0061,94.39,129.19,78.77,267.39,18.23
3,1,63,0.3654,0,0.043,-0.1836,0.0968,-19.6496,-19.8937,-23.0232,81.5608,18.5662,-8.1789,-51.7044,52.9464,19.9349,90.0468,1.4758,3.7052,-82.8228,-23.7204,-18.8178,-0.0222,-0.0371,0.0062,94.02,127.93,75.31,266.77,18.74
3,1,64,0.3712,0,0.0438,-0.1845,0.0963,-20.2741,-19.0566,-22.7338,81.9135,17.6927,-7.3451,-53.6076,52.2069,20.3865,95.4799,-0.0933,5.2696,-85.1922,-26.2445,-19.0726,-0.0224,-0.0372,0.0062,93.66,126.51,72.87,266.51,19.35
3,1,65,0.377,0,0.0447,-0.1853,0.0959,-21.0276,-18.2527,-22.4061,82.2618,16.8053,-6.5029,-55.6996,51.2976,20.7703,99.5102,-1.8056,6.5005,-86.4014,-27.6751,-19.8876,-0.0225,-0.037,0.0062,93.32,124.9,71.52,266.12,20.08
3,1,66,0.3828,0,0.0456,-0.1861,0.0956,-21.8314,-17.485,-22.0348,82.5828,15.8927,-5.6902,-57.9142,50.2582,21.0231,102.9942,-3.5714,7.3347,-87.3251,-28.2578,-20.9044,-0.0226,-0.0367,0.006,93.01,123.16,70.58,266.01,20.87
3,1,67,0.3886,0,0.0465,-0.1869,0.0954,-22.7619,-16.7602,-21.608,82.9026,14.9685,-4.9112,-60.3628,49.1101,21.2324,104.7688,-5.2775,7.6684,-86.7202,-27.3646,-22.7934,-0.0226,-0.0361,0.0058,92.72,121.19,70.78,264.88,21.78
3,1,68,0.3944,0,0.0475,-0.1876,0.0953,-23.7147,-16.0795,-21.1261,83.185,14.0233,-4.1965,-62.8755,47.8998,21.3432,106.1968,-6.7777,7.5104,-86.0824,-25.5289,-24.6414,-0.0225,-0.0354,0.0055,92.48,119.14,71.06,263.78,22.71
3,1,69,0.4002,0,0.0484,-0.1884,0.0952,-24.7426,-15.4446,-20.5887,83.4429,13.0641,-3.5352,-65.5154,46.6335,21.4197,106.0994,-7.9792,6.8713,-84.3418,-22.1799,-26.8164,-0.0224,-0.0344,0.0052,92.26,116.94,72.27,261.57,23.71
3,1,70,0.406,0,0.0494,-0.189,0.0953,-25.7819,-14.8562,-20.006,83.65,12.0916,-2.9371,-68.1379,45.3486,21.4487,105.3612,-8.7834,5.8644,-82.4263,-17.87,-28.5994,-0.0222,-0.0334,0.0048,92.1,114.73,73.72,259.04,24.73
3,1,71,0.4118,0,0.0503,-0.1897,0.0954,-26.8414,-14.3148,-19.3803,83.7985,11.1106,-2.3966,-70.7246,44.0464,21.4568,103.4119,-9.1365,4.5749,-79.8768,-12.4036,-29.9077,-0.0219,-0.0322,0.0044,92.01,112.52,75.88,255.77,25.77
3,1,72,0.4176,0,0.0512,-0.1903,0.0957,-27.8979,-13.8209,-18.7346,83.8614,10.1368,-1.9107,-73.1416,42.7493,21.4702,100.3492,-9.061,3.1968,-76.6586,-6.2242,-30.4432,-0.0216,-0.031,0.0039,91.99,110.43,78.74,251.87,26.8
3,1,73,0.4234,0,0.0521,-0.1909,0.0961,-28.9527,-13.3751,-18.0728,83.8568,9.1806,-1.478,-75.4361,41.4683,21.4784,96.4348,-8.573,1.8183,-72.8276,0.3448,-29.9587,-0.0212,-0.0298,0.0034,92.05,108.42,82.16,247.46,27.83
3,1,74,0.4292,0,0.0529,-0.1915,0.0966,-29.9794,-12.9769,-17.4156,83.697,8.267,-1.0999,-77.345,40.1935,21.5419,91.2438,-7.7803,0.6143,-67.7565,6.9944,-28.3404,-0.0206,-0.0285,0.0027,92.26,106.71,86.59,242.11,28.83
3,1,75,0.435,0,0.0537,-0.1921,0.0972,-30.9982,-12.6297,-16.7693,83.4809,7.419,-0.7701,-79.1672,38.9529,21.5973,85.6762,-6.7629,-0.3767,-61.8778,13.0693,-25.5371,-0.02,-0.0273,0.0021,92.53,105.04,91.41,236.1,29.83
3,1,76,0.4408,0,0.0544,-0.1926,0.0978,-31.9544,-12.3323,-16.1465,83.0107,6.66,-0.4917,-80.36,37.6949,21.7525,79.2752,-5.6423,-1.0493,-54.6687,18.2732,-21.6309,-0.0193,-0.026,0.0013,93.05,103.91,97.05,229.14,30.77
3,1,77,0.4466,0,0.0551,-0.1931,0.0986,-32.8924,-12.0883,-15.5495,82.4605,6.0217,-0.2496,-81.4415,36.4541,21.8996,72.8488,-4.5169,-1.4271,-46.7109,22.2196,-16.9459,-0.0186,-0.0249,0.0005,93.67,102.81,102.94,221.52,31.68
3,1,78,0.4524,0,0.0557,-0.1935,0.0994,-33.7661,-11.8975,-14.9811,81.6707,5.5199,-0.0419,-81.9952,35.1829,22.11,66.4086,-3.4728,-1.4906,-38.2601,24.7876,-11.9782,-0.0177,-0.0238,-0.0003,94.53,102.15,109.09,213.74,32.54
3,1,79,0.4582,0,0.0563,-0.194,0.1003,-34.6021,-11.7628,-14.4351,80.7395,5.181,0.1498,-82.302,33.8838,22.3102,60.1745,-2.5796,-1.2892,-29.7224,26.1232,-7.158,-0.0167,-0.0228,-0.0012,95.54,101.64,115.34,206.08,33.36
3,1,80,0.464,0,0.0568,-0.1943,0.1012,-35.387,-11.6843,-13.9091,79.6238,5.0138,0.3332,-82.2535,32.5394,22.5116,54.218,-1.8718,-0.8488,-21.4468,26.4543,-2.9121,-0.0157,-0.0218,-0.0021,96.76,101.39,121.6,198.9,34.12
3,1,81,0.4698,0,0.0573,-0.1947,0.1021,-36.1233,-11.6626,-13.3843,78.3345,5.0275,0.5218,-81.8437,31.1317,22.6805,49.6119,-1.3665,-0.2424,-14.7976,26.0975,0.0813,-0.0146,-0.0209,-0.003,98.16,101.41,126.69,193.51,34.84
3,1,82,0.4756,0,0.0577,-0.1949,0.103,-36.8314,-11.6969,-12.8537,76.9408,5.2245,0.7205,-81.2664,29.6796,22.785,45.7491,-1.0623,0.4912,-9.0926,25.4164,2.1496,-0.0135,-0.0202,-0.0039,99.69,101.53,131.13,189.08,35.53
3,1,83,0.4814,0,0.0581,-0.1951,0.1038,-37.5007,-11.7869,-12.2991,75.4013,5.6009,0.931,-80.2399,28.1674,22.8347,41.313,-0.9376,1.2952,-3.0186,24.5322,3.8968,-0.0124,-0.0195,-0.0048,101.38,102.03,136.29,184.33,36.19
3,1,84,0.4872,0,0.0585,-0.1953,0.1046,-38.1624,-11.9284,-11.7101,73.8238,6.1541,1.1446,-79.145,26.6366,22.8074,36.8144,-0.9752,2.1328,3.0012,23.512,5.2671,-0.0112,-0.0189,-0.0055,103.13,102.57,141.52,179.59,36.83
3,1,85,0.493,0,0.0589,-0.1954,0.1054,-38.8122,-12.1181,-11.0764,72.1989,6.8782,1.3499,-77.6245,25.0968,22.7244,32.9519,-1.1373,2.9778,7.96,22.5108,5.9006,-0.0101,-0.0184,-0.0062,104.95,103.52,146.02,176.06,37.46
3,1,86,0.4988,0,0.0593,-0.1954,0.1061,-39.4642,-12.3472,-10.3946,70.5797,7.7674,1.5154,-75.9981,23.5908,22.6244,29.2405,-1.3988,3.8057,12.5716,21.4761,6.2291,-0.0091,-0.018,-0.0067,106.79,104.61,150.25,172.94,38.09
3,1,87,0.5046,0,0.0597,-0.1953,0.1066,-40.1208,-12.612,-9.6624,69.0031,8.819,1.6301,-74.1016,22.1412,22.5219,25.9444,-1.7253,4.6127,16.3659,20.4648,6.1221,-0.0082,-0.0177,-0.0072,108.63,106.0,153.91,170.78,38.72
3,1,88,0.5104,0,0.0601,-0.1952,0.1071,-40.774,-12.8961,-8.894,67.4872,10.0261,1.6368,-72.0526,20.7995,22.5063,22.8897,-2.0736,5.3882,19.5896,19.4032,5.7646,-0.0075,-0.0175,-0.0074,110.45,107.62,157.19,169.24,39.35
3,1,89,0.5162,0,0.0605,-0.195,0.1076,-41.4231,-13.1958,-8.0959,66.0277,11.3884,1.5265,-69.8517,19.5647,22.6081,20.0792,-2.4261,6.1306,22.2433,18.2762,5.1763,-0.0068,-0.0173,-0.0074,112.26,109.45,160.1,168.29,39.98
3,1,90,0.522,0,0.061,-0.1948,0.1079,-42.0373,-13.4926,-7.3024,64.703,12.8884,1.2486,-67.5706,18.5097,22.8803,17.5787,-2.7309,6.8359,24.1916,17.0473,4.3694,-0.0064,-0.0173,-0.0073,113.98,111.41,162.6,167.94,40.56
3,1,91,0.5278,0,0.0616,-0.1946,0.1081,-42.6367,-13.7796,-6.5312,63.3953,14.5181,0.7971,-65.22,17.5799,23.3936,15.2057,-2.9907,7.4923,25.8307,15.6716,3.4604,-0.0061,-0.0174,-0.007,115.71,113.47,164.9,167.74,41.14
3,1,92,0.5336,0,0.0622,-0.1943,0.1083,-43.1357,-14.0455,-5.8184,62.2994,16.2536,0.1312,-62.9677,16.9008,24.1065,13.1798,-3.1665,8.0942,26.8067,14.1514,2.386,-0.0058,-0.0175,-0.0066,117.28,115.41,166.8,167.86,41.61
3,1,93,0.5394,0,0.0628,-0.1941,0.1084,-43.6044,-14.2816,-5.1933,61.2019,18.0623,-0.7278,-60.7178,16.3609,25.099,11.2309,-3.2801,8.6197,27.6554,12.4642,1.2885,-0.0058,-0.0178,-0.0059,118.85,117.32,168.58,167.77,42.06
3,1,94,0.5452,0,0.0635,-0.1938,0.1085,-43.9344,-14.4832,-4.6816,60.3098,19.911,-1.8141,-58.6973,16.1026,26.2799,9.5052,-3.3193,9.0645,28.1851,10.6222,0.1371,-0.0059,-0.0182,-0.0052,120.22,118.92,170.1,167.48,42.37
3,1,95,0.551,0,0.0643,-0.1936,0.1085,-44.1917,-14.6448,-4.3144,59.4726,21.7322,-3.0635,-56.7823,16.0318,27.6396,7.8225,-3.3179,9.4156,28.6913,8.6644,-0.985,-0.006,-0.0189,-0.0044,121.49,120.34,171.52,166.74,42.62
3,1,96,0.5568,0,0.065,-0.1935,0.1084,-44.3154,-14.7646,-4.1001,58.7828,23.4945,-4.4959,-55.0887,16.231,29.1169,6.2027,-3.2806,9.6724,29.1589,6.6052,-2.075,-0.0061,-0.0196,-0.0034,122.57,121.44,172.83,165.48,42.74
3,1,97,0.5626,0,0.0658,-0.1933,0.1084,-44.3062,-14.8975,-3.8067,58.1868,25.3351,-6.1039,-53.6501,16.5624,30.5982,4.5441,-3.1917,9.9672,29.6941,4.4894,-3.1947,-0.0062,-0.0204,-0.0024,123.62,122.16,174.14,163.95,42.72
3,1,98,0.5684,0,0.0667,-0.1931,0.1083,-44.1974,-14.9697,-3.7615,57.63,27.0474,-7.9423,-52.3023,17.2061,32.2897,2.8849,-3.0857,10.1017,30.2718,2.2616,-4.2609,-0.0062,-0.0214,-0.0014,124.5,122.7,175.39,161.59,42.61
3,1,99,0.5742,0,0.0676,-0.1931,0.1081,-43.8937,-14.9851,-3.9792,57.2411,28.492,-9.9026,-51.2076,18.2394,33.9108,1.165,-3.0227,10.0983,30.8888,0.0469,-5.2411,-0.0062,-0.0225,-0.0004,125.04,122.98,176.6,158.36,42.31
3,1,100,0.58,0,0.0684,-0.1931,0.108,-43.5368,-14.9525,-4.4221,56.9677,29.6042,-11.7388,-50.1718,19.447,35.3024,-0.5797,-3.0512,10.0143,31.5478,-2.047,-6.1046,-0.0062,-0.0214,-0.0014,125.29,123.36,177.77,154.51,41.97
4,1,0,0.0,0,0.0626,-0.1731,0.1059,-43.5368,-14.9525,-4.4221,56.9677,29.6042,-11.7388,-50.1718,19.447,35.3024,-0.5797,-3.0512,10.0143,31.5478,-2.047,-6.1046,0.0,0.0,0.0,125.29,123.36,177.77,154.51,41.97
4,1,1,0.0058,1,0.0635,-0.1733,0.1057,-42.9203,-14.8511,-5.12,57.2469,30.0047,-12.9744,-49.6096,20.8689,35.7193,-2.418,-3.2873,9.9399,32.1222,-3.7025,-6.6936,-0.0,-0.0004,0.0003,124.76,123.63,178.93,150.92,41.38
4,1,2,0.0116,1,0.0644,-0.1737,0.1055,-42.2465,-14.729,-5.831,57.8753,29.9702,-13.5836,-49.3053,22.1449,35.3837,-4.2411,-3.6274,9.9309,32.6411,-4.948,-7.094,-0.0,-0.0004,0.0003,123.83,123.92,180.14,148.29,40.73
4,1,3,0.0174,1,0.0651,-0.1741,0.1054,-41.4203,-14.6058,-6.4738,58.8918,29.5166,-13.5616,-49.4437,23.2625,34.2033,-5.9735,-4.0486,9.9727,32.9751,-5.7625,-7.3082,-0.0002,-0.0019,0.0016,122.52,123.94,181.36,146.96,39.93
4,1,4,0.0232,1,0.0658,-0.1747,0.1053,-40.5116,-14.5062,-6.9844,60.1584,28.7554,-12.9763,-49.9054,24.1262,32.3263,-7.5815,-4.5248,10.0196,33.1406,-6.1914,-7.3714,-0.0002,-0.0035,0.0029,121.01,123.71,182.57,146.74,39.03
4,1,5,0.029,1,0.0665,-0.1753,0.1052,-39.5347,-14.4191,-7.488,61.2746,28.1312,-12.6706,-50.4339,25.0503,30.6301,-9.08,-4.9788,10.0681,33.1883,-6.7684,-7.4922,-0.0003,-0.0052,0.0041,119.67,123.38,183.79,146.3,38.08
4,1,6,0.0348,1,0.0671,-0.1759,0.1051,-38.4982,-14.3526,-7.9131,62.4431,27.3362,-12.0348,-51.1536,25.7312,28.5349,-10.3904,-5.4798,10.1239,33.0163,-7.1088,-7.5014,-0.0002,-0.007,0.0052,118.3,122.91,184.93,146.54,37.05
4,1,7,0.0406,1,0.0676,-0.1766,0.1051,-37.448,-14.3159,-8.2517,63.6744,26.4213,-11.0963,-51.9905,26.1625,26.1079,-11.6435,-6.0181,10.1876,32.7682,-7.2095,-7.4199,-0.0001,-0.0087,0.0062,116.89,122.34,186.08,147.21,36.01
4,1,8,0.0464,1,0.0681,-0.1773,0.1051,-36.3908,-14.3165,-8.4958,64.8079,25.4466,-9.9448,-52.8179,26.3156,23.5116,-12.7188,-6.5878,10.2457,32.3285,-7.1228,-7.2616,0.0001,-0.0105,0.0071,115.61,121.82,187.13,148.22,34.97
4,1,9,0.0522,1,0.0685,-0.178,0.1052,-35.3446,-14.3658,-8.6545,65.866,24.4755,-8.6759,-53.5936,26.2676,20.8455,-13.7221,-7.1741,10.307,31.8114,-6.8702,-7.0542,0.0003,-0.0122,0.0079,114.43,121.34,188.16,149.34,33.93
4,1,10,0.058,1,0.0687,-0.1788,0.1053,-34.3167,-14.4678,-8.7359,66.7827,23.5436,-7.3462,-54.2398,26.0418,18.2076,-14.6085,-7.7736,10.3686,31.1755,-6.4837,-6.8068,0.0005,-0.0138,0.0086,113.42,120.98,189.11,150.54,32.9
4,1,11,0.0638,1,0.0689,-0.1796,0.1055,-33.3118,-14.6288,-8.7668,67.5161,22.7051,-6.0603,-54.7016,25.7172,15.7146,-15.3515,-8.3739,10.4476,30.4046,-6.0098,-6.5362,0.0006,-0.0152,0.0092,112.6,120.78,189.96,151.77,31.9
4,1,12,0.0696,1,0.069,-0.1803,0.1058,-32.3194,-14.8505,-8.7628,68.1208,21.9753,-4.8566,-55.0308,25.3557,13.3757,-16.0184,-8.964,10.5526,29.564,-5.4534,-6.2566,0.0008,-0.0165,0.0097,111.94,120.68,190.75,153.0,30.91
4,1,13,0.0754,1,0.069,-0.181,0.106,-31.3494,-15.1318,-8.7542,68.4999,21.3808,-3.7881,-55.1405,24.9894,11.2926,-16.436,-9.534,10.6972,28.5054,-4.8674,-5.9643,0.001,-0.0176,0.01,111.52,120.76,191.31,154.32,29.94
4,1,14,0.0812,1,0.0689,-0.1816,0.1064,-30.3834,-15.4704,-8.7605,68.7693,20.9239,-2.8822,-55.1534,24.6776,9.4278,-16.777,-10.0644,10.8966,27.3834,-4.2446,-5.6784,0.0012,-0.0186,0.0103,111.22,120.9,191.8,155.65,28.98
4,1,15,0.087,1,0.0687,-0.1822,0.1068,-29.4248,-15.8606,-8.7978,68.8673,20.6021,-2.1452,-55.0254,24.4234,7.8204,-16.8955,-10.5483,11.1535,26.0768,-3.6132,-5.3959,0.0013,-0.0192,0.0104,111.09,121.15,192.09,157.11,28.02
4,1,16,0.0928,1,0.0684,-0.1826,0.1072,-28.4743,-16.2932,-8.8849,68.8697,20.4039,-1.573,-54.8232,24.2437,6.4476,-16.897,-10.9624,11.4736,24.6791,-2.9811,-5.1259,0.0014,-0.0196,0.0105,111.05,121.44,192.26,158.62,27.08
4,1,17,0.0986,1,0.0681,-0.183,0.1076,-27.5318,-16.7619,-9.027,68.7778,20.3174,-1.1613,-54.553,24.1418,5.3032,-16.7721,-11.2992,11.8528,23.1845,-2.3568,-4.8694,0.0015,-0.0199,0.0104,111.11,121.78,192.31,160.22,26.15
4,1,18,0.1044,1,0.0677,-0.1832,0.108,-26.6139,-17.2506,-9.2286,68.6356,20.3139,-0.8687,-54.2404,24.0984,4.3574,-16.5213,-11.549,12.2805,21.601,-1.7555,-4.6286,0.0015,-0.0199,0.0102,111.2,122.15,192.24,161.88,25.24
4,1,19,0.1102,1,0.0672,-0.1833,0.1085,-25.7057,-17.7508,-9.4893,68.4531,20.3824,-0.6979,-53.8972,24.1188,3.598,-16.2195,-11.6997,12.7472,19.9885,-1.1837,-4.4066,0.0016,-0.0197,0.01,111.33,122.53,192.13,163.56,24.35
4,1,20,0.116,1,0.0667,-0.1833,0.109,-24.852,-18.2493,-9.8022,68.2836,20.4972,-0.6015,-53.5386,24.1866,2.9948,-15.8362,-11.7575,13.2338,18.334,-0.6522,-4.2006,0.0015,-0.0193,0.0096,111.42,122.91,191.94,165.26,23.51
4,1,21,0.1218,1,0.0662,-0.1832,0.1095,-24.0184,-18.7346,-10.1608,68.1116,20.6466,-0.5843,-53.1674,24.302,2.5355,-15.4353,-11.7134,13.7266,16.6861,-0.1728,-4.0117,0.0015,-0.0188,0.0092,111.51,123.31,191.73,166.94,22.69
4,1,22,0.1276,1,0.0656,-0.183,0.11,-23.23,-19.1992,-10.5562,67.9666,20.8187,-0.6233,-52.7919,24.4594,2.2025,-15.0133,-11.5742,14.2103,15.0514,0.2475,-3.8368,0.0014,-0.0181,0.0086,111.55,123.7,191.51,168.58,21.92
4,1,23,0.1334,1,0.065,-0.1827,0.1105,-22.4829,-19.633,-10.9779,67.8528,21.0019,-0.7068,-52.4155,24.6571,1.9821,-14.5942,-11.3438,14.6657,13.4524,0.5982,-3.674,0.0013,-0.0173,0.0081,111.55,124.08,191.28,170.17,21.2
4,1,24,0.1392,1,0.0644,-0.1823,0.111,-21.7644,-20.0318,-11.4213,67.756,21.1924,-0.8379,-52.0342,24.8964,1.8726,-14.1692,-11.0228,15.0854,11.8786,0.8716,-3.5206,0.0012,-0.0164,0.0074,111.53,124.47,191.05,171.69,20.5
4,1,25,0.145,1,0.0638,-0.1818,0.1114,-21.1038,-20.3933,-11.8763,67.7106,21.385,-0.9924,-51.6597,25.1756,1.8574,-13.7727,-10.6276,15.456,10.3773,1.0704,-3.3752,0.0009,-0.0155,0.0067,111.45,124.85,190.85,173.12,19.86
4,1,26,0.1508,1,0.0632,-0.1812,0.1118,-20.4603,-20.7153,-12.3432,67.6736,21.5742,-1.182,-51.2788,25.4982,1.9367,-13.3695,-10.1544,15.7709,8.9,1.1849,-3.2338,0.0006,-0.0145,0.0059,111.35,125.23,190.64,174.48,19.23
4,1,27,0.1566,1,0.0626,-0.1806,0.1122,-19.869,-21.0001,-12.8188,67.6818,21.7605,-1.3855,-50.9031,25.8623,2.1027,-12.9973,-9.6175,16.0262,7.5022,1.2234,-3.0957,0.0001,-0.0136,0.0051,111.2,125.61,190.45,175.74,18.66
4,1,28,0.1624,1,0.0621,-0.1799,0.1125,-19.2995,-21.2493,-13.3075,67.7073,21.9385,-1.6008,-50.5192,26.2675,2.3511,-12.6273,-9.0164,16.2172,6.1418,1.1847,-2.9575,-0.0004,-0.0127,0.0042,111.03,125.99,190.27,176.92,18.11
4,1,29,0.1682,1,0.0616,-0.1792,0.1128,-18.7604,-21.4659,-13.8106,67.7614,22.108,-1.8164,-50.1297,26.7126,2.6738,-12.2719,-8.3594,16.3444,4.833,1.075,-2.818,-0.0012,-0.0118,0.0033,110.82,126.38,190.11,178.03,17.59
4,1,30,0.174,1,0.0611,-0.1784,0.113,-18.2533,-21.6555,-14.3343,67.8534,22.2662,-2.0119,-49.734,27.1908,3.0572,-11.9334,-7.6558,16.408,3.5765,0.9064,-2.6758,-0.002,-0.0109,0.0024,110.57,126.78,189.96,179.06,17.11
4,1,31,0.1798,1,0.0606,-0.1777,0.1132,-17.7605,-21.8194,-14.8832,67.9717,22.4101,-2.1827,-49.328,27.7008,3.4923,-11.5965,-6.9091,16.4074,2.3438,0.6817,-2.5304,-0.0029,-0.0102,0.0014,110.28,127.2,189.83,180.03,16.64
4,1,32,0.1856,1,0.0601,-0.1769,0.1133,-17.3119,-21.9638,-15.4636,68.1577,22.539,-2.2986,-48.9165,28.2353,3.9611,-11.2933,-6.1302,16.345,1.1675,0.4175,-2.3791,-0.004,-0.0095,0.0005,109.9,127.61,189.73,180.94,16.21
4,1,33,0.1914,1,0.0597,-0.1762,0.1134,-16.8765,-22.0892,-16.0806,68.3845,22.651,-2.3591,-48.4963,28.7928,4.4535,-11.2587,-5.3276,16.2179,0.2671,0.1293,-2.2243,-0.0052,-0.0088,-0.0004,109.48,128.03,189.9,181.6,15.79
4,1,34,0.1972,1,0.0593,-0.1754,0.1133,-16.4794,-22.1992,-16.7367,68.6886,22.7468,-2.3452,-48.0736,29.369,4.9545,-12.0843,-4.5085,16.0273,0.2297,-0.1556,-2.0689,-0.0065,-0.0084,-0.0013,108.96,128.45,190.92,181.52,15.42
4,1,35,0.203,1,0.0589,-0.1746,0.1132,-16.1116,-22.2949,-17.4322,69.0594,22.8268,-2.2582,-47.6458,29.9649,5.4524,-12.3599,-3.6845,15.7685,-0.3621,-0.4829,-1.9182,-0.0078,-0.0079,-0.0022,108.37,128.86,191.41,181.88,15.08
4,1,36,0.2088,1,0.0585,-0.1738,0.1131,-15.7718,-22.3774,-18.1656,69.4947,22.8927,-2.1002,-47.2154,30.5809,5.942,-12.123,-2.8618,15.4386,-1.4735,-0.8461,-1.7636,-0.0092,-0.0076,-0.003,107.7,129.25,191.4,182.66,14.76
4,1,37,0.2146,1,0.0582,-0.173,0.1129,-15.4733,-22.4479,-18.9288,70.0071,22.948,-1.8819,-46.781,31.2218,6.4109,-11.9211,-2.0497,15.0375,-2.5681,-1.2183,-1.6064,-0.0105,-0.0074,-0.0036,106.94,129.63,191.42,183.42,14.49
4,1,38,0.2204,1,0.0578,-0.1721,0.1126,-15.1885,-22.5064,-19.7115,70.549,22.9948,-1.6361,-46.3448,31.8927,6.8627,-11.7334,-1.2575,14.5588,-3.6574,-1.5977,-1.4466,-0.0119,-0.0073,-0.0042,106.16,129.99,191.47,184.17,14.23
4,1,39,0.2262,1,0.0574,-0.1713,0.1123,-14.9508,-22.5533,-20.5027,71.1501,23.0384,-1.3725,-45.8869,32.6002,7.2935,-11.5911,-0.4864,14.0059,-4.7311,-1.9817,-1.284,-0.0131,-0.0074,-0.0047,105.31,130.35,191.56,184.9,14.01
4,1,40,0.232,1,0.057,-0.1705,0.1119,-14.7279,-22.5889,-21.2791,71.7479,23.0844,-1.1505,-45.416,33.3531,7.7099,-11.4635,0.251,13.3768,-5.8047,-2.3605,-1.1186,-0.0143,-0.0075,-0.005,104.48,130.71,191.67,185.65,13.81
4,1,41,0.2378,1,0.0566,-0.1697,0.1115,-14.5331,-22.6129,-22.0285,72.3475,23.136,-0.9863,-44.9212,34.1543,8.1127,-11.3574,0.9515,12.6749,-6.8797,-2.7278,-0.9487,-0.0153,-0.0078,-0.0052,103.67,131.09,191.8,186.42,13.64
4,1,42,0.2436,1,0.0562,-0.1689,0.111,-14.3595,-22.6278,-22.7206,72.9158,23.2023,-0.9346,-44.4019,35.01,8.5087,-11.2404,1.6067,11.91,-7.9847,-3.0648,-0.7753,-0.0162,-0.0083,-0.0052,102.9,131.49,191.94,187.24,13.49
4,1,43,0.2494,1,0.0558,-0.1681,0.1105,-14.1985,-22.633,-23.3377,73.436,23.2854,-1.0241,-43.866,35.9215,8.8963,-11.1184,2.2056,11.0863,-9.1092,-3.351,-0.6,-0.017,-0.0089,-0.0051,102.22,131.93,192.08,188.13,13.34
4,1,44,0.2552,1,0.0553,-0.1673,0.1099,-14.0587,-22.6313,-23.858,73.8945,23.3887,-1.2818,-43.3059,36.8856,9.2849,-10.8988,2.7431,10.2205,-10.3458,-3.5622,-0.423,-0.0176,-0.0097,-0.0048,101.64,132.42,192.13,189.19,13.22
4,1,45,0.261,1,0.0548,-0.1666,0.1093,-13.924,-22.6227,-24.2579,74.2737,23.5127,-1.74,-42.7372,37.9027,9.6674,-10.6329,3.2037,9.3192,-11.6342,-3.6584,-0.2554,-0.018,-0.0107,-0.0045,101.18,132.97,192.15,190.4,13.1
4,1,46,0.2668,1,0.0544,-0.1659,0.1086,-13.8014,-22.6089,-24.5318,74.5724,23.6542,-2.397,-42.1705,38.9642,10.0478,-10.1844,3.58,8.3973,-13.1041,-3.6205,-0.0998,-0.0184,-0.0119,-0.004,100.84,133.57,191.99,191.91,12.98
4,1,47,0.2726,1,0.0538,-0.1652,0.108,-13.6845,-22.5894,-24.663,74.7875,23.8036,-3.2588,-41.6168,40.0636,10.4194,-9.5739,3.849,7.4603,-14.7193,-3.3867,0.0202,-0.0186,-0.0132,-0.0034,100.65,134.23,191.65,193.75,12.87
4,1,48,0.2784,1,0.0534,-0.1647,0.1072,-13.5745,-22.5636,-24.6532,74.9236,23.9534,-4.3119,-41.0805,41.1931,10.7828,-8.763,4.0049,6.5145,-16.5121,-2.9433,0.0841,-0.0188,-0.0147,-0.0027,100.57,134.96,191.08,196.0,12.76
4,1,49,0.2842,1,0.0528,-0.1642,0.1065,-13.4754,-22.5298,-24.5151,74.9985,24.0876,-5.5117,-40.6152,42.3385,11.1373,-7.56,4.0282,5.5654,-18.6221,-2.2608,0.0641,-0.019,-0.0164,-0.0019,100.6,135.71,190.03,198.88,12.65
4,1,50,0.29,1,0.0524,-0.1638,0.1057,-13.3803,-22.4834,-24.2573,75.0242,24.193,-6.8316,-40.164,43.4947,11.4758,-6.2019,3.9184,4.6048,-20.8522,-1.3353,-0.0906,-0.0191,-0.0181,-0.0011,100.71,136.54,188.7,202.26,12.55
4,1,51,0.2958,1,0.0519,-0.1635,0.1049,-13.3058,-22.4227,-23.9055,75.0216,24.26,-8.2065,-39.8887,44.6442,11.8174,-4.0697,3.6619,3.6413,-23.6542,-0.1863,-0.4136,-0.0192,-0.02,-0.0003,100.88,137.29,186.29,206.76,12.46
4,1,52,0.3016,1,0.0515,-0.1633,0.1041,-13.2388,-22.3396,-23.485,75.0189,24.2738,-9.5764,-39.6684,45.7766,12.148,-1.6375,3.2841,2.6614,-26.6561,1.1326,-0.9845,-0.0194,-0.022,0.0006,101.06,138.06,183.26,212.02,12.38
4,1,53,0.3074,1,0.0512,-0.1632,0.1033,-13.1912,-22.2319,-23.0186,75.0284,24.2333,-10.8905,-39.6233,46.879,12.49,1.5661,2.794,1.672,-30.1886,2.5486,-1.8599,-0.0196,-0.0239,0.0014,101.23,138.71,178.88,218.58,12.32
4,1,54,0.3132,1,0.0509,-0.1632,0.1025,-13.162,-22.091,-22.543,75.0789,24.1331,-12.0635,-39.743,47.9302,12.8514,5.5187,2.2482,0.6876,-34.1983,3.8976,-3.1203,-0.0198,-0.0259,0.0022,101.35,139.21,173.02,226.39,12.28
4,1,55,0.319,1,0.0507,-0.1634,0.1018,-13.1477,-21.9145,-22.0715,75.1922,23.9739,-13.0617,-39.9979,48.9219,13.2236,10.0763,1.6806,-0.2739,-38.5922,5.0498,-4.807,-0.02,-0.0278,0.003,101.41,139.53,165.81,235.26,12.25
4,1,56,0.3248,1,0.0506,-0.1636,0.101,-13.1671,-21.7002,-21.6366,75.3511,23.7676,-13.8186,-40.526,49.8249,13.6762,15.9223,1.1587,-1.1633,-43.7298,5.7299,-6.9589,-0.0203,-0.0296,0.0037,101.39,139.5,156.31,245.48,12.25
4,1,57,0.3306,1,0.0505,-0.164,0.1003,-13.2004,-21.447,-21.2453,75.6091,23.5121,-14.3121,-41.1522,50.6328,14.1345,22.1752,0.7099,-1.917,-49.0244,5.7999,-9.4899,-0.0206,-0.0314,0.0043,101.26,139.22,146.17,255.46,12.27
4,1,58,0.3364,1,0.0506,-0.1644,0.0997,-13.2892,-21.1565,-20.9084,75.904,23.2243,-14.513,-42.0478,51.3111,14.7263,29.7802,0.374,-2.4844,-54.8925,4.9673,-12.3141,-0.0209,-0.0328,0.0048,101.07,138.5,134.52,265.0,12.34
4,1,59,0.3422,1,0.0507,-0.1648,0.0991,-13.4118,-20.8339,-20.6248,76.2815,22.9,-14.423,-43.0503,51.8522,15.3531,37.776,0.1158,-2.7637,-60.6662,3.2183,-15.1955,-0.0212,-0.0342,0.0053,100.77,137.47,123.42,272.12,12.45
4,1,60,0.348,1,0.0509,-0.1654,0.0985,-13.5894,-20.4827,-20.3927,76.7037,22.5448,-14.0471,-44.2122,52.2364,16.0681,46.4389,-0.085,-2.726,-66.3798,0.4731,-17.9133,-0.0215,-0.0353,0.0057,100.4,136.09,112.85,276.48,12.62
4,1,61,0.3538,1,0.0512,-0.1659,0.0981,-13.8512,-20.1131,-20.1979,77.154,22.1627,-13.4152,-45.4893,52.4436,16.8798,55.3224,-0.3117,-2.3313,-71.6719,-3.0569,-20.2641,-0.0218,-0.0362,0.006,99.99,134.45,103.39,277.95,12.87
4,1,62,0.3596,1,0.0516,-0.1666,0.0977,-14.1566,-19.7298,-20.0318,77.6458,21.7354,-12.5688,-46.8644,52.4866,17.6792,64.3102,-0.6349,-1.5966,-76.6307,-7.2394,-22.1115,-0.022,-0.0368,0.0061,99.51,132.62,95.03,277.47,13.16
4,1,63,0.3654,1,0.052,-0.1672,0.0974,-14.6167,-19.3436,-19.8759,78.129,21.2834,-11.5321,-48.3499,52.329,18.6135,72.7638,-1.142,-0.5762,-80.6857,-11.5253,-23.541,-0.0222,-0.0371,0.0062,99.03,130.63,87.95,275.82,13.61
4,1,64,0.3712,0,0.0525,-0.1678,0.0972,-15.1267,-18.9592,-19.716,78.6313,20.7686,-10.386,-49.9418,52.0144,19.4555,80.8812,-1.8936,0.6279,-84.39,-15.8271,-24.5536,-0.0224,-0.0372,0.0062,98.52,128.58,81.88,274.18,14.11
4,1,65,0.377,0,0.053,-0.1684,0.097,-15.7844,-18.5822,-19.5407,79.135,20.2046,-9.1425,-51.6882,51.5203,20.3121,87.8864,-2.9409,1.9063,-87.0636,-19.556,-25.5572,-0.0225,-0.037,0.0062,98.0,126.45,77.1,272.6,14.76
4,1,66,0.3828,0,0.0536,-0.169,0.0969,-16.535,-18.2189,-19.3345,79.6465,19.5681,-7.8684,-53.6142,50.8786,21.0515,94.0106,-4.251,3.0614,-89.1278,-22.5473,-26.6434,-0.0226,-0.0367,0.006,97.47,124.28,73.38,271.47,15.5
4,1,67,0.3886,0,0.0541,-0.1696,0.0969,-17.3858,-17.8711,-19.091,80.1616,18.8523,-6.5857,-55.7349,50.0958,21.6625,99.1983,-5.7922,3.982,-90.5467,-24.6252,-28.0139,-0.0226,-0.0361,0.0058,96.92,122.06,70.65,270.62,16.34
4,1,68,0.3944,0,0.0548,-0.1701,0.0969,-18.3696,-17.5405,-18.8033,80.6945,18.0553,-5.3166,-58.1303,49.1858,22.1471,102.9859,-7.4269,4.4814,-90.9989,-25.2869,-29.9519,-0.0225,-0.0354,0.0055,96.34,119.72,69.07,269.68,17.31
4,1,69,0.4002,0,0.0554,-0.1706,0.097,-19.3998,-17.2277,-18.4687,81.2098,17.1584,-4.0987,-60.6943,48.1726,22.4249,106.3023,-9.0151,4.5194,-91.3934,-24.9416,-31.9606,-0.0224,-0.0344,0.0052,95.77,117.38,67.94,269.05,18.33
4,1,70,0.406,0,0.056,-0.1712,0.0972,-20.5709,-16.9315,-18.0888,81.7376,16.169,-2.9139,-63.5233,47.0509,22.5726,107.9144,-10.4031,4.0355,-90.8159,-22.738,-34.4212,-0.0222,-0.0334,0.0048,95.18,114.91,67.99,267.89,19.49
4,1,71,0.4118,0,0.0567,-0.1716,0.0974,-21.777,-16.6536,-17.6694,82.2336,15.0787,-1.7962,-66.4508,45.85,22.5122,108.992,-11.4175,3.1241,-90.325,-19.4381,-36.5086,-0.0219,-0.0322,0.0044,94.6,112.46,68.3,266.85,20.68
4,1,72,0.4176,0,0.0573,-0.1721,0.0978,-23.0581,-16.3912,-17.2145,82.6966,13.8934,-0.7429,-69.4621,44.572,22.2971,108.7999,-11.966,1.8758,-89.3949,-14.6594,-38.2209,-0.0216,-0.031,0.0039,94.04,110.0,69.39,265.48,21.94
4,1,73,0.4234,0,0.058,-0.1725,0.0981,-24.3828,-16.1465,-16.7378,83.0907,12.6325,0.2322,-72.4006,43.2333,21.9429,107.386,-12.0007,0.4882,-87.9219,-8.7519,-39.2135,-0.0212,-0.0298,0.0034,93.52,107.65,71.26,263.67,23.25
4,1,74,0.4292,0,0.0586,-0.1729,0.0986,-25.7373,-15.9191,-16.2439,83.4265,11.316,1.1121,-75.3123,41.8589,21.4381,105.0802,-11.529,-0.8997,-86.0138,-2.1256,-39.2201,-0.0206,-0.0285,0.0027,93.05,105.33,73.76,261.44,24.58
4,1,75,0.435,0,0.0593,-0.1733,0.0991,-27.1198,-15.7099,-15.7477,83.6062,9.9812,1.8902,-77.8334,40.4388,20.8969,100.9362,-10.6637,-2.0801,-82.545,5.2642,-38.0884,-0.02,-0.0273,0.0021,92.73,103.33,77.77,257.83,25.95
4,1,76,0.4408,0,0.0599,-0.1736,0.0997,-28.5035,-15.5203,-15.2544,83.6994,8.6766,2.5424,-80.249,39.026,20.2611,96.2414,-9.5013,-2.9819,-78.161,12.3577,-35.632,-0.0193,-0.026,0.0013,92.49,101.38,82.34,253.14,27.32
4,1,77,0.4466,0,0.0606,-0.174,0.1003,-29.8717,-15.3513,-14.7703,83.5526,7.4412,3.0646,-82.0688,37.5912,19.6659,90.1838,-8.1975,-3.4984,-71.7916,19.0512,-31.6945,-0.0186,-0.0249,0.0005,92.5,99.9,88.23,246.45,28.67
4,1,78,0.4524,0,0.0612,-0.1744,0.101,-31.2102,-15.2063,-14.297,83.2303,6.357,3.4436,-83.5702,36.1725,19.0889,83.8327,-6.8902,-3.6285,-64.0709,24.4532,-26.5115,-0.0177,-0.0238,-0.0003,92.71,98.63,94.5,238.3,29.99
4,1,79,0.4582,0,0.0618,-0.1747,0.1018,-32.5068,-15.0866,-13.8346,82.677,5.4588,3.6881,-84.5876,34.7609,18.5821,77.0931,-5.6813,-3.3841,-54.9394,28.3429,-20.3681,-0.0167,-0.0228,-0.0012,93.19,97.71,101.22,229.02,31.27
4,1,80,0.464,0,0.0624,-0.1751,0.1025,-33.7226,-14.9954,-13.3768,81.8159,4.8139,3.8028,-84.9705,33.3443,18.208,70.394,-4.6803,-2.8071,-45.1866,30.5104,-14.0483,-0.0157,-0.0218,-0.0021,94.03,97.3,107.94,219.85,32.47
4,1,81,0.4698,0,0.063,-0.1754,0.1033,-34.9023,-14.9359,-12.9156,80.7907,4.4598,3.8063,-85.0883,31.947,17.924,63.7137,-3.9083,-1.9736,-35.1244,31.2191,-7.9785,-0.0146,-0.0209,-0.003,95.1,97.05,114.71,211.02,33.63
4,1,82,0.4756,0,0.0635,-0.1758,0.1041,-35.9462,-14.9089,-12.4418,79.3614,4.4245,3.7148,-84.3108,30.5109,17.8325,57.394,-3.391,-0.923,-25.7528,30.7201,-3.0631,-0.0135,-0.0202,-0.0039,96.64,97.56,121.13,203.62,34.66
4,1,83,0.4814,0,0.0641,-0.1761,0.1048,-36.9506,-14.9181,-11.941,77.7997,4.7357,3.5428,-83.3183,29.0847,17.8654,51.4562,-3.0909,0.248,-17.0772,29.479,0.7885,-0.0124,-0.0195,-0.0048,98.38,98.22,127.22,197.05,35.65
4,1,84,0.4872,0,0.0646,-0.1763,0.1055,-37.8473,-14.9616,-11.4059,75.9703,5.3903,3.3027,-81.703,27.6291,18.0632,46.6954,-2.9672,1.5096,-10.2235,27.8778,2.985,-0.0112,-0.0189,-0.0055,100.46,99.42,132.15,192.35,36.53
4,1,85,0.493,0,0.0652,-0.1766,0.1062,-38.6798,-15.0378,-10.8243,74.0102,6.3894,2.9883,-79.7463,26.1776,18.4316,41.627,-2.9573,2.7847,-3.4186,26.0794,4.6298,-0.0101,-0.0184,-0.0062,102.73,100.93,137.44,187.64,37.34
4,1,86,0.4988,0,0.0657,-0.1768,0.1067,-39.4539,-15.1444,-10.1935,71.9268,7.7262,2.5944,-77.4687,24.7225,18.9893,36.2709,-3.0209,4.0454,3.3472,24.1594,5.7687,-0.0091,-0.018,-0.0067,105.19,102.76,143.05,182.88,38.09
4,1,87,0.5046,0,0.0662,-0.1769,0.1072,-40.1477,-15.2728,-9.5145,69.7969,9.3527,2.1006,-74.8516,23.3078,19.7276,31.4241,-3.0846,5.2461,8.9951,22.2521,6.1544,-0.0082,-0.0177,-0.0072,107.76,104.93,148.16,179.16,38.77
4,1,88,0.5104,0,0.0668,-0.177,0.1076,-40.8146,-15.4137,-8.796,67.6256,11.2502,1.4817,-72.1138,21.9264,20.7125,26.7591,-3.1425,6.3501,14.2085,20.3258,6.1412,-0.0075,-0.0175,-0.0074,110.41,107.26,153.07,175.81,39.41
4,1,89,0.5162,0,0.0674,-0.1771,0.1079,-41.3928,-15.5592,-8.0489,65.5512,13.3689,0.7082,-69.2459,20.6561,21.8835,22.8122,-3.1416,7.3496,18.0491,18.4568,5.5631,-0.0068,-0.0173,-0.0074,113.02,109.73,157.22,173.78,39.96
4,1,90,0.522,0,0.068,-0.1771,0.1081,-41.9359,-15.6939,-7.3029,63.5208,15.6474,-0.2462,-66.3981,19.4899,23.3154,19.1489,-3.0935,8.204,21.3818,16.5464,4.7583,-0.0064,-0.0173,-0.0073,115.61,112.18,161.03,172.12,40.48
4,1,91,0.5278,0,0.0686,-0.1771,0.1083,-42.412,-15.8113,-6.5724,61.6241,18.0403,-1.4022,-63.6274,18.4807,24.9655,16.0174,-2.9842,8.9133,23.8171,14.6012,3.6848,-0.0061,-0.0174,-0.007,118.09,114.51,164.25,171.12,40.93
4,1,92,0.5336,0,0.0692,-0.1771,0.1083,-42.8062,-15.8961,-5.8992,59.9172,20.4467,-2.767,-61.0564,17.6902,26.7807,13.3052,-2.8186,9.4669,25.627,12.5864,2.4589,-0.0058,-0.0175,-0.0066,120.39,116.58,166.98,170.33,41.3
4,1,93,0.5394,0,0.0699,-0.177,0.1082,-43.15,-15.9448,-5.3033,58.2914,22.8114,-4.319,-58.5932,17.0684,28.774,10.864,-2.6134,9.8599,27.0557,10.4761,1.1743,-0.0058,-0.0178,-0.0059,122.58,118.47,169.38,169.41,41.62
4,1,94,0.5452,0,0.0706,-0.177,0.1081,-43.3437,-15.9506,-4.8169,57.0323,25.0302,-6.0563,-56.5303,16.8191,30.7492,8.7848,-2.3721,10.1105,28.0249,8.2894,-0.1628,-0.0059,-0.0182,-0.0052,124.37,119.83,171.35,168.18,41.8
4,1,95,0.551,0,0.0713,-0.1769,0.108,-43.4846,-15.9128,-4.4605,55.8649,27.0321,-7.8664,-54.5726,16.75,32.7198,6.79,-2.1302,10.2254,28.9258,6.0459,-1.4473,-0.006,-0.0189,-0.0044,125.97,121.06,173.16,166.3,41.93
4,1,96,0.5568,0,0.0721,-0.177,0.1077,-43.4514,-15.8331,-4.2445,55.0689,28.7493,-9.7507,-53.0028,17.0775,34.5005,4.9159,-1.8949,10.2275,29.7045,3.7721,-2.6819,-0.0061,-0.0196,-0.0034,127.1,121.82,174.76,163.64,41.88
4,1,97,0.5626,0,0.0728,-0.1769,0.1075,-43.3082,-15.7575,-3.9591,54.2581,30.596,-12.0024,-51.6202,17.6195,36.4885,3.0542,-1.6263,10.2143,30.504,1.4257,-3.9801,-0.0062,-0.0204,-0.0024,128.32,122.19,176.33,160.43,41.73
4,1,98,0.5684,0,0.0736,-0.177,0.1072,-43.0286,-15.6171,-3.9087,53.6901,31.9724,-14.2501,-50.4116,18.5408,38.2435,1.2175,-1.3986,10.0393,31.2991,-0.9641,-5.1895,-0.0062,-0.0214,-0.0014,129.09,122.47,177.8,155.78,41.45
4,1,99,0.5742,0,0.0744,-0.1771,0.1068,-42.557,-15.4315,-4.0961,53.507,32.7775,-16.2166,-49.5168,19.7713,39.4229,-0.5864,-1.2561,9.7805,32.038,-3.2722,-6.2671,-0.0062,-0.0225,-0.0004,129.26,122.68,179.19,150.12,40.98
4,1,100,0.58,0,0.0751,-0.1772,0.1065,-42.0121,-15.2229,-4.4742,53.723,33.0621,-17.6129,-48.8229,21.052,39.8948,-2.3966,-1.222,9.5201,32.779,-5.3729,-7.1769,-0.0062,-0.0214,-0.0014,128.87,123.07,180.56,144.57,40.45
5,1,0,0.0,0,0.0681,-0.1744,0.1086,-42.0121,-15.2229,-4.4742,53.723,33.0621,-17.6129,-48.8229,21.052,39.8948,-2.3966,-1.222,9.5201,32.779,-5.3729,-7.1769,0.0,0.0,0.0,128.87,123.07,180.56,144.57,40.45
5,1,1,0.0058,1,0.0687,-0.1748,0.1082,-41.2467,-15.0419,-4.9864,54.7261,32.5781,-17.7807,-48.8411,22.2053,38.9269,-4.0412,-1.3995,9.3957,33.2544,-6.7696,-7.6798,-0.0,-0.0004,0.0003,127.58,123.16,181.75,141.71,39.7
5,1,2,0.0116,1,0.0693,-0.1752,0.1079,-40.4405,-14.9072,-5.4723,56.0694,31.8006,-17.2416,-49.1531,23.1113,37.2182,-5.6624,-1.6926,9.3586,33.6594,-7.718,-7.9757,-0.0,-0.0004,0.0003,125.98,123.1,182.9,140.76,38.91
5,1,3,0.0174,1,0.0697,-0.1758,0.1077,-39.4854,-14.8419,-5.8757,57.6482,30.7714,-16.1665,-49.8864,23.8153,34.8265,-7.1199,-2.0971,9.3719,33.8141,-8.2263,-8.0671,-0.0002,-0.0019,0.0016,124.18,122.65,183.92,141.34,37.97
5,1,4,0.0232,1,0.0701,-0.1764,0.1075,-38.4816,-14.8574,-6.173,59.2756,29.6265,-14.7413,-50.8024,24.2814,32.0301,-8.4862,-2.5841,9.3963,33.833,-8.3711,-8.0123,-0.0002,-0.0035,0.0029,122.39,122.06,184.87,142.7,36.98
5,1,5,0.029,1,0.0705,-0.177,0.1073,-37.4141,-14.8602,-6.4859,60.6751,28.5968,-13.6107,-51.7344,24.719,29.4668,-9.7098,-3.0438,9.419,33.7098,-8.6859,-8.015,-0.0003,-0.0052,0.0041,120.81,121.45,185.82,143.53,35.92
5,1,6,0.0348,1,0.0708,-0.1776,0.1072,-36.3238,-14.9221,-6.7408,61.9804,27.5337,-12.2841,-52.6838,24.9123,26.7367,-10.8174,-3.5573,9.4628,33.4316,-8.7726,-7.9156,-0.0002,-0.007,0.0052,119.35,120.87,186.71,144.73,34.84
5,1,7,0.0406,1,0.071,-0.1782,0.1071,-35.2203,-15.0436,-6.9391,63.2252,26.4645,-10.798,-53.6431,24.8936,23.8811,-11.864,-4.1157,9.5268,33.0614,-8.6396,-7.7309,-0.0001,-0.0087,0.0062,117.97,120.32,187.58,146.1,33.75
5,1,8,0.0464,1,0.0712,-0.1789,0.107,-34.1357,-15.2258,-7.0863,64.2511,25.4559,-9.2696,-54.4193,24.6843,21.0986,-12.7851,-4.7029,9.5992,32.538,-8.3523,-7.4854,0.0001,-0.0105,0.0071,116.82,119.97,188.38,147.53,32.67
5,1,9,0.0522,1,0.0712,-0.1796,0.107,-33.0574,-15.467,-7.1929,65.1749,24.5325,-7.7657,-55.114,24.3886,18.3924,-13.6756,-5.3045,9.6856,31.9748,-7.93,-7.209,0.0003,-0.0122,0.0079,115.8,119.67,189.2,148.87,31.6
5,1,10,0.058,1,0.0712,-0.1803,0.1071,-32.0192,-15.7632,-7.2726,65.8524,23.7255,-6.3457,-55.5385,24.0192,15.9031,-14.4367,-5.9072,9.7831,31.2744,-7.4258,-6.9081,0.0005,-0.0138,0.0086,115.04,119.62,189.93,150.19,30.56
5,1,11,0.0638,1,0.0711,-0.1809,0.1072,-30.993,-16.1064,-7.3465,66.4068,23.0442,-5.0715,-55.8465,23.6713,13.6111,-15.1456,-6.4933,9.9029,30.5311,-6.8643,-6.6081,0.0006,-0.0152,0.0092,114.41,119.64,190.64,151.4,29.54
5,1,12,0.0696,1,0.0709,-0.1816,0.1073,-30.0001,-16.4926,-7.4232,66.7803,22.4938,-3.9614,-55.9608,23.3593,11.5664,-15.7276,-7.0547,10.048,29.6781,-6.2734,-6.3103,0.0008,-0.0165,0.0097,113.98,119.79,191.27,152.59,28.56
5,1,13,0.0754,1,0.0706,-0.1821,0.1075,-29.0283,-16.9086,-7.5264,67.033,22.0649,-3.0313,-55.9603,23.1105,9.7592,-16.1976,-7.571,10.2326,28.7406,-5.6787,-6.0251,0.001,-0.0176,0.01,113.67,120.01,191.82,153.77,27.59
5,1,14,0.0812,1,0.0703,-0.1826,0.1077,-28.0784,-17.3514,-7.6593,67.1708,21.7497,-2.2829,-55.8534,22.9371,8.1835,-16.5548,-8.0342,10.4561,27.717,-5.0867,-5.7555,0.0012,-0.0186,0.0103,113.47,120.29,192.28,154.96,26.65
5,1,15,0.087,1,0.0699,-0.183,0.1079,-27.1594,-17.8058,-7.8346,67.2278,21.5221,-1.682,-55.6704,22.8168,6.8188,-16.7419,-8.4321,10.7262,26.5642,-4.5161,-5.4991,0.0013,-0.0192,0.0104,113.35,120.62,192.6,156.21,25.74
5,1,16,0.0928,1,0.0694,-0.1834,0.1082,-26.2535,-18.2688,-8.0535,67.2261,21.3684,-1.2244,-55.4381,22.7539,5.6369,-16.8575,-8.7552,11.0426,25.3619,-3.962,-5.2627,0.0014,-0.0196,0.0105,113.27,120.96,192.87,157.49,24.85
5,1,17,0.0986,1,0.0688,-0.1836,0.1084,-25.3889,-18.7306,-8.3159,67.1952,21.2677,-0.8651,-55.1689,22.7213,4.6191,-16.7844,-9.0016,11.3998,24.0159,-3.4388,-5.0377,0.0015,-0.0199,0.0104,113.21,121.32,192.97,158.86,24.0
5,1,18,0.1044,1,0.0683,-0.1837,0.1087,-24.5352,-19.1866,-8.6202,67.1432,21.2052,-0.596,-54.876,22.7152,3.7337,-16.6722,-9.1644,11.7954,22.6459,-2.9394,-4.8316,0.0015,-0.0199,0.0102,113.16,121.69,193.05,160.24,23.16
5,1,19,0.1102,1,0.0676,-0.1837,0.109,-23.7268,-19.6318,-8.9634,67.1062,21.1686,-0.3836,-54.5686,22.7228,2.9672,-16.4404,-9.2467,12.2206,21.1884,-2.471,-4.6372,0.0016,-0.0197,0.01,113.08,122.07,193.03,161.69,22.37
5,1,20,0.116,1,0.067,-0.1836,0.1094,-22.9407,-20.0627,-9.3392,67.0769,21.1522,-0.2196,-54.2478,22.7399,2.3004,-16.1775,-9.2487,12.6674,19.7158,-2.0345,-4.4561,0.0015,-0.0193,0.0096,112.97,122.45,192.98,163.15,21.6
5,1,21,0.1218,1,0.0663,-0.1833,0.1097,-22.1958,-20.4781,-9.7454,67.0746,21.1519,-0.0904,-53.915,22.7668,1.7262,-15.8675,-9.1746,13.1286,18.2151,-1.6312,-4.2841,0.0015,-0.0188,0.0092,112.83,122.83,192.88,164.62,20.88
5,1,22,0.1276,1,0.0656,-0.183,0.11,-21.4916,-20.8757,-10.1757,67.0986,21.1685,0.0092,-53.5664,22.8094,1.2383,-15.5457,-9.0317,13.5941,16.7157,-1.2674,-4.1208,0.0014,-0.0181,0.0086,112.66,123.22,192.77,166.08,20.19
5,1,23,0.1334,1,0.0649,-0.1826,0.1103,-20.8184,-21.2556,-10.6295,67.1382,21.2022,0.0741,-53.2034,22.8729,0.8374,-15.2114,-8.8204,14.0579,15.2185,-0.9439,-3.9626,0.0013,-0.0173,0.0081,112.45,123.62,192.65,167.54,19.54
5,1,24,0.1392,1,0.0642,-0.182,0.1106,-20.2019,-21.6183,-11.1051,67.2081,21.2547,0.1131,-52.8119,22.969,0.5246,-14.8912,-8.549,14.5123,13.7449,-0.6645,-3.808,0.0012,-0.0164,0.0074,112.22,124.03,192.52,168.96,18.95
5,1,25,0.145,1,0.0635,-0.1814,0.111,-19.6015,-21.9632,-11.603,67.2762,21.3258,0.1097,-52.4073,23.1045,0.2969,-14.5654,-8.22,14.9518,12.2776,-0.4316,-3.6561,0.0009,-0.0155,0.0067,111.97,124.44,192.38,170.37,18.37
5,1,26,0.1508,1,0.0628,-0.1808,0.1113,-19.0772,-22.2926,-12.1238,67.3788,21.4162,0.085,-51.9599,23.2884,0.164,-14.2663,-7.8363,15.3703,10.8495,-0.2467,-3.5041,0.0006,-0.0145,0.0059,111.69,124.88,192.25,171.73,17.87
5,1,27,0.1566,1,0.062,-0.18,0.1115,-18.5678,-22.6078,-12.6727,67.4764,21.5222,0.0235,-51.4966,23.5251,0.1135,-13.9629,-7.4005,15.7617,9.4309,-0.1118,-3.3518,0.0001,-0.0136,0.0051,111.4,125.33,192.11,173.06,17.38
5,1,28,0.1624,1,0.0614,-0.1792,0.1118,-18.1123,-22.9097,-13.2502,67.5924,21.6421,-0.0568,-50.9965,23.8178,0.1497,-13.6748,-6.9154,16.1202,8.0437,-0.0253,-3.1959,-0.0004,-0.0127,0.0042,111.09,125.8,191.98,174.35,16.95
5,1,29,0.1682,1,0.0607,-0.1784,0.112,-17.6843,-23.2019,-13.865,67.7204,21.7702,-0.1444,-50.4752,24.1637,0.2579,-13.3875,-6.3829,16.4371,6.675,0.0139,-3.0388,-0.0012,-0.0118,0.0033,110.74,126.29,191.85,175.6,16.55
5,1,30,0.174,1,0.06,-0.1775,0.1122,-17.2919,-23.485,-14.5193,67.8671,21.9042,-0.2283,-49.927,24.5626,0.4353,-13.1078,-5.8064,16.7084,5.3327,0.007,-2.8785,-0.002,-0.0109,0.0024,110.36,126.8,191.72,176.81,16.18
5,1,31,0.1798,1,0.0593,-0.1766,0.1123,-16.9332,-23.7617,-15.2195,68.0497,22.0352,-0.2765,-49.3599,25.0032,0.6624,-12.8436,-5.1898,16.9205,4.0268,-0.0397,-2.7162,-0.0029,-0.0102,0.0014,109.93,127.32,191.61,177.96,15.85
5,1,32,0.1856,1,0.0587,-0.1758,0.1124,-16.594,-24.0339,-15.9689,68.2631,22.1638,-0.283,-48.7783,25.4834,0.9324,-12.583,-4.5366,17.0686,2.741,-0.1273,-2.5514,-0.004,-0.0095,0.0005,109.44,127.85,191.5,179.07,15.54
5,1,33,0.1914,1,0.058,-0.1749,0.1124,-16.2955,-24.3026,-16.7699,68.5456,22.2848,-0.2127,-48.1939,25.9921,1.2289,-12.3564,-3.8534,17.1421,1.5119,-0.2514,-2.3869,-0.0052,-0.0088,-0.0004,108.87,128.36,191.43,180.11,15.27
5,1,34,0.1972,1,0.0574,-0.174,0.1124,-16.0062,-24.5679,-17.6225,68.8715,22.398,-0.067,-47.605,26.525,1.5462,-12.21,-3.1422,17.1314,0.3766,-0.412,-2.2213,-0.0065,-0.0084,-0.0013,108.23,128.86,191.43,181.05,15.01
5,1,35,0.203,1,0.0568,-0.1731,0.1124,-15.7535,-24.8297,-18.5266,69.295,22.5028,0.1789,-47.0435,27.0765,1.8697,-13.1317,-2.4112,17.029,0.3322,-0.5741,-2.0684,-0.0078,-0.0079,-0.0022,107.47,129.31,192.48,181.03,14.79
5,1,36,0.2088,1,0.0562,-0.1722,0.1122,-15.5123,-25.0864,-19.4743,69.7809,22.6019,0.5145,-46.4935,27.6433,2.2011,-13.7441,-1.6617,16.8268,-0.0078,-0.7968,-1.9211,-0.0092,-0.0076,-0.003,106.64,129.72,193.22,181.23,14.59
5,1,37,0.2146,1,0.0556,-0.1714,0.1121,-15.2986,-25.3362,-20.4632,70.3641,22.6936,0.9469,-45.9806,28.2259,2.5312,-13.5973,-0.8987,16.5195,-1.0862,-1.0948,-1.7686,-0.0105,-0.0074,-0.0036,105.7,130.05,193.23,182.03,14.41
5,1,38,0.2204,1,0.055,-0.1706,0.1118,-15.1037,-25.5728,-21.4722,71.0202,22.7839,1.445,-45.4956,28.8272,2.8703,-13.4646,-0.123,16.1011,-2.1332,-1.447,-1.6186,-0.0119,-0.0073,-0.0042,104.68,130.32,193.25,182.77,14.25
5,1,39,0.2262,1,0.0544,-0.1698,0.1115,-14.9278,-25.794,-22.4938,71.7432,22.8732,1.998,-45.0375,29.4498,3.22,-13.3477,0.6605,15.571,-3.1485,-1.8535,-1.4693,-0.0131,-0.0074,-0.0047,103.6,130.53,193.29,183.45,14.11
5,1,40,0.232,1,0.0538,-0.169,0.1112,-14.7743,-25.9899,-23.497,72.5241,22.964,2.5576,-44.6143,30.1014,3.5853,-13.2379,1.4506,14.9326,-4.1349,-2.3151,-1.3187,-0.0143,-0.0075,-0.005,102.48,130.66,193.36,184.07,13.99
5,1,41,0.2378,1,0.0532,-0.1682,0.1108,-14.6293,-26.1555,-24.4642,73.3171,23.0585,3.0892,-44.1992,30.7865,3.9797,-13.133,2.243,14.1885,-5.1094,-2.8272,-1.1649,-0.0153,-0.0078,-0.0052,101.36,130.77,193.44,184.66,13.87
5,1,42,0.2436,1,0.0527,-0.1675,0.1104,-14.4987,-26.2827,-25.3631,74.1222,23.1591,3.5434,-43.8124,31.5133,4.3986,-13.0008,3.03,13.349,-6.0917,-3.3756,-1.0041,-0.0162,-0.0083,-0.0052,100.27,130.84,193.52,185.25,13.77
5,1,43,0.2494,1,0.0521,-0.1668,0.1099,-14.3669,-26.3669,-26.1653,74.8772,23.269,3.8672,-43.418,32.289,4.8589,-12.8562,3.8041,12.423,-7.0874,-3.9386,-0.8364,-0.017,-0.0089,-0.0051,99.27,130.92,193.61,185.84,13.66
5,1,44,0.2552,1,0.0516,-0.1662,0.1094,-14.2214,-26.403,-26.8488,75.5656,23.3902,4.021,-43.036,33.1181,5.3522,-12.6289,4.5543,11.4227,-8.1572,-4.4965,-0.6585,-0.0176,-0.0097,-0.0048,98.4,131.01,193.64,186.51,13.53
5,1,45,0.261,1,0.051,-0.1656,0.1088,-14.0632,-26.3887,-27.3822,76.1506,23.5196,3.9548,-42.6446,34.006,5.882,-12.3374,5.263,10.3661,-9.2927,-4.9986,-0.4759,-0.018,-0.0107,-0.0045,97.7,131.14,193.64,187.28,13.39
5,1,46,0.2668,1,0.0505,-0.165,0.1082,-13.8822,-26.3228,-27.7587,76.618,23.6558,3.6518,-42.2525,34.9551,6.4441,-11.926,5.9208,9.2625,-10.5455,-5.4282,-0.2884,-0.0184,-0.0119,-0.004,97.18,131.34,193.54,188.21,13.22
5,1,47,0.2726,1,0.0499,-0.1646,0.1076,-13.6845,-26.2082,-27.9638,76.9567,23.7844,3.0921,-41.8632,35.966,7.0243,-11.3396,6.4947,8.136,-11.9629,-5.7057,-0.1106,-0.0186,-0.0132,-0.0034,96.85,131.6,193.3,189.39,13.02
5,1,48,0.2784,1,0.0494,-0.1642,0.1069,-13.4737,-26.0478,-28.0004,77.1752,23.8989,2.2808,-41.4688,37.0388,7.618,-10.6204,6.9773,6.9906,-13.5029,-5.8132,0.0411,-0.0188,-0.0147,-0.0027,96.71,131.95,192.93,190.81,12.81
5,1,49,0.2842,1,0.0489,-0.1638,0.1061,-13.2542,-25.849,-27.8847,77.2772,23.9799,1.2442,-41.1133,38.1682,8.2115,-9.5411,7.3348,5.8479,-15.354,-5.6924,0.1532,-0.019,-0.0164,-0.0019,96.74,132.37,192.2,192.71,12.58
5,1,50,0.29,1,0.0484,-0.1635,0.1054,-13.0319,-25.6169,-27.6349,77.295,24.0145,0.0168,-40.7489,39.3481,8.7846,-8.3612,7.5613,4.7048,-17.2815,-5.3235,0.1744,-0.0191,-0.0181,-0.0011,96.88,132.89,191.33,194.92,12.35
5,1,51,0.2958,1,0.0479,-0.1633,0.1045,-12.8285,-25.3591,-27.2814,77.2482,23.9886,-1.3414,-40.4954,40.5662,9.3424,-6.5348,7.6297,3.5863,-19.718,-4.6876,0.0973,-0.0192,-0.02,-0.0003,97.1,133.42,189.71,197.94,12.13
5,1,52,0.3016,1,0.0474,-0.1632,0.1037,-12.6349,-25.0812,-26.8631,77.1791,23.8912,-2.7659,-40.2652,41.8119,9.8517,-4.5149,7.5469,2.4773,-22.2767,-3.8005,-0.1624,-0.0194,-0.022,0.0006,97.35,134.03,187.73,201.47,11.92
5,1,53,0.3074,1,0.047,-0.1632,0.1029,-12.4796,-24.7873,-26.407,77.1119,23.7198,-4.195,-40.1729,43.0673,10.3283,-1.7993,7.3086,1.3999,-25.3276,-2.6928,-0.6341,-0.0196,-0.0239,0.0014,97.59,134.6,184.76,205.99,11.75
5,1,54,0.3132,1,0.0466,-0.1633,0.102,-12.3518,-24.479,-25.9642,77.0857,23.4728,-5.5323,-40.1853,44.3047,10.7507,1.416,6.946,0.3514,-28.6927,-1.4646,-1.3993,-0.0198,-0.0259,0.0022,97.77,135.15,180.88,211.38,11.6
5,1,55,0.319,1,0.0463,-0.1635,0.1012,-12.2602,-24.1571,-25.547,77.1113,23.155,-6.7476,-40.3433,45.5125,11.126,5.2949,6.4754,-0.6603,-32.485,-0.1982,-2.5057,-0.02,-0.0278,0.003,97.86,135.61,175.77,217.84,11.49
5,1,56,0.3248,1,0.046,-0.1637,0.1004,-12.2092,-23.8196,-25.1975,77.2083,22.7804,-7.7417,-40.7062,46.6438,11.4702,10.0864,5.9699,-1.5936,-36.8118,0.8803,-4.0015,-0.0203,-0.0296,0.0037,97.85,135.89,169.02,225.45,11.43
5,1,57,0.3306,1,0.0458,-0.164,0.0996,-12.1799,-23.4643,-24.9185,77.393,22.3535,-8.5081,-41.2037,47.6918,11.7536,15.3795,5.4557,-2.447,-41.4058,1.6439,-5.8896,-0.0206,-0.0314,0.0043,97.71,136.01,161.16,233.66,11.38
5,1,58,0.3364,1,0.0456,-0.1644,0.0989,-12.1954,-23.0873,-24.7214,77.6187,21.8912,-8.9924,-41.9749,48.6044,12.0705,21.975,5.0035,-3.1449,-46.6422,1.801,-8.1305,-0.0209,-0.0328,0.0048,97.5,135.84,151.32,242.6,11.39
5,1,59,0.3422,1,0.0455,-0.1649,0.0982,-12.2223,-22.6863,-24.5988,77.9433,21.3958,-9.2028,-42.8663,49.3798,12.3193,28.8599,4.6188,-3.6701,-51.8889,1.2713,-10.5895,-0.0212,-0.0342,0.0053,97.16,135.46,141.3,250.7,11.4
5,1,60,0.348,1,0.0455,-0.1654,0.0976,-12.3014,-22.2571,-24.5426,78.2649,20.8804,-9.1213,-44.0084,49.9673,12.666,36.9116,4.3376,-3.9487,-57.4386,-0.1747,-13.0965,-0.0215,-0.0353,0.0057,96.8,134.77,130.45,257.71,11.47
5,1,61,0.3538,1,0.0456,-0.166,0.097,-12.4057,-21.7999,-24.5266,78.6516,20.3426,-8.7853,-45.263,50.3726,12.9802,45.1096,4.1114,-3.9573,-62.723,-2.4245,-15.4277,-0.0218,-0.0362,0.006,96.36,133.86,120.52,262.5,11.57
5,1,62,0.3596,1,0.0457,-0.1665,0.0966,-12.5724,-21.3146,-24.5398,79.035,19.7873,-8.1977,-46.6733,50.5684,13.3755,53.7249,3.927,-3.6652,-67.7383,-5.4588,-17.3997,-0.022,-0.0368,0.0061,95.92,132.71,111.25,265.21,11.73
5,1,63,0.3654,1,0.0459,-0.1671,0.0962,-12.8067,-20.8047,-24.5392,79.4272,19.2114,-7.4242,-48.1818,50.5599,13.8001,62.1925,3.691,-3.09,-72.2526,-8.9433,-18.9119,-0.0222,-0.0371,0.0062,95.48,131.39,103.14,266.29,11.96
5,1,64,0.3712,1,0.0461,-0.1677,0.0958,-13.1087,-20.2712,-24.5169,79.8153,18.6062,-6.4854,-49.793,50.3504,14.2457,70.5171,3.3564,-2.2508,-76.3447,-12.7422,-19.934,-0.0224,-0.0372,0.0062,95.04,129.92,95.94,266.48,12.25
5,1,65,0.377,1,0.0464,-0.1683,0.0956,-13.5482,-19.7229,-24.4349,80.1957,17.9714,-5.4404,-51.5062,49.9494,14.7525,78.0943,2.8353,-1.2452,-79.6628,-16.3299,-20.6745,-0.0225,-0.037,0.0062,94.64,128.32,89.89,266.22,12.68
5,1,66,0.3828,0,0.0468,-0.1688,0.0954,-14.042,-19.1632,-24.2854,80.5649,17.2876,-4.3433,-53.3127,49.3926,15.1959,85.3707,2.086,-0.156,-82.7898,-19.7653,-21.1091,-0.0226,-0.0367,0.006,94.26,126.63,84.48,266.24,13.16
5,1,67,0.3886,0,0.0472,-0.1694,0.0952,-14.7411,-18.6011,-24.051,80.9536,16.5578,-3.2021,-55.3116,48.6783,15.6865,91.2304,1.0771,0.8861,-84.7158,-22.3348,-21.8777,-0.0226,-0.0361,0.0058,93.88,124.75,80.43,265.95,13.85
5,1,68,0.3944,0,0.0477,-0.1698,0.0952,-15.4859,-18.0419,-23.7296,81.3234,15.7593,-2.0929,-57.4233,47.8662,16.0641,96.7448,-0.1699,1.7465,-86.5714,-24.3781,-22.6848,-0.0225,-0.0354,0.0055,93.53,122.82,76.84,266.15,14.57
5,1,69,0.4002,0,0.0482,-0.1703,0.0951,-16.4141,-17.4918,-23.3188,81.7281,14.8921,-1.0032,-59.8116,46.9562,16.4127,100.8202,-1.6205,2.3112,-87.2805,-25.2242,-24.2251,-0.0224,-0.0344,0.0052,93.16,120.66,74.51,265.87,15.48
5,1,70,0.406,0,0.0488,-0.1707,0.0952,-17.4042,-16.9573,-22.8284,82.1173,13.941,0.019,-62.3483,45.9965,16.6497,104.3082,-3.1541,2.4758,-87.7647,-25.1442,-26.0647,-0.0222,-0.0334,0.0048,92.81,118.42,72.69,265.7,16.46
5,1,71,0.4118,0,0.0494,-0.1711,0.0952,-18.5054,-16.441,-22.2628,82.5146,12.9061,0.9761,-65.1132,44.9941,16.8052,106.7311,-4.6886,2.1898,-87.6411,-23.7674,-28.4022,-0.0219,-0.0322,0.0044,92.45,116.02,71.73,265.09,17.53
5,1,72,0.4176,0,0.05,-0.1714,0.0954,-19.6708,-15.9483,-21.6458,82.8869,11.7837,1.8568,-68.0034,43.9768,16.8775,108.1758,-6.0465,1.4643,-87.1512,-21.1199,-30.9003,-0.0216,-0.031,0.0039,92.1,113.56,71.49,264.05,18.68
5,1,73,0.4234,0,0.0507,-0.1717,0.0956,-20.8855,-15.4808,-20.9846,83.235,10.579,2.6528,-70.9922,42.9571,16.8557,108.8963,-7.1396,0.3484,-86.6008,-17.3112,-33.2282,-0.0212,-0.0298,0.0034,91.77,111.04,71.74,262.71,19.87
5,1,74,0.4292,0,0.0513,-0.172,0.0958,-22.1511,-15.0407,-20.3045,83.5218,9.3056,3.3656,-73.9388,41.9375,16.7961,108.1165,-7.8606,-1.0209,-85.4446,-12.0896,-35.2467,-0.0206,-0.0285,0.0027,91.48,108.58,73.14,260.46,21.11
5,1,75,0.435,0,0.052,-0.1723,0.0962,-23.4317,-14.6299,-19.6146,83.7735,7.9827,3.9817,-76.8889,40.9412,16.6501,106.9242,-8.177,-2.5178,-84.397,-6.218,-36.4659,-0.02,-0.0273,0.0021,91.21,106.14,74.78,257.94,22.37
5,1,76,0.4408,0,0.0527,-0.1726,0.0966,-24.7409,-14.2506,-18.9322,83.8888,6.6367,4.5025,-79.479,39.9417,16.53,103.7398,-8.1049,-3.9619,-82.0947,0.8402,-36.7898,-0.0193,-0.026,0.0013,91.06,104.01,78.07,253.87,23.65
5,1,77,0.4466,0,0.0534,-0.1728,0.097,-26.0495,-13.9045,-18.267,83.9401,5.3105,4.914,-81.9604,38.9677,16.3608,100.1712,-7.7003,-5.2298,-79.3538,7.876,-35.9297,-0.0186,-0.0249,0.0005,90.98,101.97,81.67,249.0,24.94
5,1,78,0.4524,0,0.0541,-0.173,0.0975,-27.3547,-13.5923,-17.6253,83.8177,4.0329,5.217,-83.958,37.9899,16.2349,95.2851,-7.0597,-6.2023,-75.0746,14.9652,-33.6941,-0.0177,-0.0238,-0.0003,91.07,100.33,86.41,242.32,26.22
5,1,79,0.4582,0,0.0549,-0.1732,0.0981,-28.6439,-13.3173,-17.0111,83.5562,2.8679,5.4065,-85.6371,37.0097,16.1193,89.9634,-6.2992,-6.8135,-69.5584,21.2425,-30.1373,-0.0167,-0.0228,-0.0012,91.32,98.94,91.53,234.23,27.49
5,1,80,0.464,0,0.0556,-0.1734,0.0987,-29.9124,-13.08,-16.4244,83.1179,1.8387,5.4908,-86.8776,36.0166,16.0389,84.0865,-5.5057,-7.0432,-62.4864,26.4376,-25.2879,-0.0157,-0.0218,-0.0021,91.75,97.88,97.13,224.84,28.74
5,1,81,0.4698,0,0.0563,-0.1736,0.0994,-31.1362,-12.8841,-15.8583,82.4492,1.0123,5.4783,-87.5631,34.9811,16.0141,78.0247,-4.806,-6.8979,-54.2498,30.1195,-19.652,-0.0146,-0.0209,-0.003,92.46,97.25,102.86,215.34,29.94
5,1,82,0.4756,0,0.057,-0.1738,0.1001,-32.3349,-12.7294,-15.3083,81.6425,0.4043,5.3844,-87.9785,33.9174,15.9909,71.8631,-4.221,-6.4286,-45.165,32.3033,-13.6233,-0.0135,-0.0202,-0.0039,93.33,96.78,108.69,206.38,31.12
5,1,83,0.4814,0,0.0578,-0.174,0.1008,-33.4521,-12.6165,-14.7611,80.5388,0.0548,5.2268,-87.6346,32.7795,16.0347,65.7871,-3.8356,-5.6738,-35.9757,33.0292,-8.0779,-0.0124,-0.0195,-0.0048,94.55,96.9,114.41,199.03,32.22
5,1,84,0.4872,0,0.0585,-0.1742,0.1014,-34.5488,-12.5466,-14.2076,79.3468,-0.0278,5.0227,-87.1691,31.6014,16.0532,59.7382,-3.6034,-4.7255,-26.8107,32.6868,-3.1014,-0.0112,-0.0189,-0.0055,95.9,97.06,120.16,192.61,33.3
5,1,85,0.493,0,0.0592,-0.1743,0.1021,-35.5549,-12.518,-13.6358,77.903,0.1715,4.7866,-85.9552,30.3509,16.1082,53.9174,-3.5562,-3.6118,-18.3172,31.5513,0.6352,-0.0101,-0.0184,-0.0062,97.54,97.8,125.72,187.44,34.29
5,1,86,0.4988,0,0.06,-0.1744,0.1027,-36.5335,-12.5283,-13.0354,76.3922,0.6494,4.521,-84.5873,29.0694,16.1607,48.491,-3.6203,-2.4294,-10.5916,29.9533,3.351,-0.0091,-0.018,-0.0067,99.28,98.64,130.97,182.92,35.25
5,1,87,0.5046,0,0.0607,-0.1745,0.1033,-37.4451,-12.5747,-12.4011,74.7597,1.4048,4.2335,-82.7488,27.7501,16.23,44.0796,-3.7801,-1.1924,-4.4511,28.1875,4.6236,-0.0082,-0.0177,-0.0072,101.19,99.87,135.26,179.69,36.14
5,1,88,0.5104,0,0.0615,-0.1745,0.1038,-38.312,-12.6498,-11.7313,73.0938,2.4224,3.9014,-80.6562,26.4428,16.3645,39.327,-3.9724,0.0268,1.6918,26.2556,5.5234,-0.0075,-0.0175,-0.0074,103.15,101.34,139.94,176.17,36.98
5,1,89,0.5162,0,0.0622,-0.1745,0.1042,-39.1342,-12.75,-11.0277,71.3958,3.697,3.5222,-78.3039,25.146,16.5849,34.2351,-4.1707,1.2144,7.8415,24.1981,6.0566,-0.0068,-0.0173,-0.0074,105.18,103.08,144.99,172.34,37.78
5,1,90,0.522,0,0.063,-0.1744,0.1046,-39.8784,-12.864,-10.3069,69.7441,5.1992,3.0557,-75.7321,23.9346,16.9404,29.57,-4.3271,2.3318,12.9638,22.1006,5.986,-0.0064,-0.0173,-0.0073,107.19,105.08,149.64,169.18,38.5
5,1,91,0.5278,0,0.0638,-0.1743,0.1048,-40.5912,-12.9855,-9.5804,68.0882,6.9132,2.4894,-73.0381,22.7856,17.5085,25.0768,-4.434,3.352,17.6344,19.9306,5.5754,-0.0061,-0.0174,-0.007,109.23,107.25,154.12,166.17,39.19
5,1,92,0.5336,0,0.0647,-0.1742,0.105,-41.1705,-13.103,-8.874,66.5955,8.8051,1.7786,-70.3184,21.8091,18.2478,21.2543,-4.4619,4.2681,20.9602,17.7364,4.6813,-0.0058,-0.0175,-0.0066,111.13,109.49,157.91,164.18,39.75
5,1,93,0.5394,0,0.0655,-0.1741,0.1051,-41.7136,-13.2078,-8.2128,65.1203,10.8308,0.9171,-67.5799,20.9485,19.2802,17.5988,-4.4242,5.0456,23.9667,15.4446,3.641,-0.0058,-0.0178,-0.0059,113.02,111.78,161.52,162.18,40.27
5,1,94,0.5452,0,0.0664,-0.1739,0.1052,-42.0981,-13.2938,-7.6175,63.8677,12.9545,-0.1368,-65.0366,20.3291,20.5056,14.5522,-4.3135,5.6856,25.9476,13.0832,2.3534,-0.0059,-0.0182,-0.0052,114.71,113.87,164.48,160.78,40.63
5,1,95,0.551,0,0.0673,-0.1738,0.1052,-42.4029,-13.3505,-7.1224,62.7062,15.0883,-1.36,-62.612,19.9037,21.9616,11.7149,-4.1578,6.1739,27.6482,10.6545,1.0264,-0.006,-0.0189,-0.0044,116.28,115.82,167.2,159.21,40.92
5,1,96,0.5568,0,0.0682,-0.1736,0.1051,-42.5627,-13.3751,-6.7374,61.7381,17.1982,-2.7799,-60.4421,19.7529,23.5837,9.2332,-3.9663,6.5116,28.8691,8.16,-0.3362,-0.0061,-0.0196,-0.0034,117.63,117.46,169.53,157.59,41.07
5,1,97,0.5626,0,0.069,-0.1734,0.105,-42.5776,-13.4181,-6.275,60.9635,19.4094,-4.2933,-58.6605,19.6751,25.0947,6.911,-3.7306,6.8921,29.9118,5.6168,-1.8139,-0.0062,-0.0204,-0.0024,118.85,118.57,171.68,155.86,41.07
5,1,98,0.5684,0,0.07,-0.1733,0.1049,-42.4843,-13.4055,-5.9994,60.2556,21.5339,-6.1296,-56.9926,19.9803,26.9916,4.7586,-3.4722,7.047,30.8044,2.9517,-3.2103,-0.0062,-0.0214,-0.0014,119.93,119.49,173.62,153.51,40.96
5,1,99,0.5742,0,0.0708,-0.1732,0.1048,-42.1789,-13.335,-5.945,59.7485,23.3953,-8.2249,-55.6577,20.7867,28.9656,2.7663,-3.2507,6.9968,31.5542,0.3156,-4.4968,-0.0062,-0.0225,-0.0004,120.7,120.04,175.33,150.42,40.66
5,1,100,0.58,0,0.0717,-0.1732,0.1046,-41.8162,-13.2158,-6.0963,59.3086,24.884,-10.3383,-54.3554,21.8655,30.8317,0.825,-3.1163,6.8023,32.3085,-2.143,-5.6372,-0.0062,-0.0214,-0.0014,121.26,120.67,176.94,146.72,40.3
6,1,0,0.0,0,0.065,-0.1798,0.1047,-41.8162,-13.2158,-6.0963,59.3086,24.884,-10.3383,-54.3554,21.8655,30.8317,0.825,-3.1163,6.8023,32.3085,-2.143,-5.6372,0.0,0.0,0.0,121.26,120.67,176.94,146.72,40.3
6,1,1,0.0058,1,0.0658,-0.18,0.1046,-41.1659,-13.0399,-6.5094,59.3972,25.525,-11.9585,-53.603,23.2574,31.6655,-1.0374,-3.222,6.5553,32.8615,-4.0223,-6.4236,-0.0,-0.0004,0.0003,121.08,121.14,178.41,143.38,39.66
6,1,2,0.0116,1,0.0664,-0.1802,0.1045,-40.4508,-12.8629,-6.9666,59.8247,25.6342,-12.9053,-53.1464,24.4957,31.6078,-2.8664,-3.4874,6.3861,33.3464,-5.4027,-6.9639,-0.0,-0.0004,0.0003,120.5,121.62,179.87,141.07,38.96
6,1,3,0.0174,1,0.067,-0.1805,0.1045,-39.5662,-12.7099,-7.3975,60.6825,25.2492,-13.1178,-53.2584,25.5459,30.511,-4.556,-3.8981,6.3105,33.6046,-6.2825,-7.2554,-0.0002,-0.0019,0.0016,119.47,121.71,181.26,140.19,38.09
6,1,4,0.0232,1,0.0675,-0.181,0.1045,-38.5927,-12.6051,-7.7401,61.8166,24.5211,-12.6628,-53.7736,26.2882,28.5712,-6.1322,-4.4184,6.3056,33.693,-6.7266,-7.3459,-0.0002,-0.0035,0.0029,118.18,121.45,182.6,140.51,37.13
6,1,5,0.029,1,0.068,-0.1813,0.1046,-37.5465,-12.5054,-8.0678,62.8243,23.9572,-12.5203,-54.3714,27.1194,26.8655,-7.5861,-4.9013,6.2944,33.67,-7.3497,-7.513,-0.0003,-0.0052,0.0041,117.05,121.05,183.92,140.54,36.09
6,1,6,0.0348,1,0.0684,-0.1817,0.1047,-36.4401,-12.4395,-8.3463,63.8857,23.2068,-11.999,-55.1779,27.675,24.7051,-8.8798,-5.4579,6.3326,33.4505,-7.6992,-7.5407,-0.0002,-0.007,0.0052,115.86,120.5,185.15,141.26,35.0
6,1,7,0.0406,1,0.0688,-0.1822,0.1048,-35.3223,-12.4154,-8.5692,65.0089,22.3326,-11.137,-56.1046,27.9467,22.1828,-10.1325,-6.0715,6.4237,33.1594,-7.7808,-7.4528,-0.0001,-0.0087,0.0062,114.63,119.83,186.39,142.4,33.89
6,1,8,0.0464,1,0.069,-0.1826,0.105,-34.2113,-12.4383,-8.7284,66.0162,21.4109,-10.026,-56.9771,27.9058,19.5062,-11.2419,-6.7282,6.5563,32.7015,-7.657,-7.2725,0.0001,-0.0105,0.0071,113.51,119.24,187.53,143.84,32.78
6,1,9,0.0522,1,0.0692,-0.1831,0.1052,-33.121,-12.5168,-8.831,66.9418,20.5097,-8.7815,-57.7633,27.65,16.7881,-12.3009,-7.4041,6.7331,32.1772,-7.3609,-7.0343,0.0003,-0.0122,0.0079,112.5,118.7,188.64,145.35,31.69
6,1,10,0.058,1,0.0693,-0.1835,0.1054,-32.0622,-12.652,-8.8826,67.7096,19.668,-7.471,-58.3646,27.2147,14.1483,-13.2696,-8.0884,6.9482,31.5539,-6.9291,-6.7541,0.0005,-0.0138,0.0086,111.66,118.33,189.69,146.86,30.64
6,1,11,0.0638,1,0.0693,-0.1839,0.1056,-31.0411,-12.8463,-8.9061,68.2906,18.9371,-6.2111,-58.7332,26.7014,11.7096,-14.1283,-8.7583,7.2032,30.8246,-6.416,-6.4548,0.0006,-0.0152,0.0092,111.01,118.16,190.65,148.32,29.62
6,1,12,0.0696,1,0.0693,-0.1843,0.106,-30.0402,-13.1001,-8.9141,68.7434,18.3274,-5.045,-58.9422,26.1745,9.466,-14.9314,-9.3996,7.5045,30.0428,-5.8338,-6.1526,0.0008,-0.0165,0.0097,110.51,118.1,191.57,149.71,28.62
6,1,13,0.0754,1,0.0692,-0.1846,0.1063,-29.0793,-13.4089,-8.9301,68.9808,17.8591,-4.0287,-58.9002,25.68,7.5209,-15.5319,-9.9972,7.8518,29.0886,-5.2329,-5.8501,0.001,-0.0176,0.01,110.23,118.26,192.3,151.12,27.66
6,1,14,0.0812,1,0.069,-0.1848,0.1066,-28.1288,-13.7716,-8.9691,69.1223,17.5283,-3.1838,-58.7574,25.2638,5.8136,-16.0652,-10.5311,8.2539,28.0831,-4.6137,-5.564,0.0012,-0.0186,0.0103,110.05,118.49,192.97,152.5,26.72
6,1,15,0.087,1,0.0687,-0.1849,0.107,-27.2023,-14.1813,-9.0441,69.122,17.326,-2.5085,-58.4762,24.9283,4.374,-16.3926,-10.9938,8.7072,26.9147,-4.0025,-5.2904,0.0013,-0.0192,0.0104,110.02,118.83,193.43,153.96,25.8
6,1,16,0.0928,1,0.0684,-0.185,0.1074,-26.2965,-14.6299,-9.1679,69.053,17.2344,-1.9877,-58.1276,24.6734,3.1636,-16.5956,-11.3669,9.2131,25.6544,-3.4058,-5.0371,0.0014,-0.0196,0.0105,110.05,119.22,193.78,155.46,24.9
6,1,17,0.0986,1,0.068,-0.1849,0.1078,-25.413,-15.1123,-9.3444,68.9196,17.241,-1.611,-57.7181,24.4974,2.172,-16.6639,-11.6443,9.7642,24.2954,-2.8329,-4.8039,0.0015,-0.0199,0.0104,110.15,119.66,193.99,157.02,24.02
6,1,18,0.1044,1,0.0676,-0.1847,0.1082,-24.5724,-15.6148,-9.5747,68.7641,17.3156,-1.3277,-57.2691,24.3716,1.3625,-16.5815,-11.824,10.3492,22.8311,-2.2907,-4.5909,0.0015,-0.0199,0.0102,110.25,120.13,194.05,158.66,23.2
6,1,19,0.1102,1,0.0672,-0.1844,0.1086,-23.748,-16.1305,-9.8589,68.5866,17.4469,-1.1378,-56.791,24.2966,0.7148,-16.4392,-11.9006,10.9619,21.3313,-1.783,-4.399,0.0016,-0.0197,0.01,110.37,120.63,194.06,160.31,22.39
6,1,20,0.116,1,0.0667,-0.1841,0.1091,-22.9928,-16.6473,-10.1912,68.4347,17.6136,-0.9915,-56.2875,24.254,0.2075,-16.186,-11.8848,11.5821,19.7691,-1.3146,-4.2238,0.0015,-0.0193,0.0096,110.45,121.14,193.94,162.01,21.65
6,1,21,0.1218,1,0.0662,-0.1836,0.1095,-22.2611,-17.1572,-10.5676,68.2882,17.8067,-0.8928,-55.7656,24.2441,-0.1807,-15.9085,-11.7775,12.2033,18.206,-0.8893,-4.0646,0.0015,-0.0188,0.0092,110.51,121.68,193.8,163.69,20.93
6,1,22,0.1276,1,0.0656,-0.183,0.11,-21.5828,-17.6546,-10.9825,68.173,18.0159,-0.8184,-55.2246,24.2639,-0.4626,-15.5959,-11.5875,12.8114,16.6414,-0.5105,-3.917,0.0014,-0.0181,0.0086,110.52,122.23,193.61,165.35,20.28
6,1,23,0.1334,1,0.065,-0.1823,0.1105,-20.9491,-18.1312,-11.4294,68.0861,18.2352,-0.7637,-54.6669,24.3175,-0.6515,-15.2755,-11.3281,13.3952,15.0957,-0.1802,-3.7775,0.0013,-0.0173,0.0081,110.5,122.79,193.41,166.97,19.66
6,1,24,0.1392,1,0.0644,-0.1816,0.1109,-20.3457,-18.5862,-11.9072,68.0171,18.462,-0.7292,-54.096,24.4086,-0.7539,-14.9424,-11.0032,13.9473,13.5616,0.0982,-3.6408,0.0012,-0.0164,0.0074,110.44,123.36,193.19,168.56,19.08
6,1,25,0.145,1,0.0638,-0.1808,0.1114,-19.7997,-19.0165,-12.4091,67.987,18.6927,-0.7019,-53.5047,24.5408,-0.7794,-14.6238,-10.628,14.4609,12.0646,0.3295,-3.507,0.0009,-0.0155,0.0067,110.34,123.94,192.97,170.1,18.56
6,1,26,0.1508,1,0.0632,-0.1799,0.1118,-19.2697,-19.4233,-12.9368,67.9637,18.9267,-0.6956,-52.9038,24.7221,-0.7339,-14.2979,-10.208,14.9293,10.5791,0.515,-3.37,0.0006,-0.0145,0.0059,110.22,124.53,192.74,171.61,18.05
6,1,27,0.1566,1,0.0626,-0.179,0.1123,-18.7873,-19.8083,-13.4874,67.9694,19.1634,-0.6964,-52.2826,24.9522,-0.6218,-13.9934,-9.7518,15.3512,9.1342,0.6623,-3.2291,0.0001,-0.0136,0.0051,110.06,125.13,192.52,173.06,17.59
6,1,28,0.1624,1,0.0621,-0.1781,0.1126,-18.3238,-20.1744,-14.0667,67.9858,19.4006,-0.7071,-51.65,25.2357,-0.4513,-13.6934,-9.2659,15.7192,7.71,0.7771,-3.0816,-0.0004,-0.0127,0.0042,109.87,125.75,192.31,174.47,17.15
6,1,29,0.1682,1,0.0615,-0.1771,0.113,-17.8866,-20.5245,-14.6752,68.0203,19.6368,-0.7202,-51.0046,25.572,-0.2302,-13.408,-8.7562,16.033,6.3153,0.8655,-2.9271,-0.0012,-0.0118,0.0033,109.66,126.37,192.1,175.84,16.74
6,1,30,0.174,1,0.0609,-0.1761,0.1133,-17.4746,-20.8637,-15.3186,68.0796,19.8704,-0.7224,-50.3482,25.9561,0.0308,-13.1461,-8.2276,16.2879,4.9554,0.9384,-2.7654,-0.002,-0.0109,0.0024,109.4,126.99,191.92,177.16,16.35
6,1,31,0.1798,1,0.0604,-0.1751,0.1136,-17.0736,-21.1954,-16.0021,68.1563,20.1007,-0.7046,-49.6843,26.3835,0.3244,-12.8863,-7.6834,16.4787,3.6111,0.9964,-2.5982,-0.0029,-0.0102,0.0014,109.11,127.63,191.74,178.46,15.98
6,1,32,0.1856,1,0.0599,-0.1741,0.1137,-16.7034,-21.5232,-16.7275,68.2846,20.3252,-0.6447,-49.0167,26.8432,0.6328,-12.6682,-7.1275,16.6042,2.3108,1.0479,-2.4248,-0.004,-0.0095,0.0005,108.76,128.25,191.6,179.71,15.63
6,1,33,0.1914,1,0.0594,-0.173,0.1139,-16.3413,-21.8503,-17.501,68.4482,20.5424,-0.5303,-48.3475,27.3262,0.949,-12.4522,-6.5588,16.6549,1.021,1.0851,-2.2492,-0.0052,-0.0088,-0.0004,108.34,128.86,191.46,180.93,15.3
6,1,34,0.1972,1,0.0589,-0.172,0.1139,-16.0033,-22.1792,-18.3215,68.6784,20.7532,-0.3466,-47.6825,27.8236,1.258,-12.2686,-5.9807,16.6315,-0.2389,1.1114,-2.0709,-0.0065,-0.0084,-0.0013,107.84,129.45,191.35,182.11,14.99
6,1,35,0.203,1,0.0584,-0.171,0.1139,-15.6864,-22.5115,-19.1884,68.979,20.9583,-0.0806,-47.0219,28.3252,1.5539,-12.6967,-5.3883,16.5243,-0.8849,1.1318,-1.8809,-0.0078,-0.0079,-0.0022,107.26,130.01,191.84,182.74,14.71
6,1,36,0.2088,1,0.058,-0.17,0.1139,-15.3891,-22.8467,-20.0988,69.3478,21.1583,0.2682,-46.3663,28.827,1.8347,-13.6968,-4.7844,16.3327,-0.9582,1.1357,-1.6813,-0.0092,-0.0076,-0.003,106.59,130.52,192.89,182.84,14.44
6,1,37,0.2146,1,0.0575,-0.1691,0.1137,-15.1301,-23.1847,-21.0413,69.8126,21.3562,0.6992,-45.7189,29.3251,2.0935,-13.83,-4.1642,16.0567,-1.8963,1.0682,-1.5014,-0.0105,-0.0074,-0.0036,105.81,130.98,193.08,183.67,14.22
6,1,38,0.2204,1,0.0571,-0.1681,0.1135,-14.8849,-23.5222,-22.0073,70.3257,21.5535,1.1873,-45.0737,29.8245,2.3432,-13.7363,-3.5312,15.694,-3.0574,0.9443,-1.3279,-0.0119,-0.0073,-0.0042,104.97,131.4,193.05,184.66,14.01
6,1,39,0.2262,1,0.0566,-0.1672,0.1132,-14.6964,-23.8557,-22.9842,70.9427,21.7505,1.7316,-44.4425,30.3282,2.5771,-13.672,-2.8844,15.2504,-4.1777,0.7658,-1.1556,-0.0131,-0.0074,-0.0047,104.03,131.76,193.06,185.59,13.85
6,1,40,0.232,1,0.0562,-0.1663,0.1129,-14.5262,-24.1765,-23.9479,71.5865,21.9518,2.2696,-43.8196,30.852,2.8171,-13.6016,-2.23,14.7292,-5.2942,0.5335,-0.9828,-0.0143,-0.0075,-0.005,103.07,132.08,193.06,186.48,13.72
6,1,41,0.2378,1,0.0558,-0.1654,0.1124,-14.3916,-24.4819,-24.8847,72.2715,22.1599,2.7841,-43.2132,31.403,3.0652,-13.522,-1.5717,14.1366,-6.4052,0.2505,-0.8082,-0.0153,-0.0078,-0.0052,102.09,132.35,193.06,187.35,13.61
6,1,42,0.2436,1,0.0553,-0.1645,0.112,-14.2787,-24.7598,-25.7619,72.9552,22.3783,3.2049,-42.6377,32.0051,3.3354,-13.3883,-0.9208,13.4839,-7.5475,-0.0645,-0.6334,-0.0162,-0.0083,-0.0052,101.13,132.58,193.02,188.22,13.53
6,1,43,0.2494,1,0.0548,-0.1636,0.1114,-14.179,-25.005,-26.5583,73.607,22.6111,3.4916,-42.0777,32.6692,3.6379,-13.2236,-0.2809,12.7774,-8.7095,-0.3948,-0.4585,-0.017,-0.0089,-0.0051,100.25,132.81,192.97,189.11,13.46
6,1,44,0.2552,1,0.0544,-0.1628,0.1108,-14.0925,-25.209,-27.2476,74.2181,22.8598,3.5916,-41.592,33.4162,3.9713,-12.8922,0.3268,12.0326,-9.9932,-0.7089,-0.2867,-0.0176,-0.0097,-0.0048,99.45,132.99,192.78,190.13,13.39
6,1,45,0.261,1,0.0539,-0.162,0.1101,-14.0065,-25.3643,-27.8039,74.7409,23.124,3.4554,-41.1263,34.2606,4.3523,-12.4934,0.8965,11.2545,-11.3312,-0.9643,-0.1266,-0.018,-0.0107,-0.0045,98.8,133.2,192.55,191.23,13.32
6,1,46,0.2668,1,0.0534,-0.1612,0.1094,-13.9183,-25.4686,-28.2176,75.1817,23.4012,3.0619,-40.7588,35.2127,4.7677,-11.8422,1.4084,10.4542,-12.8631,-1.1368,0.0149,-0.0184,-0.0119,-0.004,98.3,133.39,192.09,192.56,13.25
6,1,47,0.2726,1,0.0529,-0.1605,0.1086,-13.8283,-25.5155,-28.4686,75.518,23.6796,2.3815,-40.4542,36.2866,5.2231,-10.9942,1.8334,9.6341,-14.548,-1.1501,0.1156,-0.0186,-0.0132,-0.0034,97.98,133.6,191.45,194.14,13.16
6,1,48,0.2784,1,0.0524,-0.1599,0.1078,-13.7367,-25.5041,-28.5574,75.7544,23.9487,1.418,-40.2289,37.4833,5.7123,-9.8974,2.16,8.7978,-16.4216,-0.9824,0.1556,-0.0188,-0.0147,-0.0027,97.82,133.85,190.57,196.05,13.07
6,1,49,0.2842,1,0.052,-0.1594,0.1069,-13.6438,-25.437,-28.4938,75.9085,24.1895,0.1997,-40.1469,38.7983,6.217,-8.3565,2.3517,7.9458,-18.6325,-0.5844,0.1049,-0.019,-0.0164,-0.0019,97.8,134.08,189.22,198.5,12.98
6,1,50,0.29,1,0.0515,-0.1589,0.106,-13.5499,-25.3144,-28.2858,75.9785,24.386,-1.2431,-40.098,40.2228,6.7396,-6.64,2.404,7.0686,-20.9709,0.0608,-0.0798,-0.0191,-0.0181,-0.0011,97.91,134.4,187.64,201.37,12.88
6,1,51,0.2958,1,0.0511,-0.1585,0.105,-13.4599,-25.1431,-27.9603,76.0044,24.5237,-2.8468,-40.2875,41.7377,7.2595,-4.1213,2.2845,6.1698,-23.9074,0.9487,-0.4433,-0.0192,-0.02,-0.0003,98.1,134.65,185.1,205.23,12.77
6,1,52,0.3016,1,0.0507,-0.1583,0.1039,-13.3711,-24.9225,-27.5432,75.9999,24.5864,-4.5319,-40.5238,43.3128,7.7772,-1.3143,2.0095,5.2282,-27.048,2.0433,-1.0485,-0.0194,-0.022,0.0006,98.34,134.99,182.04,209.79,12.67
6,1,53,0.3074,1,0.0504,-0.1581,0.1029,-13.284,-24.659,-27.0579,75.9865,24.5707,-6.2397,-40.9355,44.9254,8.2882,2.2289,1.5771,4.2418,-30.727,3.2771,-1.9548,-0.0196,-0.0239,0.0014,98.59,135.29,177.82,215.55,12.57
6,1,54,0.3132,1,0.0501,-0.1581,0.1018,-13.2021,-24.3541,-26.54,76.0026,24.4742,-7.854,-41.4832,46.5192,8.7874,6.4478,1.0333,3.2061,-34.8736,4.4984,-3.2283,-0.0198,-0.0259,0.0022,98.8,135.55,172.36,222.48,12.47
6,1,55,0.319,1,0.0499,-0.1581,0.1007,-13.123,-24.0075,-26.0014,76.0749,24.3009,-9.3293,-42.1486,48.0698,9.2605,11.2163,0.4124,2.1259,-39.3993,5.5775,-4.9017,-0.02,-0.0278,0.003,98.95,135.75,165.73,230.5,12.37
6,1,56,0.3248,1,0.0498,-0.1583,0.0996,-13.0554,-23.6242,-25.4686,76.192,24.0667,-10.5776,-43.0348,49.5179,9.7503,17.1083,-0.2222,1.0231,-44.6086,6.2457,-7.0002,-0.0203,-0.0296,0.0037,99.04,135.73,157.22,239.79,12.28
6,1,57,0.3306,1,0.0498,-0.1586,0.0984,-12.9935,-23.2008,-24.9449,76.4196,23.7779,-11.5571,-44.0243,50.8308,10.1824,23.3636,-0.8161,-0.0557,-49.9636,6.3538,-9.424,-0.0206,-0.0314,0.0043,99.02,135.51,148.07,249.16,12.19
6,1,58,0.3364,1,0.0499,-0.159,0.0974,-12.958,-22.7396,-24.4372,76.6873,23.4521,-12.2362,-45.2477,51.9662,10.6673,30.7807,-1.3218,-1.0803,-55.7764,5.632,-12.0792,-0.0209,-0.0328,0.0048,98.94,134.95,137.7,258.32,12.14
6,1,59,0.3422,1,0.0501,-0.1594,0.0963,-12.9402,-22.2394,-23.9422,77.0498,23.0928,-12.5963,-46.6031,52.8877,11.1076,38.5257,-1.7213,-1.9518,-61.4389,4.0419,-14.7156,-0.0212,-0.0342,0.0053,98.76,134.03,127.74,265.65,12.1
6,1,60,0.348,1,0.0504,-0.1599,0.0953,-12.9517,-21.7031,-23.4575,77.4597,22.7062,-12.6406,-48.1267,53.5765,11.5592,46.8227,-2.012,-2.6458,-66.9425,1.5374,-17.1165,-0.0215,-0.0353,0.0057,98.53,132.73,118.24,270.67,12.09
6,1,61,0.3538,1,0.0507,-0.1605,0.0944,-13.0188,-21.1364,-22.9745,77.8835,22.2979,-12.3904,-49.7597,54.0095,12.0573,55.2574,-2.2314,-3.1012,-71.9203,-1.6845,-19.0724,-0.0218,-0.0362,0.006,98.27,131.1,109.69,273.05,12.13
6,1,62,0.3596,1,0.0512,-0.1611,0.0936,-13.1139,-20.5428,-22.4886,78.353,21.854,-11.8768,-51.5164,54.1983,12.4845,63.7478,-2.4332,-3.3146,-76.5294,-5.4726,-20.4626,-0.022,-0.0368,0.0061,97.96,129.16,102.07,273.51,12.2
6,1,63,0.3654,1,0.0517,-0.1618,0.0928,-13.3236,-19.9303,-21.9913,78.7546,21.3859,-11.1311,-53.306,54.1263,13.0668,71.727,-2.6765,-3.308,-80.2132,-9.338,-21.3463,-0.0222,-0.0371,0.0062,97.71,127.07,95.47,272.59,12.39
6,1,64,0.3712,0,0.0523,-0.1625,0.0921,-13.5757,-19.307,-21.4785,79.1736,20.8635,-10.2183,-55.1962,53.8453,13.5434,79.4007,-3.0401,-3.1477,-83.593,-13.1689,-21.7654,-0.0224,-0.0372,0.0062,97.42,124.84,89.66,271.45,12.62
6,1,65,0.377,0,0.0529,-0.1632,0.0916,-13.9618,-18.6801,-20.9473,79.5473,20.2948,-9.1544,-57.1456,53.3513,14.0935,86.1165,-3.5638,-2.9115,-86.0686,-16.4881,-22.058,-0.0225,-0.037,0.0062,97.17,122.56,84.83,270.19,12.98
6,1,66,0.3828,0,0.0536,-0.1638,0.0911,-14.442,-18.0619,-20.3984,79.918,19.6539,-8.0005,-59.2226,52.704,14.5781,92.0778,-4.279,-2.7645,-88.0339,-19.1202,-22.4101,-0.0226,-0.0367,0.006,96.89,120.22,80.81,269.18,13.44
6,1,67,0.3886,0,0.0543,-0.1645,0.0907,-15.023,-17.4575,-19.8318,80.2736,18.9305,-6.7802,-61.4186,51.9224,15.0092,97.2396,-5.1751,-2.7986,-89.4471,-20.9425,-23.0405,-0.0226,-0.0361,0.0058,96.62,117.87,77.55,268.28,14.0
6,1,68,0.3944,0,0.0551,-0.1652,0.0905,-15.7604,-16.8753,-19.2531,80.6478,18.1173,-5.5158,-63.8313,51.0502,15.4248,101.1619,-6.172,-3.1941,-89.9203,-21.5236,-24.3316,-0.0225,-0.0354,0.0055,96.3,115.45,75.25,267.09,14.71
6,1,69,0.4002,0,0.0558,-0.1658,0.0904,-16.5545,-16.3213,-18.6664,81.0088,17.1904,-4.2498,-66.3362,50.1215,15.7342,104.6615,-7.1988,-3.9857,-90.2906,-21.1833,-25.9529,-0.0224,-0.0344,0.0052,95.97,113.1,73.36,265.93,15.48
6,1,70,0.406,0,0.0566,-0.1665,0.0903,-17.5354,-15.7976,-18.0774,81.4152,16.1524,-2.9625,-69.1068,49.1462,16.045,106.5387,-8.1013,-5.26,-89.5655,-19.1586,-28.3364,-0.0222,-0.0334,0.0048,95.57,110.63,72.58,263.95,16.44
6,1,71,0.4118,0,0.0574,-0.1671,0.0904,-18.5673,-15.3083,-17.4958,81.8056,14.9845,-1.7071,-71.9161,48.1595,16.266,107.8592,-8.7848,-6.9,-88.8667,-16.045,-30.7592,-0.0219,-0.0322,0.0044,95.15,108.28,72.18,261.82,17.45
6,1,72,0.4176,0,0.0581,-0.1677,0.0906,-19.7109,-14.8539,-16.9263,82.2031,13.6919,-0.4803,-74.8119,47.1637,16.4536,107.881,-9.1411,-8.8464,-87.7331,-11.4205,-33.1736,-0.0216,-0.031,0.0039,94.69,105.96,72.67,259.13,18.57
6,1,73,0.4234,0,0.0588,-0.1683,0.091,-20.9336,-14.4374,-16.3832,82.5804,12.2891,0.6934,-77.6381,46.1652,16.6042,106.6626,-9.14,-10.8569,-86.2656,-5.5806,-35.119,-0.0212,-0.0298,0.0034,94.22,103.8,74.06,255.9,19.77
6,1,74,0.4292,0,0.0596,-0.1688,0.0914,-22.2113,-14.0598,-15.8715,82.9309,10.7931,1.7868,-80.4234,45.1746,16.6996,104.5297,-8.7762,-12.7965,-84.599,1.1511,-36.2473,-0.0206,-0.0285,0.0027,93.74,101.74,76.16,252.02,21.03
6,1,75,0.435,0,0.0603,-0.1694,0.0919,-23.568,-13.72,-15.4005,83.2077,9.2418,2.7883,-82.885,44.1688,16.8184,100.6993,-8.1619,-14.4316,-81.9048,8.7502,-36.2305,-0.02,-0.0273,0.0021,93.32,99.98,79.68,246.55,22.37
6,1,76,0.4408,0,0.061,-0.17,0.0926,-24.9426,-13.4204,-14.976,83.421,7.687,3.6615,-85.2433,43.1643,16.8868,96.3704,-7.344,-15.66,-78.5447,16.2449,-34.8434,-0.0193,-0.026,0.0013,92.94,98.3,83.74,239.0,23.73
6,1,77,0.4466,0,0.0616,-0.1705,0.0933,-26.3498,-13.158,-14.599,83.4676,6.1656,4.3991,-87.0788,42.1245,17.0161,90.9487,-6.512,-16.3698,-73.5979,23.4289,-31.8292,-0.0186,-0.0249,0.0005,92.72,97.04,88.82,228.05,25.12
6,1,78,0.4524,0,0.0622,-0.171,0.0942,-27.7478,-12.9368,-14.2672,83.3626,4.7675,4.9774,-88.6334,41.0478,17.1462,85.3455,-5.7075,-16.5369,-67.3019,29.4459,-27.3152,-0.0177,-0.0238,-0.0003,92.66,95.96,94.17,214.7,26.51
6,1,79,0.4582,0,0.0629,-0.1715,0.095,-29.1326,-12.7546,-13.9762,83.0602,3.5287,5.4025,-89.7656,39.9174,17.3084,79.5179,-5.0451,-16.1656,-59.502,33.9854,-21.5064,-0.0167,-0.0228,-0.0012,92.82,95.15,99.79,201.66,27.88
6,1,80,0.464,0,0.0634,-0.172,0.096,-30.4619,-12.612,-13.7103,82.4596,2.5257,5.6762,-90.3057,38.6964,17.5397,73.779,-4.5899,-15.3168,-50.7366,36.7645,-15.1497,-0.0157,-0.0218,-0.0021,93.32,94.74,105.35,192.2,29.2
6,1,81,0.4698,0,0.064,-0.1724,0.097,-31.7665,-12.51,-13.4576,81.7073,1.7962,5.815,-90.6635,37.4095,17.7385,68.0912,-4.3024,-14.0679,-41.4194,37.9494,-8.7322,-0.0146,-0.0209,-0.003,94.02,94.38,110.92,186.09,30.49
6,1,82,0.4756,0,0.0646,-0.1729,0.0979,-32.9651,-12.4469,-13.1992,80.534,1.3774,5.841,-90.1346,35.9874,18.0355,62.6332,-4.2659,-12.5074,-32.3466,37.7685,-3.338,-0.0135,-0.0202,-0.0039,95.19,94.65,116.26,182.91,31.68
6,1,83,0.4814,0,0.0651,-0.1732,0.0989,-34.134,-12.4257,-12.911,79.2281,1.3018,5.7643,-89.4683,34.4923,18.2803,57.4928,-4.344,-10.7623,-23.8768,36.673,0.9833,-0.0124,-0.0195,-0.0048,96.57,94.93,121.32,180.8,32.84
6,1,84,0.4872,0,0.0656,-0.1736,0.0998,-35.2197,-12.4441,-12.5804,77.6284,1.5729,5.6072,-88.1769,32.8893,18.5454,53.3444,-4.5559,-8.8958,-16.9719,35.0906,3.4428,-0.0112,-0.0189,-0.0055,98.3,95.67,125.42,179.86,33.92
6,1,85,0.493,0,0.0661,-0.1738,0.1007,-36.2619,-12.5037,-12.1794,75.8757,2.2091,5.3609,-86.5392,31.2301,18.8142,48.6723,-4.8276,-7.0238,-9.7538,33.2106,5.44,-0.0101,-0.0184,-0.0062,100.25,96.65,130.05,178.05,34.95
6,1,86,0.4988,0,0.0666,-0.174,0.1015,-37.264,-12.6016,-11.6998,73.9767,3.2129,5.0258,-84.5608,29.5228,19.113,43.5044,-5.1155,-5.1858,-2.2486,31.1156,6.9892,-0.0091,-0.018,-0.0067,102.41,97.9,135.2,175.27,35.94
6,1,87,0.5046,0,0.0671,-0.1742,0.1022,-38.2157,-12.7323,-11.1314,71.9762,4.5596,4.587,-82.1013,27.815,19.4842,38.5582,-5.4137,-3.4362,4.472,28.9895,7.7247,-0.0082,-0.0177,-0.0072,104.72,99.6,140.16,172.54,36.87
6,1,88,0.5104,0,0.0676,-0.1742,0.1028,-39.1508,-12.8904,-10.4748,69.918,6.2539,4.0158,-79.4745,26.1304,19.9979,33.6846,-5.6719,-1.8193,10.8298,26.8093,8.0256,-0.0075,-0.0175,-0.0074,107.14,101.5,145.06,169.52,37.78
6,1,89,0.5162,0,0.0681,-0.1742,0.1033,-40.0286,-13.0674,-9.7357,67.8834,8.2654,3.2924,-76.4819,24.5232,20.6577,29.2539,-5.8983,-0.3172,15.9051,24.6858,7.67,-0.0068,-0.0173,-0.0074,109.59,103.8,149.51,167.38,38.64
6,1,90,0.522,0,0.0686,-0.1742,0.1037,-40.8737,-13.2508,-8.9404,65.8663,10.5647,2.3727,-73.4179,23.02,21.58,25.0321,-6.0716,1.0226,20.3838,22.5232,7.0379,-0.0064,-0.0173,-0.0073,112.08,106.23,153.71,165.45,39.46
6,1,91,0.5278,0,0.0692,-0.174,0.1039,-41.6569,-13.4336,-8.1039,63.9281,13.118,1.2388,-70.2727,21.6502,22.759,21.219,-6.1934,2.2182,23.8219,20.3472,6.0593,-0.0061,-0.0174,-0.007,114.54,108.75,157.44,164.3,40.21
6,1,92,0.5336,0,0.0698,-0.1739,0.1041,-42.345,-13.5997,-7.2737,62.1278,15.8387,-0.1385,-67.2245,20.4854,24.2014,17.7933,-6.2622,3.2617,26.4028,18.1342,4.8552,-0.0058,-0.0175,-0.0066,116.91,111.16,160.69,163.65,40.87
6,1,93,0.5394,0,0.0704,-0.1737,0.1041,-42.9747,-13.7418,-6.475,60.3623,18.6654,-1.7538,-64.2254,19.4752,25.9505,14.6216,-6.2884,4.1427,28.4573,15.849,3.5501,-0.0058,-0.0178,-0.0059,119.27,113.45,163.59,163.16,41.47
6,1,94,0.5452,0,0.071,-0.1736,0.1041,-43.4119,-13.8484,-5.7531,58.8952,21.4781,-3.631,-61.5939,18.8221,27.827,11.8725,-6.271,4.8853,29.7378,13.5326,2.1155,-0.0059,-0.0182,-0.0052,121.34,115.25,165.96,162.84,41.89
6,1,95,0.551,0,0.0716,-0.1735,0.104,-43.7808,-13.9131,-5.1429,57.4542,24.167,-5.6786,-59.0667,18.3585,29.8785,9.2457,-6.237,5.4752,30.8641,11.1798,0.7182,-0.006,-0.0189,-0.0044,123.35,116.85,168.08,162.05,42.23
6,1,96,0.5568,0,0.0723,-0.1734,0.1039,-43.9304,-13.9326,-4.665,56.3048,26.6337,-7.9263,-56.9549,18.3129,31.9067,6.8562,-6.193,5.9333,31.653,8.8261,-0.6681,-0.0061,-0.0196,-0.0034,125.01,117.89,169.84,160.7,42.36
6,1,97,0.5626,0,0.0729,-0.1732,0.1037,-43.9476,-13.9681,-4.0886,55.1242,29.2946,-10.5528,-55.1295,18.4159,34.0827,4.5342,-6.0997,6.4252,32.3912,6.396,-2.1232,-0.0062,-0.0204,-0.0024,126.8,118.34,171.42,158.96,42.36
6,1,98,0.5684,0,0.0736,-0.1732,0.1035,-43.8003,-13.932,-3.746,54.0324,31.5366,-13.4377,-53.4706,18.9972,36.3684,2.3413,-6.0338,6.6999,33.0428,3.9618,-3.4905,-0.0062,-0.0214,-0.0014,128.34,118.53,172.74,155.72,42.2
6,1,99,0.5742,0,0.0742,-0.1732,0.1032,-43.429,-13.8289,-3.679,53.208,33.1211,-16.2633,-52.1042,20.0465,38.3241,0.2938,-6.0357,6.8029,33.5988,1.6338,-4.7326,-0.0062,-0.0225,-0.0004,129.36,118.59,173.84,150.79,41.83
6,1,100,0.58,0,0.0748,-0.1734,0.1029,-42.9724,-13.6725,-3.8669,52.7245,34.0133,-18.6093,-50.8502,21.2842,39.6993,-1.7033,-6.1275,6.8157,34.1532,-0.4867,-5.8055,-0.0062,-0.0214,-0.0014,129.8,119.04,174.94,144.91,41.38
7,1,0,0.0,0,0.0767,-0.173,0.1051,-42.9724,-13.6725,-3.8669,52.7245,34.0133,-18.6093,-50.8502,21.2842,39.6993,-1.7033,-6.1275,6.8157,34.1532,-0.4867,-5.8055,0.0,0.0,0.0,129.8,119.04,174.94,144.91,41.38
7,1,1,0.0058,1,0.0772,-0.1734,0.1048,-42.2419,-13.4634,-4.3361,53.2699,33.7425,-19.546,-50.3384,22.635,39.4541,-3.4532,-6.4211,6.8514,34.4584,-1.96,-6.4663,-0.0,-0.0004,0.0003,128.96,119.58,176.05,141.09,40.66
7,1,2,0.0116,1,0.0775,-0.1739,0.1046,-41.4546,-13.2542,-4.8455,54.3375,32.9499,-19.5546,-50.1548,23.8166,38.2462,-5.1578,-6.8351,6.962,34.7011,-2.9933,-6.8897,-0.0,-0.0004,0.0003,127.56,120.2,177.33,139.56,39.89
7,1,3,0.0174,1,0.0776,-0.1745,0.1044,-40.4938,-13.0743,-5.3188,55.8869,31.6932,-18.7867,-50.5517,24.8813,36.0471,-6.6519,-7.3653,7.1268,34.7022,-3.5969,-7.0873,-0.0002,-0.0019,0.0016,125.7,120.42,178.62,140.02,38.95
7,1,4,0.0232,1,0.0776,-0.1752,0.1043,-39.4619,-12.9511,-5.6986,57.6521,30.1727,-17.4549,-51.3026,25.708,33.1464,-8.01,-7.9747,7.3104,34.5534,-3.8512,-7.1146,-0.0002,-0.0035,0.0029,123.67,120.33,179.94,141.64,37.93
7,1,5,0.029,1,0.0776,-0.1759,0.1042,-38.3567,-12.8337,-6.0665,59.2018,28.8366,-16.5024,-52.181,26.5366,30.4935,-9.2007,-8.5449,7.4961,34.2635,-4.2742,-7.2107,-0.0003,-0.0052,0.0041,121.88,120.01,181.21,142.6,36.83
7,1,6,0.0348,1,0.0775,-0.1766,0.1042,-37.213,-12.7609,-6.3828,60.7583,27.381,-15.2167,-53.2459,27.0797,27.4692,-10.2213,-9.1621,7.7007,33.8035,-4.4804,-7.192,-0.0002,-0.007,0.0052,120.1,119.55,182.46,144.08,35.7
7,1,7,0.0406,1,0.0773,-0.1774,0.1042,-36.0557,-12.7386,-6.644,62.33,25.8628,-13.6575,-54.4396,27.3409,24.1534,-11.1879,-9.8099,7.9323,33.2783,-4.4764,-7.0781,-0.0001,-0.0087,0.0062,118.33,118.99,183.74,145.76,34.55
7,1,8,0.0464,1,0.077,-0.1782,0.1043,-34.9235,-12.7764,-6.844,63.7049,24.3813,-11.9549,-55.5404,27.2941,20.8055,-11.9976,-10.4744,8.1748,32.6004,-4.3233,-6.8975,0.0001,-0.0105,0.0071,116.77,118.52,184.95,147.5,33.43
7,1,9,0.0522,1,0.0765,-0.1791,0.1044,-33.8074,-12.8818,-6.993,64.9677,22.9993,-10.2182,-56.5758,27.049,17.4999,-12.7775,-11.1294,8.4389,31.8902,-4.046,-6.6773,0.0003,-0.0122,0.0079,115.36,118.07,186.16,149.09,32.32
7,1,10,0.058,1,0.076,-0.1799,0.1046,-32.74,-13.056,-7.0972,65.9917,21.7648,-8.5156,-57.3712,26.6262,14.4006,-13.4587,-11.7645,8.718,31.0895,-3.6855,-6.4333,0.0005,-0.0138,0.0086,114.2,117.81,187.29,150.56,31.26
7,1,11,0.0638,1,0.0754,-0.1807,0.1048,-31.7018,-13.3006,-7.1878,66.8175,20.7232,-6.9526,-57.9654,26.1352,11.5863,-14.0689,-12.352,9.0251,30.2308,-3.2806,-6.1828,0.0006,-0.0152,0.0092,113.26,117.66,188.34,151.89,30.22
7,1,12,0.0696,1,0.0746,-0.1814,0.1052,-30.6951,-13.614,-7.2731,67.4402,19.8814,-5.5561,-58.3414,25.6243,9.0866,-14.6005,-12.8825,9.3596,29.3094,-2.8466,-5.9332,0.0008,-0.0165,0.0097,112.55,117.65,189.29,153.13,29.22
7,1,13,0.0754,1,0.0738,-0.1821,0.1055,-29.7176,-13.987,-7.3871,67.8425,19.243,-4.3679,-58.4889,25.145,6.9563,-14.9962,-13.3374,9.7318,28.2853,-2.4186,-5.6913,0.001,-0.0176,0.01,112.07,117.8,190.09,154.34,28.25
7,1,14,0.0812,1,0.073,-0.1826,0.1059,-28.7504,-14.4145,-7.5407,68.113,18.7937,-3.3964,-58.5133,24.7387,5.1442,-15.3341,-13.7057,10.1449,27.2226,-1.9941,-5.4623,0.0012,-0.0186,0.0103,111.72,118.0,190.8,155.53,27.29
7,1,15,0.087,1,0.0721,-0.1831,0.1064,-27.8108,-14.8832,-7.7516,68.1955,18.5049,-2.6239,-58.3583,24.4072,3.6744,-15.4776,-13.9838,10.5964,26.0167,-1.5936,-5.2429,0.0013,-0.0192,0.0104,111.56,118.34,191.28,156.79,26.36
7,1,16,0.0928,1,0.0712,-0.1834,0.1068,-26.878,-15.3833,-8.03,68.2042,18.3454,-2.0361,-58.1422,24.1638,2.4655,-15.5693,-14.1599,11.0893,24.7799,-1.2115,-5.0362,0.0014,-0.0196,0.0105,111.47,118.71,191.7,158.06,25.45
7,1,17,0.0986,1,0.0702,-0.1837,0.1073,-25.9676,-15.9042,-8.3801,68.1197,18.2852,-1.6013,-57.8423,23.9982,1.5068,-15.5198,-14.2389,11.6146,23.444,-0.8547,-4.8404,0.0015,-0.0199,0.0104,111.46,119.13,191.95,159.4,24.55
7,1,18,0.1044,1,0.0693,-0.1838,0.1078,-25.0766,-16.4296,-8.8024,68.0046,18.2828,-1.2803,-57.505,23.8968,0.7322,-15.4081,-14.2194,12.1665,22.0706,-0.5209,-4.6544,0.0015,-0.0199,0.0102,111.45,119.58,192.14,160.76,23.68
7,1,19,0.1102,1,0.0683,-0.1838,0.1084,-24.2086,-16.9544,-9.2957,67.8641,18.3235,-1.0547,-57.1312,23.854,0.1237,-15.2252,-14.1044,12.7365,20.6532,-0.2123,-4.4762,0.0016,-0.0197,0.01,111.44,120.06,192.25,162.15,22.84
7,1,20,0.116,1,0.0674,-0.1836,0.1089,-23.3807,-17.4638,-9.8491,67.7421,18.3725,-0.8715,-56.7315,23.8477,-0.375,-14.9975,-13.9062,13.3115,19.2107,0.0716,-4.3062,0.0015,-0.0193,0.0096,111.39,120.56,192.31,163.55,22.03
7,1,21,0.1218,1,0.0665,-0.1834,0.1094,-22.57,-17.9542,-10.4599,67.6256,18.4237,-0.7295,-56.3154,23.8775,-0.7764,-14.74,-13.628,13.8822,17.7576,0.329,-4.1421,0.0015,-0.0188,0.0092,111.31,121.07,192.34,164.95,21.25
7,1,22,0.1276,1,0.0656,-0.183,0.11,-21.8205,-18.4206,-11.1188,67.5652,18.4657,-0.5875,-55.8724,23.9342,-1.1089,-14.4799,-13.2826,14.4382,16.3098,0.5613,-3.9835,0.0014,-0.0181,0.0086,111.14,121.61,192.35,166.33,20.53
7,1,23,0.1334,1,0.0648,-0.1825,0.1105,-21.0883,-18.8612,-11.8224,67.5241,18.4977,-0.4479,-55.4165,24.0146,-1.3811,-14.2119,-12.8771,14.9656,14.871,0.765,-3.8279,0.0013,-0.0173,0.0081,110.94,122.15,192.34,167.7,19.82
7,1,24,0.1392,1,0.0639,-0.182,0.1111,-20.4151,-19.276,-12.5655,67.5437,18.5192,-0.286,-54.936,24.1172,-1.6026,-13.9694,-12.4196,15.459,13.4651,0.9421,-3.6754,0.0012,-0.0164,0.0074,110.65,122.7,192.34,169.02,19.18
7,1,25,0.145,1,0.0632,-0.1814,0.1116,-19.7728,-19.6702,-13.3505,67.6003,18.5371,-0.0941,-54.4374,24.2386,-1.7753,-13.7401,-11.9188,15.9032,12.0878,1.0907,-3.5244,0.0009,-0.0155,0.0067,110.31,123.27,192.33,170.31,18.57
7,1,26,0.1508,1,0.0624,-0.1807,0.1121,-19.1712,-20.0455,-14.1784,67.7045,18.5524,0.1379,-53.919,24.3789,-1.9026,-13.5338,-11.3815,16.295,10.748,1.2138,-3.3727,0.0006,-0.0145,0.0059,109.9,123.83,192.32,171.56,18.0
7,1,27,0.1566,1,0.0617,-0.1799,0.1125,-18.6165,-20.4105,-15.055,67.8611,18.5724,0.4285,-53.3745,24.5367,-1.983,-13.3635,-10.8154,16.6242,9.4614,1.3138,-3.221,0.0001,-0.0136,0.0051,109.42,124.41,192.32,172.76,17.48
7,1,28,0.1624,1,0.061,-0.1791,0.113,-18.0837,-20.7686,-15.9878,68.0553,18.599,0.7781,-52.8159,24.7125,-2.0187,-13.1988,-10.2252,16.8865,8.1997,1.3936,-3.0671,-0.0004,-0.0127,0.0042,108.88,124.97,192.3,173.93,16.98
7,1,29,0.1682,1,0.0604,-0.1783,0.1133,-17.6076,-21.1267,-16.9848,68.3131,18.6346,1.2111,-52.2256,24.9069,-2.0062,-13.084,-9.6188,17.0795,7.0085,1.4604,-2.9097,-0.0012,-0.0118,0.0033,108.26,125.54,192.3,175.04,16.54
7,1,30,0.174,1,0.0598,-0.1775,0.1137,-17.1463,-21.4894,-18.0562,68.6133,18.6791,1.725,-51.6252,25.1234,-1.9532,-12.9654,-8.9993,17.1996,5.8311,1.516,-2.7502,-0.002,-0.0109,0.0024,107.57,126.08,192.28,176.13,16.12
7,1,31,0.1798,1,0.0592,-0.1767,0.114,-16.7309,-21.8612,-19.2056,68.9813,18.7341,2.3367,-51.0044,25.3604,-1.8575,-12.8729,-8.3714,17.2482,4.6988,1.5656,-2.5874,-0.0029,-0.0102,0.0014,106.77,126.6,192.26,177.18,15.74
7,1,32,0.1856,1,0.0586,-0.1758,0.1142,-16.335,-22.2457,-20.4414,69.4071,18.7977,3.0467,-50.3755,25.6236,-1.725,-12.7769,-7.7333,17.225,3.5752,1.6058,-2.4235,-0.004,-0.0095,0.0005,105.89,127.08,192.22,178.22,15.39
7,1,33,0.1914,1,0.0581,-0.175,0.1144,-15.9666,-22.6433,-21.7627,69.9002,18.8692,3.857,-49.7387,25.9142,-1.5575,-12.6833,-7.0876,17.1307,2.4642,1.6366,-2.2582,-0.0052,-0.0088,-0.0004,104.9,127.51,192.16,179.25,15.07
7,1,34,0.1972,1,0.0575,-0.1742,0.1146,-15.6332,-23.0535,-23.159,70.473,18.9476,4.7588,-49.0986,26.2366,-1.3579,-12.5792,-6.4293,16.9711,1.3458,1.6514,-2.0931,-0.0065,-0.0084,-0.0013,103.79,127.88,192.09,180.28,14.78
7,1,35,0.203,1,0.057,-0.1733,0.1147,-15.3174,-23.4724,-24.62,71.102,19.0334,5.7332,-48.4537,26.5952,-1.122,-12.4678,-5.7565,16.7441,0.2237,1.6426,-1.9295,-0.0078,-0.0079,-0.0022,102.59,128.2,192.0,181.31,14.51
7,1,36,0.2088,1,0.0564,-0.1725,0.1147,-15.0596,-23.8952,-26.1217,71.8324,19.1223,6.7657,-47.809,26.9949,-0.8556,-13.3435,-5.0625,16.4538,0.0805,1.631,-1.7395,-0.0092,-0.0076,-0.003,101.27,128.44,192.89,181.45,14.3
7,1,37,0.2146,1,0.0559,-0.1717,0.1147,-14.8201,-24.314,-27.6332,72.597,19.2228,7.8047,-47.1564,27.4413,-0.5461,-14.1362,-4.345,16.0987,-0.1464,1.5674,-1.5561,-0.0105,-0.0074,-0.0036,99.9,128.63,193.7,181.64,14.11
7,1,38,0.2204,1,0.0554,-0.1709,0.1147,-14.6465,-24.7226,-29.1298,73.4439,19.3289,8.8361,-46.4936,27.9388,-0.1983,-13.987,-3.6008,15.6816,-1.3309,1.4274,-1.4017,-0.0119,-0.0073,-0.0042,98.44,128.77,193.58,182.71,13.98
7,1,39,0.2262,1,0.0549,-0.1702,0.1146,-14.5119,-25.1076,-30.557,74.3069,19.4513,9.7804,-45.8162,28.4986,0.2005,-13.8342,-2.8314,15.1986,-2.5276,1.2347,-1.2494,-0.0131,-0.0074,-0.0047,96.99,128.9,193.46,183.77,13.89
7,1,40,0.232,1,0.0543,-0.1694,0.1144,-14.4351,-25.4645,-31.8971,75.1977,19.5896,10.6211,-45.1214,29.1226,0.6503,-13.6772,-2.039,14.6502,-3.7437,0.9913,-1.096,-0.0143,-0.0075,-0.005,95.54,129.02,193.34,184.85,13.85
7,1,41,0.2378,1,0.0538,-0.1687,0.1142,-14.4214,-25.7791,-33.0929,76.0845,19.7507,11.2827,-44.4034,29.821,1.1566,-13.5073,-1.2339,14.0383,-4.9889,0.7147,-0.9413,-0.0153,-0.0078,-0.0052,94.16,129.17,193.23,185.94,13.87
7,1,42,0.2436,1,0.0532,-0.1679,0.114,-14.442,-26.0467,-34.1271,76.9216,19.942,11.7302,-43.6654,30.598,1.7195,-13.3336,-0.428,13.3618,-6.2504,0.4202,-0.7833,-0.0162,-0.0083,-0.0052,92.91,129.38,193.12,187.04,13.92
7,1,43,0.2494,1,0.0527,-0.1672,0.1136,-14.5342,-26.2604,-34.9693,77.7326,20.1604,11.9326,-42.917,31.4577,2.3317,-13.1008,0.3607,12.6275,-7.584,0.1389,-0.625,-0.017,-0.0089,-0.0051,91.79,129.64,192.97,188.2,14.03
7,1,44,0.2552,1,0.0521,-0.1666,0.1133,-14.6408,-26.4162,-35.6065,78.4374,20.4156,11.8466,-42.152,32.4042,2.9918,-12.8461,1.1109,11.8371,-8.9464,-0.0907,-0.4685,-0.0176,-0.0097,-0.0048,90.9,130.0,192.81,189.38,14.15
7,1,45,0.261,1,0.0515,-0.166,0.1128,-14.7823,-26.5142,-36.0345,79.0603,20.7023,11.4701,-41.4009,33.4368,3.6876,-12.4657,1.8043,10.9976,-10.4299,-0.2402,-0.3194,-0.018,-0.0107,-0.0045,90.2,130.43,192.55,190.68,14.31
7,1,46,0.2668,1,0.051,-0.1654,0.1123,-14.9267,-26.5543,-36.2636,79.5618,21.0104,10.798,-40.6568,34.5528,4.4053,-11.9871,2.4102,10.116,-11.9998,-0.2487,-0.1919,-0.0184,-0.0119,-0.004,89.74,130.94,192.2,192.1,14.46
7,1,47,0.2726,1,0.0504,-0.1648,0.1117,-15.0757,-26.5394,-36.3032,79.9497,21.3314,9.8422,-39.9402,35.7477,5.134,-11.3452,2.917,9.1987,-13.7075,-0.0981,-0.0982,-0.0186,-0.0132,-0.0034,89.5,131.52,191.71,193.7,14.6
7,1,48,0.2784,1,0.0498,-0.1644,0.1111,-15.2155,-26.4752,-36.196,80.2307,21.6377,8.6558,-39.2864,37.0079,5.8508,-10.4321,3.29,8.2504,-15.6226,0.2626,-0.0646,-0.0188,-0.0147,-0.0027,89.43,132.14,190.97,195.58,14.74
7,1,49,0.2842,1,0.0492,-0.164,0.1103,-15.3495,-26.3635,-35.9571,80.4188,21.9134,7.2668,-38.6588,38.3257,6.5434,-9.3594,3.5277,7.2716,-17.6598,0.8417,-0.1182,-0.019,-0.0164,-0.0019,89.51,132.84,190.07,197.71,14.87
7,1,50,0.29,1,0.0486,-0.1637,0.1095,-15.4458,-26.2122,-35.6357,80.5047,22.1352,5.7408,-38.1854,39.6818,7.1972,-7.7125,3.6038,6.2696,-20.104,1.6419,-0.3,-0.0191,-0.0181,-0.0011,89.71,133.51,188.6,200.39,14.95
7,1,51,0.2958,1,0.0481,-0.1635,0.1087,-15.5283,-26.0203,-35.2547,80.5428,22.2782,4.1414,-37.7525,41.0625,7.7916,-5.8667,3.539,5.2326,-22.6869,2.6347,-0.6551,-0.0192,-0.02,-0.0003,89.96,134.24,186.88,203.42,15.03
7,1,52,0.3016,1,0.0476,-0.1634,0.1077,-15.5472,-25.7923,-34.8444,80.4897,22.3323,2.5097,-37.5417,42.4474,8.3304,-3.1986,3.3264,4.1719,-25.824,3.7695,-1.2461,-0.0194,-0.022,0.0006,90.27,134.91,184.25,207.24,15.03
7,1,53,0.3074,1,0.0472,-0.1635,0.1067,-15.5329,-25.5264,-34.4239,80.4192,22.2806,0.9325,-37.4532,43.8157,8.7924,-0.067,3.0216,3.0813,-29.26,4.9251,-2.1353,-0.0196,-0.0239,0.0014,90.58,135.58,181.0,211.62,15.0
7,1,54,0.3132,1,0.0468,-0.1636,0.1057,-15.4636,-25.2228,-34.0045,80.3146,22.1209,-0.5622,-37.5808,45.1517,9.1845,3.8578,2.6458,1.9702,-33.2035,5.9974,-3.3773,-0.0198,-0.0259,0.0022,90.88,136.17,176.7,216.83,14.92
7,1,55,0.319,1,0.0464,-0.1638,0.1047,-15.3604,-24.8772,-33.5868,80.2138,21.8558,-1.9035,-37.9543,46.4243,9.5174,8.7079,2.2885,0.8802,-37.6861,6.7409,-5.0319,-0.02,-0.0278,0.003,91.15,136.64,171.12,222.87,14.8
7,1,56,0.3248,1,0.0462,-0.1642,0.1036,-15.2367,-24.4871,-33.1662,80.1589,21.4916,-3.0665,-38.5063,47.6221,9.7719,14.1345,1.9875,-0.1598,-42.4576,7.0145,-7.0541,-0.0203,-0.0296,0.0037,91.36,136.99,164.55,229.45,14.66
7,1,57,0.3306,1,0.046,-0.1646,0.1025,-15.1301,-24.0488,-32.7296,80.1402,21.0482,-4.0129,-39.4061,48.7083,10.0224,20.9055,1.8148,-1.0658,-47.8414,6.5102,-9.4228,-0.0206,-0.0314,0.0043,91.53,137.06,156.12,236.77,14.53
7,1,58,0.3364,1,0.0459,-0.1652,0.1015,-15.0373,-23.5589,-32.2667,80.219,20.5348,-4.7348,-40.4499,49.6727,10.2063,28.01,1.7796,-1.7676,-53.1636,5.1688,-11.9116,-0.0209,-0.0328,0.0048,91.6,136.95,147.14,243.74,14.42
7,1,59,0.3422,1,0.0458,-0.1658,0.1005,-15.0344,-23.0186,-31.7665,80.3743,19.9764,-5.2086,-41.8122,50.4821,10.4466,36.266,1.9002,-2.1854,-58.6706,2.7778,-14.3437,-0.0212,-0.0342,0.0053,91.62,136.49,136.91,250.25,14.4
7,1,60,0.348,1,0.0459,-0.1665,0.0996,-15.0831,-22.429,-31.2188,80.621,19.3802,-5.4575,-43.31,51.1207,10.6789,44.7376,2.1023,-2.2441,-63.8197,-0.4968,-16.4539,-0.0215,-0.0353,0.0057,91.58,135.79,126.89,255.28,14.42
7,1,61,0.3538,1,0.046,-0.1672,0.0987,-15.2281,-21.7936,-30.6206,80.9418,18.7587,-5.4788,-44.9968,51.5715,10.975,53.6505,2.3478,-1.9123,-68.6512,-4.6112,-18.0477,-0.0218,-0.0362,0.006,91.48,134.79,117.07,258.76,14.54
7,1,62,0.3596,1,0.0461,-0.168,0.0979,-15.4618,-21.1204,-29.9714,81.3036,18.1151,-5.3084,-46.8026,51.8157,11.3467,62.4712,2.5023,-1.1979,-72.9462,-9.1573,-19.0499,-0.022,-0.0368,0.0061,91.37,133.56,108.13,260.8,14.75
7,1,63,0.3654,1,0.0464,-0.1688,0.0972,-15.7552,-20.4145,-29.2741,81.7044,17.4446,-4.9675,-48.7102,51.8559,11.7419,71.2269,2.4975,-0.142,-76.9441,-13.9951,-19.4168,-0.0222,-0.0371,0.0062,91.23,132.12,99.99,262.08,15.02
7,1,64,0.3712,1,0.0467,-0.1696,0.0966,-16.1643,-19.6914,-28.539,82.092,16.7511,-4.4774,-50.7322,51.6768,12.2647,79.098,2.2193,1.1468,-80.0578,-18.4933,-19.4856,-0.0224,-0.0372,0.0062,91.11,130.49,93.2,262.7,15.4
7,1,65,0.377,0,0.047,-0.1705,0.096,-16.606,-18.9603,-27.773,82.4942,16.019,-3.8767,-52.8364,51.3056,12.7475,86.6521,1.6264,2.5275,-83.094,-22.7075,-19.2071,-0.0225,-0.037,0.0062,90.96,128.7,87.15,263.66,15.81
7,1,66,0.3828,0,0.0474,-0.1713,0.0956,-17.167,-18.2338,-26.9875,82.8804,15.2494,-3.1665,-55.1327,50.733,13.3079,92.6352,0.6746,3.8507,-84.8258,-25.945,-19.4222,-0.0226,-0.0367,0.006,90.83,126.69,82.71,264.07,16.34
7,1,67,0.3886,0,0.0478,-0.1721,0.0952,-17.7732,-17.5262,-26.1905,83.2764,14.4214,-2.3822,-57.5702,49.999,13.7893,97.9856,-0.5731,4.904,-86.2851,-28.3551,-19.9113,-0.0226,-0.0361,0.0058,90.65,124.52,79.01,264.78,16.92
7,1,68,0.3944,0,0.0482,-0.1729,0.095,-18.4687,-16.8438,-25.3872,83.6798,13.5296,-1.5299,-60.2374,49.11,14.2304,102.0605,-2.067,5.5676,-86.7579,-29.5519,-21.2487,-0.0225,-0.0354,0.0055,90.45,122.14,76.49,264.98,17.59
7,1,69,0.4002,0,0.0487,-0.1736,0.0948,-19.2388,-16.2015,-24.5868,84.0994,12.5563,-0.6286,-63.122,48.1077,14.583,105.0695,-3.6236,5.6856,-86.5546,-29.3909,-23.3126,-0.0224,-0.0344,0.0052,90.19,119.56,74.89,264.71,18.33
7,1,70,0.406,0,0.0492,-0.1744,0.0948,-20.0638,-15.6022,-23.7932,84.5254,11.4909,0.3055,-66.1769,47.01,14.822,107.3288,-5.1151,5.2352,-86.068,-27.9034,-25.7963,-0.0222,-0.0334,0.0048,89.89,116.84,73.86,264.06,19.13
7,1,71,0.4118,0,0.0496,-0.1751,0.0948,-20.9886,-15.0528,-23.0163,84.9726,10.3228,1.264,-69.4133,45.8511,14.9754,108.0379,-6.3526,4.2416,-84.7998,-24.6549,-28.7652,-0.0219,-0.0322,0.0044,89.53,113.98,74.04,262.29,20.02
7,1,72,0.4176,0,0.0501,-0.1757,0.095,-21.9426,-14.556,-22.2651,85.4089,9.0501,2.2137,-72.7038,44.6642,14.994,108.305,-7.2101,2.8265,-83.8278,-20.2553,-31.2946,-0.0216,-0.031,0.0039,89.13,111.11,74.45,260.37,20.95
7,1,73,0.4234,0,0.0506,-0.1764,0.0952,-23.0002,-14.1114,-21.5484,85.8466,7.6714,3.1482,-75.945,43.4638,14.9424,106.6217,-7.6082,1.1418,-82.0803,-14.0867,-33.5064,-0.0212,-0.0298,0.0034,88.69,108.29,76.43,257.15,21.99
7,1,74,0.4292,0,0.0511,-0.177,0.0956,-24.0877,-13.72,-20.8814,86.2488,6.2123,4.0192,-79.0895,42.2907,14.78,104.2513,-7.5458,-0.5848,-80.3051,-7.1746,-34.6733,-0.0206,-0.0285,0.0027,88.23,105.59,78.94,253.5,23.05
7,1,75,0.435,0,0.0515,-0.1775,0.0961,-25.2382,-13.3791,-20.2684,86.6051,4.6828,4.8119,-81.9873,41.1526,14.5552,100.3822,-7.0625,-2.2072,-77.6785,0.6006,-34.669,-0.02,-0.0273,0.0021,87.78,103.11,82.77,248.6,24.18
7,1,76,0.4408,0,0.052,-0.1781,0.0966,-26.4248,-13.0869,-19.7235,86.863,3.1477,5.4759,-84.5366,40.0695,14.2919,95.5532,-6.2992,-3.5193,-74.0436,8.3594,-33.2672,-0.0193,-0.026,0.0013,87.4,100.95,87.5,242.39,25.35
7,1,77,0.4466,0,0.0524,-0.1786,0.0973,-27.6395,-12.8423,-19.2474,87.041,1.6371,5.9967,-86.8287,39.0553,13.9762,89.9698,-5.3475,-4.4731,-69.146,15.6563,-30.3371,-0.0186,-0.0249,0.0005,87.08,99.04,93.0,234.56,26.55
7,1,78,0.4524,0,0.0529,-0.179,0.098,-28.8736,-12.6406,-18.8394,86.9844,0.2267,6.3447,-88.4173,38.0803,13.7345,83.7969,-4.3944,-4.9757,-62.6942,21.7992,-26.0397,-0.0177,-0.0238,-0.0003,86.99,97.72,99.02,225.34,27.77
7,1,79,0.4582,0,0.0533,-0.1795,0.0989,-30.1106,-12.4825,-18.4945,86.8315,-1.0294,6.5163,-89.845,37.1754,13.4494,77.4821,-3.5041,-5.0717,-54.9718,26.4677,-20.6111,-0.0167,-0.0228,-0.0012,87.01,96.56,105.22,215.26,28.99
7,1,80,0.464,0,0.0537,-0.1799,0.0997,-31.3305,-12.365,-18.2029,86.2902,-2.0733,6.5146,-90.3028,36.2671,13.3321,71.2325,-2.8105,-4.7612,-46.4227,29.3356,-14.8638,-0.0157,-0.0218,-0.0021,87.46,96.2,111.24,205.95,30.2
7,1,81,0.4698,0,0.0541,-0.1803,0.1006,-32.536,-12.2917,-17.9445,85.5862,-2.8402,6.355,-90.5179,35.383,13.2217,65.1059,-2.3169,-4.1444,-37.4539,30.6858,-9.1901,-0.0146,-0.0209,-0.003,88.12,96.04,117.12,197.59,31.4
7,1,82,0.4756,0,0.0544,-0.1806,0.1016,-33.7082,-12.2596,-17.709,84.5401,-3.3034,6.0607,-90.0218,34.4732,13.2321,59.2532,-2.0599,-3.2616,-28.6681,30.7407,-4.3415,-0.0135,-0.0202,-0.0039,89.19,96.44,122.65,190.78,32.57
7,1,83,0.4814,0,0.0548,-0.181,0.1025,-34.8513,-12.2733,-17.4626,83.2357,-3.4155,5.6653,-89.0423,33.5232,13.3211,54.2272,-2.0009,-2.2319,-20.9396,29.9021,-0.7784,-0.0124,-0.0195,-0.0048,90.59,97.2,127.31,185.68,33.7
7,1,84,0.4872,0,0.0551,-0.1812,0.1034,-35.9691,-12.3323,-17.195,81.7018,-3.1637,5.1889,-87.6639,32.5325,13.4777,49.8762,-2.1139,-1.0987,-14.17,28.5576,1.5573,-0.0112,-0.0189,-0.0055,92.3,98.24,131.3,181.71,34.81
7,1,85,0.493,0,0.0555,-0.1814,0.1042,-37.052,-12.4349,-16.8788,79.9016,-2.5519,4.6661,-85.6567,31.4751,13.7488,44.9515,-2.3373,0.0453,-7.0409,26.8952,3.4119,-0.0101,-0.0184,-0.0062,94.34,99.75,135.79,177.5,35.89
7,1,86,0.4988,0,0.0558,-0.1815,0.105,-38.1246,-12.5799,-16.5029,77.9857,-1.5735,4.1,-83.4816,30.3837,14.0972,39.8611,-2.6307,1.1567,0.0607,24.986,4.7632,-0.0091,-0.018,-0.0067,96.55,101.35,140.47,173.07,36.95
7,1,87,0.5046,0,0.0561,-0.1815,0.1057,-39.1571,-12.7644,-16.0571,75.9075,-0.2477,3.5058,-80.7358,29.2501,14.5721,35.1797,-2.9452,2.2057,6.2029,22.9774,5.294,-0.0082,-0.0177,-0.0072,98.97,103.42,144.78,169.29,37.97
7,1,88,0.5104,0,0.0564,-0.1814,0.1064,-40.1712,-12.9809,-15.5415,73.7895,1.411,2.8652,-77.8841,28.1165,15.2072,30.6305,-3.2534,3.1487,11.913,20.8456,5.4194,-0.0075,-0.0175,-0.0074,101.46,105.57,149.02,165.55,38.97
7,1,89,0.5162,0,0.0568,-0.1813,0.1069,-41.1384,-13.225,-14.9571,71.6554,3.3796,2.1776,-74.7978,26.9861,16.0041,26.4661,-3.5302,3.9851,16.6893,18.6492,5.0468,-0.0068,-0.0173,-0.0074,103.99,107.93,152.95,162.4,39.92
7,1,90,0.522,0,0.0571,-0.1812,0.1074,-42.0471,-13.4788,-14.3291,69.581,5.607,1.3998,-71.678,25.9203,17.0328,22.6395,-3.7601,4.6889,20.7,16.3738,4.3518,-0.0064,-0.0173,-0.0073,106.48,110.35,156.59,159.65,40.81
7,1,91,0.5278,0,0.0575,-0.1809,0.1078,-42.9025,-13.7384,-13.669,67.5515,8.0678,0.5232,-68.5314,24.9001,18.324,19.13,-3.943,5.2559,24.0336,14.0148,3.4024,-0.0061,-0.0174,-0.007,108.94,112.82,159.95,157.27,41.65
7,1,92,0.5336,0,0.0579,-0.1806,0.1081,-43.6221,-13.9842,-13.0176,65.7478,10.6715,-0.4938,-65.6232,24.0399,19.805,16.1361,-4.0719,5.6909,26.4353,11.6142,2.2281,-0.0058,-0.0175,-0.0066,111.18,115.09,162.8,155.44,42.35
7,1,93,0.5394,0,0.0582,-0.1804,0.1084,-44.2977,-14.2094,-12.4,63.9743,13.3614,-1.6434,-62.7569,23.25,21.5968,13.3293,-4.164,5.986,28.547,9.168,0.9823,-0.0058,-0.0178,-0.0059,113.39,117.33,165.45,153.56,43.0
7,1,94,0.5452,0,0.0586,-0.1801,0.1086,-44.7406,-14.4024,-11.8493,62.6065,16.0453,-2.9765,-60.4538,22.7648,23.4489,11.082,-4.2214,6.1562,29.8304,6.7267,-0.3567,-0.0059,-0.0182,-0.0052,115.18,119.02,167.5,152.02,43.43
7,1,95,0.551,0,0.0591,-0.1798,0.1087,-45.1101,-14.5583,-11.4007,61.3266,18.616,-4.4141,-58.2948,22.4211,25.471,8.9622,-4.2694,6.2075,31.0025,4.3435,-1.6555,-0.006,-0.0189,-0.0044,116.86,120.57,169.39,150.21,43.79
7,1,96,0.5568,0,0.0595,-0.1795,0.1088,-45.2746,-14.6729,-11.0695,60.3799,21.0034,-5.9908,-56.6101,22.4078,27.4727,7.1397,-4.317,6.1552,31.8103,2.0443,-2.9069,-0.0061,-0.0196,-0.0034,118.16,121.63,170.92,148.27,43.94
7,1,97,0.5626,0,0.0599,-0.1792,0.1089,-45.2849,-14.8029,-10.653,59.5285,23.5735,-7.8299,-55.2921,22.5473,29.508,5.4255,-4.339,6.117,32.4943,-0.4098,-4.2648,-0.0062,-0.0204,-0.0024,119.42,122.13,172.28,145.94,43.94
7,1,98,0.5684,0,0.0603,-0.179,0.1089,-45.1462,-14.8625,-10.4422,58.8269,25.7976,-9.8751,-54.1474,23.0886,31.6926,3.8514,-4.3849,5.9202,33.0554,-2.6945,-5.4887,-0.0062,-0.0214,-0.0014,120.44,122.52,173.43,143.08,43.79
7,1,99,0.5742,0,0.0608,-0.1788,0.109,-44.7749,-14.8591,-10.4754,58.4179,27.4626,-11.9209,-53.2998,24.0712,33.623,2.3704,-4.4902,5.6226,33.4725,-4.6607,-6.5141,-0.0062,-0.0225,-0.0004,121.01,122.8,174.43,139.96,43.42
7,1,100,0.58,0,0.0612,-0.1788,0.109,-44.328,-14.8121,-10.7315,58.2789,28.5122,-13.6253,-52.5534,25.2258,35.0795,0.9114,-4.676,5.3018,33.8502,-6.2364,-7.3167,-0.0062,-0.0214,-0.0014,121.16,123.31,175.42,137.11,42.98
8,1,0,0.0,0,0.0721,-0.1783,0.1038,-44.328,-14.8121,-10.7315,58.2789,28.5122,-13.6253,-52.5534,25.2258,35.0795,0.9114,-4.676,5.3018,33.8502,-6.2364,-7.3167,0.0,0.0,0.0,121.16,123.31,175.42,137.11,42.98
8,1,1,0.0058,1,0.0724,-0.1785,0.1038,-43.5918,-14.7456,-11.2414,58.9832,28.4426,-14.1615,-52.464,26.4201,34.9136,-0.5435,-4.9983,5.1082,34.0205,-7.0998,-7.715,-0.0,-0.0004,0.0003,120.32,123.64,176.53,136.17,42.27
8,1,2,0.0116,1,0.0727,-0.1788,0.1039,-42.7994,-14.6941,-11.7846,60.1345,27.8316,-13.8318,-52.7239,27.3469,33.6875,-2.0222,-5.396,5.0346,34.1374,-7.5985,-7.9223,-0.0,-0.0004,0.0003,119.0,123.74,177.81,136.61,41.49
8,1,3,0.0174,1,0.0728,-0.1791,0.104,-41.8339,-14.6683,-12.2888,61.6801,26.7416,-12.7611,-53.4668,27.995,31.3694,-3.5053,-5.8501,5.0788,34.1186,-7.7861,-7.9602,-0.0002,-0.0019,0.0016,117.29,123.37,179.23,138.12,40.54
8,1,4,0.0232,1,0.0729,-0.1796,0.1041,-40.7986,-14.6775,-12.6979,63.3672,25.3722,-11.1859,-54.4512,28.2748,28.3287,-4.9877,-6.3356,5.2151,34.0152,-7.745,-7.8823,-0.0002,-0.0035,0.0029,115.45,122.72,180.76,140.1,39.52
8,1,5,0.029,1,0.073,-0.18,0.1042,-39.6916,-14.6843,-13.0932,64.7997,24.2178,-9.9888,-55.3548,28.5739,25.6482,-6.4391,-6.7941,5.3497,33.8475,-7.8301,-7.8584,-0.0003,-0.0052,0.0041,113.86,122.13,182.3,141.47,38.43
8,1,6,0.0348,1,0.073,-0.1805,0.1043,-38.5515,-14.7181,-13.4296,66.1498,22.9391,-8.5191,-56.2199,28.5238,22.6687,-7.8475,-7.2618,5.5622,33.5562,-7.7661,-7.7484,-0.0002,-0.007,0.0052,112.34,121.57,183.88,143.0,37.3
8,1,7,0.0406,1,0.0729,-0.181,0.1045,-37.3992,-14.7812,-13.6988,67.4724,21.5931,-6.8448,-57.0888,28.1683,19.4683,-9.2499,-7.7273,5.8489,33.2162,-7.5593,-7.5712,-0.0001,-0.0087,0.0062,110.85,120.96,185.53,144.47,36.15
8,1,8,0.0464,1,0.0728,-0.1816,0.1047,-36.278,-14.8751,-13.8908,68.5306,20.2763,-5.1,-57.6342,27.5144,16.3378,-10.541,-8.1742,6.2019,32.7029,-7.2709,-7.3388,0.0001,-0.0105,0.0071,109.62,120.62,187.11,145.89,35.04
8,1,9,0.0522,1,0.0726,-0.1821,0.1049,-35.1739,-15.0029,-14.0077,69.4682,19.055,-3.4047,-58.0386,26.7152,13.3183,-11.8009,-8.5878,6.6123,32.1435,-6.9106,-7.081,0.0003,-0.0122,0.0079,108.52,120.34,188.68,147.12,33.94
8,1,10,0.058,1,0.0723,-0.1826,0.1052,-34.1236,-15.1628,-14.0518,70.167,17.973,-1.8311,-58.1226,25.8195,10.5619,-12.94,-8.9578,7.0729,31.4458,-6.5135,-6.8026,0.0005,-0.0138,0.0086,107.68,120.31,190.14,148.27,32.89
8,1,11,0.0638,1,0.072,-0.1832,0.1054,-33.1078,-15.357,-14.0438,70.6904,17.0843,-0.4879,-58.0011,24.9592,8.127,-13.9819,-9.2668,7.5757,30.6606,-6.1008,-6.5231,0.0006,-0.0152,0.0092,107.03,120.43,191.48,149.34,31.88
8,1,12,0.0696,1,0.0717,-0.1836,0.1057,-32.1298,-15.5844,-13.9899,71.0373,16.3957,0.597,-57.6773,24.1835,6.0298,-14.9132,-9.5098,8.1154,29.7791,-5.6801,-6.2473,0.0008,-0.0165,0.0097,106.59,120.71,192.7,150.39,30.9
8,1,13,0.0754,1,0.0712,-0.184,0.1061,-31.1907,-15.8423,-13.9194,71.2136,15.9169,1.398,-57.1972,23.5439,4.3066,-15.6598,-9.6782,8.6799,28.7658,-5.2759,-5.979,0.001,-0.0176,0.01,106.35,121.13,193.68,151.52,29.96
8,1,14,0.0812,1,0.0708,-0.1843,0.1064,-30.2665,-16.131,-13.8432,71.2705,15.6381,1.912,-56.6251,23.0661,2.9157,-16.3295,-9.7645,9.2679,27.7024,-4.8808,-5.7269,0.0012,-0.0186,0.0103,106.25,121.63,194.55,152.67,29.04
8,1,15,0.087,1,0.0702,-0.1846,0.1068,-29.379,-16.4462,-13.7825,71.1897,15.5318,2.1788,-55.987,22.742,1.8573,-16.74,-9.7776,9.8623,26.4803,-4.5127,-5.4846,0.0013,-0.0192,0.0104,106.31,122.2,195.11,153.97,28.15
8,1,16,0.0928,1,0.0697,-0.1847,0.1072,-28.4984,-16.7865,-13.7516,71.0322,15.5726,2.2228,-55.3214,22.5688,1.0694,-17.0817,-9.7088,10.4647,25.2281,-4.1599,-5.2596,0.0014,-0.0196,0.0105,106.46,122.8,195.57,155.32,27.27
8,1,17,0.0986,1,0.0691,-0.1847,0.1076,-27.6412,-17.1486,-13.7602,70.7925,15.7301,2.0874,-54.6596,22.5277,0.5307,-17.2249,-9.5741,11.0596,23.8773,-3.8297,-5.0464,0.0015,-0.0199,0.0104,106.69,123.4,195.8,156.76,26.42
8,1,18,0.1044,1,0.0684,-0.1846,0.1081,-26.8007,-17.5268,-13.8215,70.5126,15.9646,1.8271,-54.011,22.5952,0.1811,-17.2679,-9.3784,11.6421,22.4914,-3.5147,-4.8452,0.0015,-0.0199,0.0102,106.96,124.0,195.91,158.24,25.59
8,1,19,0.1102,1,0.0678,-0.1844,0.1086,-25.9813,-17.9187,-13.9395,70.1977,16.2583,1.463,-53.3836,22.7636,0.0002,-17.1931,-9.1295,12.2063,21.0632,-3.2154,-4.6538,0.0016,-0.0197,0.01,107.26,124.59,195.89,159.76,24.78
8,1,20,0.116,1,0.0671,-0.184,0.109,-25.1981,-18.3169,-14.1171,69.8854,16.5705,1.0601,-52.7977,23.0015,-0.0734,-17.0101,-8.8485,12.7414,19.6096,-2.9283,-4.4696,0.0015,-0.0193,0.0096,107.54,125.15,195.77,161.3,24.0
8,1,21,0.1218,1,0.0664,-0.1836,0.1095,-24.4298,-18.718,-14.356,69.5654,16.8909,0.6232,-52.2211,23.3066,-0.0544,-16.7728,-8.5312,13.2482,18.1449,-2.6531,-4.2915,0.0015,-0.0188,0.0092,107.81,125.71,195.6,162.83,23.25
8,1,22,0.1276,1,0.0656,-0.183,0.11,-23.721,-19.1162,-14.654,69.2867,17.1977,0.2015,-51.693,23.6592,0.0217,-16.4471,-8.2032,13.7145,16.6764,-2.388,-4.1182,0.0014,-0.0181,0.0086,108.01,126.23,195.35,164.36,22.55
8,1,23,0.1334,1,0.0649,-0.1824,0.1105,-23.0283,-19.5075,-15.0086,69.0217,17.4822,-0.204,-51.1687,24.052,0.1342,-16.0968,-7.8552,14.1421,15.2123,-2.1364,-3.9488,0.0013,-0.0173,0.0081,108.17,126.76,195.08,165.86,21.88
8,1,24,0.1392,1,0.0641,-0.1816,0.111,-22.39,-19.8885,-15.4172,68.806,17.7377,-0.5654,-50.6681,24.4757,0.2712,-15.7058,-7.5036,14.5222,13.7624,-1.897,-3.7811,0.0012,-0.0164,0.0074,108.26,127.27,194.77,167.34,21.26
8,1,25,0.145,1,0.0634,-0.1808,0.1114,-21.7816,-20.2569,-15.8755,68.6307,17.9609,-0.8727,-50.1719,24.9174,0.4149,-15.3036,-7.1438,14.8492,12.3284,-1.6746,-3.6147,0.0009,-0.0155,0.0067,108.28,127.79,194.46,168.79,20.67
8,1,26,0.1508,1,0.0626,-0.18,0.1118,-21.2109,-20.6116,-16.3826,68.5062,18.1522,-1.1153,-49.6828,25.3704,0.5606,-14.8888,-6.7794,15.1211,10.9119,-1.4694,-3.4476,0.0006,-0.0145,0.0059,108.23,128.3,194.13,170.21,20.12
8,1,27,0.1566,1,0.0619,-0.1791,0.1122,-20.6826,-20.9531,-16.9326,68.4432,18.3161,-1.2793,-49.1906,25.8211,0.7015,-14.4825,-6.4083,15.3329,9.5244,-1.2829,-3.2809,0.0001,-0.0136,0.0051,108.1,128.82,193.81,171.59,19.61
8,1,28,0.1624,1,0.0611,-0.1781,0.1126,-20.1738,-21.2825,-17.5256,68.426,18.4558,-1.364,-48.6975,26.2644,0.8342,-14.0727,-6.0298,15.4797,8.1485,-1.1183,-3.1105,-0.0004,-0.0127,0.0042,107.9,129.32,193.48,172.94,19.13
8,1,29,0.1682,1,0.0604,-0.1772,0.113,-19.7241,-21.6028,-18.1588,68.5016,18.579,-1.3485,-48.1964,26.6895,0.9564,-13.6978,-5.6408,15.563,6.8154,-0.9716,-2.938,-0.0012,-0.0118,0.0033,107.59,129.81,193.17,174.25,18.7
8,1,30,0.174,1,0.0598,-0.1762,0.1132,-19.2898,-21.9156,-18.8326,68.6295,18.6903,-1.2428,-47.6935,27.0946,1.0703,-13.3264,-5.2394,15.5794,5.4934,-0.8491,-2.7618,-0.002,-0.0109,0.0024,107.22,130.28,192.86,175.54,18.29
8,1,31,0.1798,1,0.0591,-0.1753,0.1135,-18.9042,-22.2222,-19.5459,68.8522,18.7931,-1.0334,-47.184,27.4766,1.1723,-12.9958,-4.8245,15.5316,4.2076,-0.7458,-2.581,-0.0029,-0.0102,0.0014,106.73,130.72,192.58,176.79,17.93
8,1,32,0.1856,1,0.0585,-0.1743,0.1137,-18.5449,-22.5258,-20.3028,69.1469,18.8936,-0.7262,-46.6704,27.8393,1.2719,-12.6835,-4.3902,15.4194,2.9372,-0.6706,-2.3964,-0.004,-0.0095,0.0005,106.16,131.13,192.3,178.02,17.6
8,1,33,0.1914,1,0.0579,-0.1734,0.1138,-18.2224,-22.8261,-21.1032,69.5264,18.9925,-0.321,-46.1518,28.1858,1.3708,-12.3997,-3.936,15.2438,1.6875,-0.6247,-2.2066,-0.0052,-0.0088,-0.0004,105.49,131.5,192.05,179.21,17.31
8,1,34,0.1972,1,0.0573,-0.1724,0.1139,-17.9422,-23.1246,-21.9494,69.9988,19.093,0.1742,-45.6246,28.5275,1.4767,-12.9374,-3.4543,15.012,1.2412,-0.587,-2.0228,-0.0065,-0.0084,-0.0013,104.71,131.83,192.6,179.66,17.06
8,1,35,0.203,1,0.0568,-0.1715,0.1139,-17.6838,-23.4196,-22.8438,70.5337,19.1928,0.7465,-45.0904,28.8733,1.5996,-13.8851,-2.9452,14.7206,1.1968,-0.5862,-1.8394,-0.0078,-0.0079,-0.0022,103.85,132.12,193.57,179.73,16.83
8,1,36,0.2088,1,0.0564,-0.1706,0.1139,-17.4867,-23.7113,-23.7858,71.1779,19.2928,1.3943,-44.5295,29.235,1.7442,-13.7994,-2.3964,14.3766,0.0843,-0.6745,-1.6456,-0.0092,-0.0076,-0.003,102.86,132.38,193.5,180.74,16.66
8,1,37,0.2146,1,0.0559,-0.1697,0.1138,-17.305,-23.9966,-24.7753,71.8634,19.3934,2.0864,-43.9508,29.6226,1.9292,-13.6203,-1.8105,13.9774,-1.1303,-0.8254,-1.4497,-0.0105,-0.0074,-0.0036,101.82,132.63,193.35,181.82,16.51
8,1,38,0.2204,1,0.0555,-0.1689,0.1136,-17.1773,-24.2739,-25.8083,72.6323,19.492,2.8208,-43.329,30.0456,2.1542,-13.4884,-1.1806,13.5272,-2.335,-1.0372,-1.2512,-0.0119,-0.0073,-0.0042,100.67,132.86,193.26,182.87,16.42
8,1,39,0.2262,1,0.0551,-0.168,0.1134,-17.0696,-24.5375,-26.874,73.4277,19.5914,3.5507,-42.6735,30.5175,2.4389,-13.3732,-0.5084,13.0244,-3.5392,-1.3087,-1.0522,-0.0131,-0.0074,-0.0047,99.48,133.1,193.2,183.89,16.34
8,1,40,0.232,1,0.0547,-0.1672,0.1132,-16.9911,-24.7856,-27.9649,74.2544,19.6915,4.2647,-41.973,31.0426,2.7819,-13.2872,0.2028,12.4696,-4.7418,-1.6344,-0.8486,-0.0143,-0.0075,-0.005,98.25,133.34,193.18,184.88,16.3
8,1,41,0.2378,1,0.0544,-0.1663,0.1128,-16.9217,-25.0085,-29.0484,75.0671,19.7973,4.8986,-41.2305,31.6304,3.1902,-13.2051,0.9426,11.8676,-5.9605,-1.9906,-0.6422,-0.0153,-0.0078,-0.0052,97.03,133.62,193.2,185.88,16.26
8,1,42,0.2436,1,0.054,-0.1655,0.1124,-16.857,-25.2027,-30.1049,75.846,19.913,5.4238,-40.4514,32.2834,3.6657,-13.1266,1.7012,11.2173,-7.1891,-2.3592,-0.4323,-0.0162,-0.0083,-0.0052,95.86,133.93,193.25,186.86,16.23
8,1,43,0.2494,1,0.0537,-0.1647,0.1119,-16.7796,-25.3597,-31.0973,76.5572,20.0424,5.7847,-39.6482,33.0026,4.1988,-12.9888,2.4607,10.5257,-8.486,-2.7048,-0.2203,-0.017,-0.0089,-0.0051,94.79,134.29,193.27,187.92,16.17
8,1,44,0.2552,1,0.0534,-0.164,0.1113,-16.6977,-25.472,-31.9854,77.1822,20.1878,5.938,-38.8196,33.7876,4.7856,-12.8264,3.201,9.7943,-9.813,-2.9847,-0.0116,-0.0176,-0.0097,-0.0048,93.85,134.72,193.29,189.01,16.11
8,1,45,0.261,1,0.0531,-0.1632,0.1107,-16.5934,-25.5356,-32.744,77.6968,20.3505,5.8515,-37.9993,34.6332,5.4107,-12.5242,3.9035,9.033,-11.2678,-3.1677,0.189,-0.018,-0.0107,-0.0045,93.09,135.23,193.19,190.27,16.03
8,1,46,0.2668,1,0.0527,-0.1625,0.11,-16.4874,-25.5413,-33.3249,78.0964,20.5233,5.4863,-37.1809,35.5336,6.0591,-12.1188,4.5386,8.2401,-12.813,-3.1913,0.3675,-0.0184,-0.0119,-0.004,92.53,135.83,193.02,191.67,15.93
8,1,47,0.2726,1,0.0524,-0.1619,0.1092,-16.378,-25.4886,-33.7168,78.3777,20.7006,4.8361,-36.3838,36.4838,6.7178,-11.5455,5.0922,7.423,-14.5011,-3.0365,0.509,-0.0186,-0.0132,-0.0034,92.19,136.55,192.69,193.3,15.83
8,1,48,0.2784,1,0.0521,-0.1613,0.1083,-16.2835,-25.3769,-33.8968,78.5572,20.8668,3.9056,-35.6431,37.4707,7.3587,-10.7121,5.5297,6.5789,-16.394,-2.6514,0.5927,-0.0188,-0.0147,-0.0027,92.03,137.37,192.1,195.26,15.74
8,1,49,0.2842,1,0.0518,-0.1608,0.1074,-16.1987,-25.2067,-33.8658,78.6334,21.0118,2.704,-34.9296,38.49,7.9711,-9.726,5.847,5.7035,-18.4058,-2.0352,0.587,-0.019,-0.0164,-0.0019,92.08,138.31,191.36,197.51,15.65
8,1,50,0.29,1,0.0515,-0.1604,0.1064,-16.1614,-24.9844,-33.6395,78.6594,21.1186,1.2918,-34.3545,39.5294,8.5376,-8.2196,6.0176,4.8008,-20.7917,-1.184,0.465,-0.0191,-0.0181,-0.0011,92.25,139.29,190.06,200.33,15.6
8,1,51,0.2958,1,0.0512,-0.1601,0.1054,-16.1391,-24.7145,-33.2407,78.6272,21.1761,-0.2948,-33.8273,40.5828,9.0403,-6.5378,6.0547,3.8503,-23.2949,-0.1364,0.1775,-0.0192,-0.02,-0.0003,92.55,140.38,188.51,203.54,15.57
8,1,52,0.3016,1,0.0509,-0.16,0.1043,-16.1729,-24.4028,-32.7004,78.5898,21.1766,-1.9836,-33.5026,41.6404,9.4835,-4.1435,5.9532,2.8638,-26.2624,1.0597,-0.3124,-0.0194,-0.022,0.0006,92.9,141.42,186.11,207.55,15.58
8,1,53,0.3074,1,0.0507,-0.1599,0.1031,-16.225,-24.0556,-32.0684,78.5562,21.1116,-3.692,-33.3017,42.6928,9.8492,-1.3598,5.7602,1.8239,-29.4545,2.275,-1.0592,-0.0196,-0.0239,0.0014,93.26,142.46,183.1,212.13,15.61
8,1,54,0.3132,1,0.0506,-0.1599,0.102,-16.3087,-23.6758,-31.37,78.5491,20.9813,-5.3728,-33.3032,43.7333,10.1454,2.0895,5.4962,0.7417,-33.0334,3.4199,-2.0954,-0.0198,-0.0259,0.0022,93.61,143.41,179.11,217.55,15.68
8,1,55,0.319,1,0.0505,-0.1601,0.1008,-16.4021,-23.269,-30.6653,78.5783,20.7857,-6.92,-33.5394,44.7453,10.3857,6.3066,5.2458,-0.351,-36.9891,4.2642,-3.4498,-0.02,-0.0278,0.003,93.9,144.18,173.89,223.78,15.75
8,1,56,0.3248,1,0.0504,-0.1604,0.0996,-16.5029,-22.8358,-29.9686,78.6755,20.5293,-8.3005,-33.9496,45.7223,10.5517,11.005,5.0496,-1.4311,-41.1387,4.6856,-5.0904,-0.0203,-0.0296,0.0037,94.11,144.79,167.72,230.58,15.82
8,1,57,0.3306,1,0.0505,-0.1608,0.0985,-16.6043,-22.3774,-29.3171,78.7993,20.2192,-9.4472,-34.7009,46.6398,10.7157,16.8282,4.9893,-2.4094,-45.6831,4.4365,-6.9694,-0.0206,-0.0314,0.0043,94.26,145.07,159.78,238.05,15.9
8,1,58,0.3364,1,0.0506,-0.1613,0.0974,-16.7063,-21.8939,-28.7161,79.0228,19.8616,-10.3288,-35.6022,47.4887,10.8139,22.9416,5.0841,-3.2214,-50.1486,3.445,-8.9335,-0.0209,-0.0328,0.0048,94.29,145.09,151.25,245.22,15.98
8,1,59,0.3422,1,0.0508,-0.1619,0.0964,-16.8106,-21.3851,-28.174,79.2536,19.4649,-10.9268,-36.8506,48.2392,10.9627,30.0968,5.3739,-3.7646,-54.7223,1.5615,-10.8297,-0.0212,-0.0342,0.0053,94.27,144.71,141.43,251.88,16.06
8,1,60,0.348,1,0.051,-0.1626,0.0955,-16.9229,-20.8522,-27.6813,79.5612,19.0374,-11.2333,-38.2688,48.8751,11.0947,37.5204,5.7937,-3.9487,-59.0381,-1.1168,-12.4711,-0.0215,-0.0353,0.0057,94.16,144.0,131.7,256.97,16.15
8,1,61,0.3538,1,0.0513,-0.1633,0.0946,-17.0501,-20.2959,-27.2327,79.8884,18.5824,-11.2541,-39.9284,49.3766,11.2777,45.4734,6.3147,-3.7185,-63.162,-4.5556,-13.6886,-0.0218,-0.0362,0.006,94.0,142.9,122.06,260.31,16.26
8,1,62,0.3596,1,0.0517,-0.1641,0.0938,-17.2139,-19.7224,-26.8024,80.2281,18.1099,-11.0254,-41.7751,49.723,11.5231,53.5956,6.7906,-3.0419,-67.0042,-8.4523,-14.4124,-0.022,-0.0368,0.0061,93.83,141.47,113.11,261.94,16.41
8,1,63,0.3654,1,0.0521,-0.165,0.0932,-17.4036,-19.1334,-26.3807,80.5943,17.6144,-10.5706,-43.768,49.9158,11.787,61.8298,7.1352,-1.9562,-70.7053,-12.6662,-14.5781,-0.0222,-0.0371,0.0062,93.62,139.74,104.94,262.49,16.58
8,1,64,0.3712,0,0.0526,-0.1658,0.0926,-17.6826,-18.5375,-25.9424,80.9234,17.108,-9.939,-45.9358,49.9377,12.1848,69.6518,7.2057,-0.531,-73.9254,-16.7314,-14.413,-0.0224,-0.0372,0.0062,93.44,137.73,97.88,262.37,16.84
8,1,65,0.377,0,0.0532,-0.1667,0.0921,-17.992,-17.9382,-25.4748,81.2649,16.5725,-9.1831,-48.1867,49.8169,12.5697,77.2841,6.9148,1.0637,-77.1622,-20.567,-13.9052,-0.0225,-0.037,0.0062,93.26,135.54,91.61,262.47,17.13
8,1,66,0.3828,0,0.0538,-0.1676,0.0917,-18.4309,-17.3406,-24.9643,81.577,16.0195,-8.3252,-50.6208,49.5375,13.0824,83.7088,6.1902,2.7001,-79.4108,-23.6783,-13.7378,-0.0226,-0.0367,0.006,93.11,133.11,86.74,262.29,17.54
8,1,67,0.3886,0,0.0544,-0.1685,0.0914,-18.9236,-16.7504,-24.4011,81.8875,15.4237,-7.427,-53.1496,49.1439,13.5886,89.5451,5.0399,4.098,-81.4167,-26.043,-13.8314,-0.0226,-0.0361,0.0058,92.96,130.57,82.68,262.5,18.01
8,1,68,0.3944,0,0.0551,-0.1693,0.0912,-19.5235,-16.1706,-23.7806,82.1917,14.7888,-6.5016,-55.8486,48.6364,14.1439,94.192,3.4946,5.1223,-82.4768,-27.3865,-14.7419,-0.0225,-0.0354,0.0055,92.81,127.87,79.78,262.42,18.59
8,1,69,0.4002,0,0.0558,-0.1702,0.0911,-20.2094,-15.6039,-23.1028,82.4951,14.0919,-5.5828,-58.7066,48.0507,14.7141,97.7783,1.7064,5.5386,-82.7602,-27.5138,-16.487,-0.0224,-0.0344,0.0052,92.67,125.04,77.85,261.99,19.25
8,1,70,0.406,0,0.0566,-0.171,0.0911,-20.9582,-15.0528,-22.3694,82.7901,13.3261,-4.6838,-61.6794,47.3978,15.2745,100.6204,-0.189,5.2725,-82.6336,-26.4158,-18.8457,-0.0222,-0.0334,0.0048,92.52,122.13,76.56,261.26,19.98
8,1,71,0.4118,0,0.0573,-0.1718,0.0911,-21.8177,-14.517,-21.5908,83.1008,12.4808,-3.8007,-64.8232,46.6929,15.8479,101.9591,-1.9762,4.2958,-81.5162,-23.7099,-21.9537,-0.0219,-0.0322,0.0044,92.35,119.12,76.41,259.46,20.81
8,1,72,0.4176,0,0.0581,-0.1726,0.0912,-22.708,-13.9996,-20.7754,83.3957,11.5452,-2.9537,-68.0016,45.9542,16.3634,102.8924,-3.4856,2.6905,-80.5923,-19.8217,-24.9057,-0.0216,-0.031,0.0039,92.18,116.13,76.47,257.46,21.67
8,1,73,0.4234,0,0.0589,-0.1733,0.0914,-23.7021,-13.4995,-19.9361,83.6916,10.519,-2.1265,-71.1831,45.1737,16.8711,101.9997,-4.5794,0.5927,-78.8531,-14.2215,-27.8048,-0.0212,-0.0298,0.0034,91.99,113.19,77.83,254.31,22.64
8,1,74,0.4292,0,0.0597,-0.174,0.0916,-24.7266,-13.0199,-19.0887,83.9603,9.4078,-1.3438,-74.2976,44.3721,17.2915,100.479,-5.1962,-1.7422,-77.1841,-7.7479,-29.8508,-0.0206,-0.0285,0.0027,91.81,110.37,79.55,250.83,23.63
8,1,75,0.435,0,0.0605,-0.1746,0.092,-25.8152,-12.5604,-18.2424,84.196,8.2192,-0.6035,-77.2422,43.5433,17.6556,97.5512,-5.337,-4.1491,-74.8881,-0.2799,-30.885,-0.02,-0.0273,0.0021,91.64,107.75,82.29,246.4,24.69
8,1,76,0.4408,0,0.0613,-0.1752,0.0924,-26.9405,-12.1266,-17.4179,84.3559,6.9941,0.0685,-79.9344,42.6942,17.9438,93.6879,-5.1017,-6.3399,-71.8447,7.3816,-30.6063,-0.0193,-0.026,0.0013,91.53,105.39,85.76,240.77,25.79
8,1,77,0.4466,0,0.0621,-0.1758,0.0929,-28.0938,-11.7198,-16.6204,84.452,5.7545,0.6602,-82.4548,41.84,18.1324,89.0754,-4.5769,-8.2253,-67.8206,14.8396,-28.8576,-0.0186,-0.0249,0.0005,91.47,103.22,89.88,233.28,26.91
8,1,78,0.4524,0,0.0628,-0.1763,0.0935,-29.2713,-11.3446,-15.8623,84.367,4.5613,1.1497,-84.4483,40.9575,18.3069,83.8348,-3.9523,-9.6426,-62.4024,21.4249,-25.6752,-0.0177,-0.0238,-0.0003,91.59,101.52,94.57,223.35,28.07
8,1,79,0.4582,0,0.0636,-0.1768,0.0942,-30.4538,-11.0048,-15.1456,84.2011,3.4638,1.524,-86.356,40.0912,18.3714,78.4271,-3.2818,-10.5927,-55.7613,26.7544,-21.1962,-0.0167,-0.0228,-0.0012,91.79,99.88,99.52,211.2,29.22
8,1,80,0.464,0,0.0644,-0.1772,0.0949,-31.6267,-10.7034,-14.4729,83.7247,2.5142,1.7766,-87.513,39.1789,18.5081,73.0079,-2.7399,-11.0426,-48.0555,30.4324,-16.0251,-0.0157,-0.0218,-0.0021,92.32,98.87,104.5,199.15,30.37
8,1,81,0.4698,0,0.0651,-0.1776,0.0957,-32.7835,-10.4485,-13.8369,83.1008,1.7855,1.9016,-88.4922,38.2705,18.6026,67.6883,-2.3075,-11.0607,-39.6821,32.5602,-10.5413,-0.0146,-0.0209,-0.003,93.02,97.95,109.45,188.84,31.51
8,1,82,0.4756,0,0.0659,-0.1779,0.0965,-33.9048,-10.241,-13.2348,82.1781,1.3082,1.9086,-88.8853,37.3237,18.7696,62.5878,-2.0679,-10.6811,-31.1852,33.2459,-5.5175,-0.0135,-0.0202,-0.0039,94.04,97.46,114.24,181.44,32.61
8,1,83,0.4814,0,0.0666,-0.1782,0.0974,-34.9871,-10.0898,-12.6475,81.0058,1.1514,1.8006,-88.8183,36.3327,19.0133,57.6582,-1.9876,-10.0131,-22.8805,32.8382,-1.225,-0.0124,-0.0195,-0.0048,95.35,97.26,118.89,176.23,33.67
8,1,84,0.4872,0,0.0673,-0.1784,0.0982,-36.0362,-9.997,-12.0682,79.617,1.3352,1.5894,-88.3734,35.2956,19.3271,52.8581,-2.0588,-9.0946,-14.9127,31.6298,2.1445,-0.0112,-0.0189,-0.0055,96.91,97.27,123.48,172.31,34.7
8,1,85,0.493,0,0.0681,-0.1785,0.099,-37.0257,-9.9626,-11.4763,77.9407,1.8767,1.2838,-87.2094,34.1717,19.7867,49.1416,-2.276,-8.031,-8.6271,30.0049,3.9422,-0.0101,-0.0184,-0.0062,98.79,97.79,127.05,170.1,35.67
8,1,86,0.4988,0,0.0688,-0.1786,0.0997,-37.9974,-9.989,-10.8638,76.1488,2.7881,0.8808,-85.8477,32.9934,20.3375,45.6482,-2.5649,-6.8595,-2.8461,28.11,5.0136,-0.0091,-0.018,-0.0067,100.81,98.38,130.45,168.07,36.62
8,1,87,0.5046,0,0.0695,-0.1786,0.1004,-38.9101,-10.072,-10.2204,74.1598,4.0547,0.3831,-83.6809,31.7274,21.0344,41.158,-2.96,-5.6126,3.3596,25.9906,5.8236,-0.0082,-0.0177,-0.0072,103.06,99.6,135.04,165.44,37.51
8,1,88,0.5104,0,0.0702,-0.1785,0.101,-39.8068,-10.2072,-9.5466,72.1269,5.6603,-0.229,-81.3269,30.4157,21.8751,36.7057,-3.3751,-4.3367,9.1302,23.7484,6.1582,-0.0075,-0.0175,-0.0074,105.39,100.94,139.73,162.63,38.39
8,1,89,0.5162,0,0.0708,-0.1783,0.1015,-40.6594,-10.3889,-8.8407,70.0553,7.5809,-0.9601,-78.5161,29.0588,22.8538,32.4258,-3.8154,-3.0306,14.002,21.482,5.911,-0.0068,-0.0173,-0.0074,107.78,102.67,144.34,160.28,39.22
8,1,90,0.522,0,0.0715,-0.1781,0.1019,-41.4718,-10.6026,-8.1245,68.0295,9.7508,-1.8413,-75.5139,27.7192,24.0039,28.3681,-4.2415,-1.7294,18.0888,19.2069,5.2829,-0.0064,-0.0173,-0.0073,110.16,104.61,148.75,158.3,40.01
8,1,91,0.5278,0,0.0722,-0.1778,0.1023,-42.247,-10.8427,-7.4066,66.0284,12.1416,-2.8797,-72.3442,26.3853,25.3446,24.518,-4.6352,-0.442,21.4852,16.9195,4.3639,-0.0061,-0.0174,-0.007,112.55,106.72,152.9,156.74,40.76
8,1,92,0.5336,0,0.0729,-0.1774,0.1025,-42.9334,-11.089,-6.7196,64.2282,14.6462,-4.0945,-69.209,25.1952,26.797,21.1452,-4.9783,0.8144,23.8598,14.6646,3.1679,-0.0058,-0.0175,-0.0066,114.77,108.82,156.43,155.93,41.42
8,1,93,0.5394,0,0.0736,-0.1771,0.1027,-43.5901,-11.3348,-6.0871,62.4318,17.21,-5.465,-66.0551,24.0489,28.4645,17.9306,-5.2627,2.0091,25.9112,12.4045,1.9119,-0.0058,-0.0178,-0.0059,117.0,110.99,159.67,155.13,42.06
8,1,94,0.5452,0,0.0742,-0.1767,0.1028,-44.0834,-11.5663,-5.5365,61.0018,19.73,-7.0214,-63.2542,23.2207,30.1313,15.3327,-5.4795,3.1355,27.0216,10.175,0.5289,-0.0059,-0.0182,-0.0052,118.88,112.8,162.09,154.78,42.53
8,1,95,0.551,0,0.0749,-0.1762,0.1028,-44.5177,-11.7731,-5.0982,59.626,22.1147,-8.6767,-60.5524,22.5222,31.8998,12.8765,-5.6396,4.1595,27.9992,7.989,-0.784,-0.006,-0.0189,-0.0044,120.67,114.56,164.26,154.01,42.95
8,1,96,0.5568,0,0.0755,-0.1759,0.1028,-44.7875,-11.9496,-4.7859,58.5437,24.2914,-10.4507,-58.21,22.1578,33.6163,10.7764,-5.7458,5.0786,28.576,5.8587,-2.04,-0.0061,-0.0196,-0.0034,122.14,115.99,165.94,152.91,43.21
8,1,97,0.5626,0,0.0762,-0.1754,0.1028,-44.921,-12.1467,-4.3923,57.5152,26.6201,-12.5124,-56.185,21.9565,35.375,8.7966,-5.7858,6.0674,29.0318,3.6068,-3.3601,-0.0062,-0.0204,-0.0024,123.62,116.88,167.42,151.28,43.33
8,1,98,0.5684,0,0.0768,-0.175,0.1028,-44.9222,-12.2876,-4.2084,56.626,28.5646,-14.7176,-54.2954,22.1323,37.2122,6.9949,-5.7918,6.8506,29.3621,1.4573,-4.519,-0.0062,-0.0214,-0.0014,124.85,117.77,168.63,148.61,43.33
8,1,99,0.5742,0,0.0773,-0.1747,0.1027,-44.697,-12.3679,-4.2662,56.0535,29.9503,-16.8607,-52.7442,22.7558,38.7747,5.3426,-5.8007,7.4312,29.5689,-0.4773,-5.4799,-0.0062,-0.0225,-0.0004,125.57,118.6,169.64,145.08,43.11
8,1,100,0.58,0,0.0778,-0.1745,0.1027,-44.3974,-12.3954,-4.5493,55.7768,30.7846,-18.6124,-51.3256,23.5376,39.906,3.7489,-5.83,7.8733,29.7508,-2.1286,-6.23,-0.0062,-0.0214,-0.0014,125.83,119.78,170.64,141.55,42.82
9,1,0,0.0,0,0.072,-0.1761,0.1027,-44.3974,-12.3954,-4.5493,55.7768,30.7846,-18.6124,-51.3256,23.5376,39.906,3.7489,-5.83,7.8733,29.7508,-2.1286,-6.23,0.0,0.0,0.0,125.83,119.78,170.64,141.55,42.82
9,1,1,0.0058,1,0.0723,-0.1761,0.1028,-43.8078,-12.3667,-5.0919,56.4116,30.685,-19.1977,-50.758,24.4202,39.6664,2.2918,-5.9175,8.239,29.7762,-3.1923,-6.6202,-0.0,-0.0004,0.0003,124.98,120.69,171.8,140.22,42.25
9,1,2,0.0116,1,0.0726,-0.1762,0.1028,-43.1638,-12.3318,-5.6774,57.5151,30.187,-18.9429,-50.5833,25.0626,38.5851,0.8521,-6.0133,8.6295,29.7768,-3.9582,-6.8376,-0.0,-0.0004,0.0003,123.64,121.41,173.19,140.69,41.62
9,1,3,0.0174,1,0.0727,-0.1764,0.103,-42.3198,-12.3123,-6.2298,59.079,29.3172,-17.9734,-51.076,25.5209,36.5993,-0.5023,-6.1246,9.0372,29.6776,-4.4449,-6.9074,-0.0002,-0.0019,0.0016,121.86,121.45,174.68,142.52,40.8
9,1,4,0.0232,1,0.0728,-0.1767,0.1032,-41.4008,-12.3283,-6.6818,60.838,28.2354,-16.4772,-51.9242,25.6718,34.0028,-1.7964,-6.2512,9.4405,29.5266,-4.697,-6.8693,-0.0002,-0.0035,0.0029,119.93,121.1,176.19,145.01,39.9
9,1,5,0.029,1,0.0729,-0.177,0.1034,-40.3815,-12.3478,-7.1161,62.3647,27.2841,-15.364,-52.8336,25.8832,31.6797,-3.001,-6.3712,9.8336,29.3182,-5.0441,-6.8807,-0.0003,-0.0052,0.0041,118.24,120.63,177.59,146.61,38.89
9,1,6,0.0348,1,0.0729,-0.1774,0.1036,-39.3164,-12.3936,-7.4828,63.8517,26.2379,-13.976,-53.8709,25.8035,29.0942,-4.0946,-6.5102,10.211,29.0227,-5.2319,-6.8176,-0.0002,-0.007,0.0052,116.61,120.07,178.91,148.41,37.84
9,1,7,0.0406,1,0.0728,-0.1778,0.1039,-38.2254,-12.4664,-7.7779,65.3168,25.132,-12.3567,-54.9932,25.4531,26.3069,-5.1269,-6.6676,10.5719,28.6763,-5.2645,-6.6904,-0.0001,-0.0087,0.0062,115.01,119.43,180.18,150.21,36.76
9,1,8,0.0464,1,0.0727,-0.1783,0.1042,-37.1534,-12.5736,-7.9853,66.5438,24.056,-10.6525,-55.9608,24.8378,23.5592,-6.0037,-6.8512,10.9042,28.199,-5.1845,-6.5185,0.0001,-0.0105,0.0071,113.67,118.97,181.28,151.93,35.7
9,1,9,0.0522,1,0.0725,-0.1788,0.1046,-36.0906,-12.7156,-8.1079,67.6572,23.045,-8.9585,-56.8441,24.1046,20.8686,-6.8418,-7.0541,11.2068,27.6873,-5.0019,-6.3179,0.0003,-0.0122,0.0079,112.47,118.55,182.32,153.44,34.64
9,1,10,0.058,1,0.0722,-0.1794,0.105,-35.0982,-12.8933,-8.1503,68.4863,22.1498,-7.3522,-57.421,23.2732,18.4062,-7.5258,-7.2858,11.4724,27.0368,-4.7482,-6.0964,0.0005,-0.0138,0.0086,111.57,118.39,183.18,154.83,33.65
9,1,11,0.0638,1,0.0718,-0.1799,0.1054,-34.1317,-13.1053,-8.1343,69.1681,21.3922,-5.9365,-57.8479,22.5123,16.1579,-8.1681,-7.539,11.7041,26.3496,-4.4371,-5.873,0.0006,-0.0152,0.0092,110.85,118.31,183.97,156.04,32.68
9,1,12,0.0696,1,0.0715,-0.1805,0.1058,-33.2281,-13.3505,-8.069,69.6433,20.7854,-4.7375,-58.0372,21.8509,14.1796,-8.7033,-7.8168,11.9001,25.5685,-4.0866,-5.6482,0.0008,-0.0165,0.0097,110.36,118.39,184.62,157.19,31.78
9,1,13,0.0754,1,0.071,-0.181,0.1062,-32.3555,-13.6244,-7.9928,69.9666,20.334,-3.7983,-58.0828,21.3695,12.4746,-9.1591,-8.1109,12.0695,24.724,-3.7163,-5.4325,0.001,-0.0176,0.01,110.04,118.54,185.16,158.26,30.91
9,1,14,0.0812,1,0.0705,-0.1815,0.1066,-31.5144,-13.9269,-7.9154,70.1467,20.0302,-3.1195,-58.0013,21.0911,11.03,-9.5354,-8.4209,12.2132,23.8168,-3.333,-5.227,0.0012,-0.0186,0.0103,109.88,118.74,185.6,159.32,30.07
9,1,15,0.087,1,0.07,-0.182,0.1071,-30.6911,-14.2518,-7.8724,70.1968,19.8543,-2.6726,-57.8275,21.0092,9.8346,-9.8007,-8.7352,12.344,22.8271,-2.9557,-5.0318,0.0013,-0.0192,0.0104,109.85,118.97,185.91,160.38,29.24
9,1,16,0.0928,1,0.0694,-0.1824,0.1075,-29.8752,-14.5984,-7.8747,70.1578,19.7888,-2.4384,-57.6041,21.1258,8.8517,-10.0215,-9.0478,12.4682,21.8044,-2.5831,-4.8498,0.0014,-0.0196,0.0105,109.91,119.2,186.17,161.45,28.43
9,1,17,0.0986,1,0.0688,-0.1827,0.1079,-29.0535,-14.9622,-7.9412,70.0119,19.8065,-2.369,-57.3338,21.4006,8.061,-10.1226,-9.3507,12.5946,20.6903,-2.2288,-4.675,0.0015,-0.0199,0.0104,110.07,119.45,186.31,162.56,27.61
9,1,18,0.1044,1,0.0682,-0.183,0.1084,-28.2296,-15.3409,-8.0793,69.8181,19.8863,-2.4231,-57.0468,21.8092,7.4172,-10.204,-9.6329,12.735,19.5611,-1.8879,-4.5104,0.0015,-0.0199,0.0102,110.26,119.7,186.43,163.67,26.8
9,1,19,0.1102,1,0.0676,-0.1831,0.1088,-27.396,-15.7306,-8.2947,69.5692,20.0068,-2.5655,-56.7374,22.3195,6.8988,-10.2203,-9.8877,12.8937,18.3726,-1.5673,-4.352,0.0016,-0.0197,0.01,110.48,119.96,186.51,164.81,25.98
9,1,20,0.116,1,0.0669,-0.1832,0.1092,-26.5635,-16.1259,-8.5858,69.3063,20.1482,-2.7465,-56.4137,22.8869,6.4676,-10.2266,-10.1036,13.082,17.1681,-1.265,-4.1974,0.0015,-0.0193,0.0096,110.69,120.24,186.59,165.97,25.16
9,1,21,0.1218,1,0.0663,-0.1831,0.1096,-25.7344,-16.5252,-8.9502,69.0357,20.3032,-2.9513,-56.0719,23.4962,6.1106,-10.2131,-10.2763,13.3029,15.9348,-0.9818,-4.0467,0.0015,-0.0188,0.0092,110.88,120.56,186.67,167.14,24.34
9,1,22,0.1276,1,0.0656,-0.183,0.11,-24.9225,-16.9223,-9.3759,68.787,20.4574,-3.1434,-55.7076,24.1082,5.7984,-10.2022,-10.3948,13.5621,14.6844,-0.7202,-3.8963,0.0014,-0.0181,0.0086,111.02,120.91,186.77,168.33,23.55
9,1,23,0.1334,1,0.0649,-0.1828,0.1104,-24.1244,-17.3154,-9.8589,68.5574,20.6084,-3.3218,-55.3251,24.7174,5.5284,-10.1902,-10.4542,13.8584,13.4217,-0.483,-3.748,0.0013,-0.0173,0.0081,111.11,121.31,186.9,169.53,22.77
9,1,24,0.1392,1,0.0643,-0.1825,0.1107,-23.3698,-17.6992,-10.382,68.3813,20.7529,-3.472,-54.9087,25.307,5.2886,-10.189,-10.4461,14.1915,12.1428,-0.2718,-3.599,0.0012,-0.0164,0.0074,111.14,121.76,187.05,170.74,22.04
9,1,25,0.145,1,0.0636,-0.1821,0.1111,-22.6272,-18.0722,-10.9406,68.2244,20.8866,-3.6065,-54.4765,25.876,5.079,-10.1855,-10.3697,14.5516,10.8599,-0.0903,-3.4499,0.0009,-0.0155,0.0067,111.13,122.24,187.22,171.95,21.32
9,1,26,0.1508,1,0.063,-0.1817,0.1114,-21.9557,-18.4326,-11.5239,68.1432,21.0122,-3.708,-54.0005,26.4213,4.9012,-10.1919,-10.2149,14.9359,9.5666,0.0584,-3.301,0.0006,-0.0145,0.0059,111.03,122.78,187.4,173.16,20.67
9,1,27,0.1566,1,0.0623,-0.1812,0.1116,-21.3003,-18.7798,-12.1272,68.0816,21.1232,-3.7999,-53.5073,26.9495,4.7545,-10.1881,-9.9851,15.3246,8.2746,0.17,-3.1495,0.0001,-0.0136,0.0051,110.9,123.34,187.59,174.36,20.04
9,1,28,0.1624,1,0.0617,-0.1806,0.1119,-20.7061,-19.1127,-12.746,68.0805,21.2214,-3.8678,-52.9807,27.4617,4.6424,-10.1776,-9.6779,15.7126,6.984,0.244,-2.9967,-0.0004,-0.0127,0.0042,110.7,123.94,187.78,175.55,19.47
9,1,29,0.1682,1,0.0612,-0.18,0.112,-20.1435,-19.433,-13.3803,68.1116,21.3007,-3.9218,-52.4342,27.9691,4.5623,-10.1531,-9.2976,16.0785,5.7028,0.2785,-2.8412,-0.0012,-0.0118,0.0033,110.46,124.57,187.97,176.71,18.94
9,1,30,0.174,1,0.0606,-0.1794,0.1122,-19.6238,-19.7395,-14.0306,68.1867,21.3603,-3.956,-51.8651,28.474,4.5153,-10.1152,-8.8469,16.4157,4.4337,0.2746,-2.6813,-0.002,-0.0109,0.0024,110.16,125.23,188.15,177.84,18.44
9,1,31,0.1798,1,0.06,-0.1787,0.1123,-19.1448,-20.034,-14.701,68.3075,21.397,-3.9598,-51.2812,28.9828,4.495,-10.0625,-8.3366,16.7048,3.1847,0.237,-2.5181,-0.0029,-0.0102,0.0014,109.81,125.9,188.31,178.94,17.99
9,1,32,0.1856,1,0.0595,-0.178,0.1124,-18.6887,-20.3171,-15.3942,68.4613,21.4093,-3.9338,-50.6819,29.4978,4.4982,-9.9934,-7.7698,16.9381,1.9476,0.1674,-2.3486,-0.004,-0.0095,0.0005,109.41,126.59,188.46,180.01,17.56
9,1,33,0.1914,1,0.0591,-0.1773,0.1124,-18.2779,-20.5887,-16.1162,68.6797,21.3979,-3.8531,-50.0806,30.0174,4.5177,-9.9154,-7.1607,17.1029,0.7377,0.0737,-2.1743,-0.0052,-0.0088,-0.0004,108.93,127.26,188.59,181.04,17.18
9,1,34,0.1972,1,0.0586,-0.1766,0.1123,-17.8769,-20.8488,-16.8696,68.93,21.363,-3.7227,-49.4711,30.5405,4.5491,-9.9036,-6.5146,17.1952,-0.3846,-0.0384,-1.997,-0.0065,-0.0084,-0.0013,108.4,127.95,188.78,181.99,16.8
9,1,35,0.203,1,0.0582,-0.1759,0.1122,-17.5176,-21.098,-17.6557,69.257,21.311,-3.5197,-48.8702,31.0636,4.5862,-10.9464,-5.8419,17.2061,-0.4283,-0.1335,-1.819,-0.0078,-0.0079,-0.0022,107.78,128.59,190.01,182.01,16.47
9,1,36,0.2088,1,0.0577,-0.1752,0.1121,-17.1687,-21.3364,-18.4739,69.6269,21.247,-3.2526,-48.2701,31.5852,4.6292,-11.6566,-5.15,17.1312,-0.7922,-0.2606,-1.6427,-0.0092,-0.0076,-0.003,107.11,129.22,190.91,182.28,16.15
9,1,37,0.2146,1,0.0573,-0.1745,0.1119,-16.8484,-21.5638,-19.323,70.067,21.1767,-2.9117,-47.6814,32.1028,4.6731,-11.5597,-4.4462,16.9699,-1.9523,-0.4261,-1.465,-0.0105,-0.0074,-0.0036,106.35,129.79,190.98,183.22,15.86
9,1,38,0.2204,1,0.0569,-0.1739,0.1117,-16.5487,-21.7816,-20.191,70.5612,21.1148,-2.5138,-47.0979,32.6153,4.7239,-11.4664,-3.7356,16.7204,-3.1063,-0.6071,-1.2878,-0.0119,-0.0073,-0.0042,105.54,130.32,191.04,184.16,15.59
9,1,39,0.2262,1,0.0565,-0.1732,0.1114,-16.2697,-21.9896,-21.0728,71.1059,21.0654,-2.0669,-46.5196,33.1248,4.7835,-11.38,-3.0236,16.3837,-4.2526,-0.8023,-1.1118,-0.0131,-0.0074,-0.0047,104.68,130.8,191.1,185.09,15.34
9,1,40,0.232,1,0.0561,-0.1725,0.1111,-16.0233,-22.1884,-21.9477,71.6989,21.0444,-1.601,-45.9346,33.6364,4.8614,-11.3013,-2.3111,15.9676,-5.3997,-1.0133,-0.937,-0.0143,-0.0075,-0.005,103.79,131.23,191.15,186.02,15.12
9,1,41,0.2378,1,0.0557,-0.1719,0.1107,-15.7907,-22.3797,-22.8054,72.308,21.0589,-1.1418,-45.3474,34.1535,4.9656,-11.2262,-1.6059,15.4756,-6.5477,-1.236,-0.763,-0.0153,-0.0078,-0.0052,102.89,131.63,191.2,186.95,14.92
9,1,42,0.2436,1,0.0553,-0.1713,0.1103,-15.6068,-22.5631,-23.6242,72.9491,21.1184,-0.7141,-44.729,34.6832,5.1069,-11.1286,-0.9063,14.9187,-7.7381,-1.4634,-0.5882,-0.0162,-0.0083,-0.0052,101.98,132.01,191.22,187.92,14.76
9,1,43,0.2494,1,0.0549,-0.1707,0.1099,-15.4343,-22.7378,-24.388,73.5677,21.2271,-0.3681,-44.0969,35.2366,5.294,-11.0195,-0.2223,14.3046,-8.9484,-1.6801,-0.4154,-0.017,-0.0089,-0.0051,101.13,132.39,191.25,188.91,14.61
9,1,44,0.2552,1,0.0545,-0.1702,0.1094,-15.3089,-22.9046,-25.0824,74.1795,21.3896,-0.1172,-43.426,35.8187,5.5377,-10.8367,0.4441,13.6435,-10.2514,-1.8716,-0.2432,-0.0176,-0.0097,-0.0048,100.33,132.78,191.21,190.01,14.51
9,1,45,0.261,1,0.054,-0.1696,0.1089,-15.1983,-23.0581,-25.6886,74.737,21.601,-0.0191,-42.7328,36.4459,5.8418,-10.5946,1.0784,12.9438,-11.622,-1.9988,-0.0783,-0.018,-0.0107,-0.0045,99.62,133.21,191.12,191.2,14.42
9,1,46,0.2668,1,0.0536,-0.1692,0.1083,-15.114,-23.1968,-26.2008,75.2407,21.858,-0.0826,-42.0128,37.1227,6.2088,-10.239,1.6749,12.2114,-13.1166,-2.0497,0.0757,-0.0184,-0.0119,-0.004,99.01,133.68,190.94,192.56,14.35
9,1,47,0.2726,1,0.0532,-0.1687,0.1077,-15.0419,-23.3079,-26.6053,75.6637,22.1366,-0.3481,-41.2842,37.8631,6.6357,-9.7222,2.2081,11.4486,-14.7663,-1.9594,0.202,-0.0186,-0.0132,-0.0034,98.54,134.22,190.62,194.15,14.29
9,1,48,0.2784,1,0.0528,-0.1684,0.1071,-14.9777,-23.3881,-26.9009,76.0013,22.4282,-0.8213,-40.5381,38.6715,7.1173,-9.0843,2.6698,10.655,-16.5336,-1.7133,0.2856,-0.0188,-0.0147,-0.0027,98.19,134.83,190.19,195.97,14.23
9,1,49,0.2842,1,0.0524,-0.1681,0.1064,-14.9112,-23.4242,-27.0894,76.2404,22.6996,-1.5024,-39.8343,39.5498,7.642,-8.1118,3.0211,9.8255,-18.5891,-1.2616,0.3013,-0.019,-0.0164,-0.0019,97.97,135.51,189.4,198.24,14.17
9,1,50,0.29,1,0.052,-0.1679,0.1057,-14.8436,-23.4105,-27.1742,76.399,22.9312,-2.378,-39.1181,40.498,8.1902,-7.0445,3.258,8.9479,-20.7235,-0.593,0.2155,-0.0191,-0.0181,-0.0011,97.87,136.31,188.49,200.81,14.11
9,1,51,0.2958,1,0.0517,-0.1678,0.1049,-14.7554,-23.3377,-27.1656,76.4536,23.0936,-3.4277,-38.5394,41.5095,8.7573,-5.3717,3.3325,8.0201,-23.3238,0.3078,-0.0082,-0.0192,-0.02,-0.0003,97.88,137.15,186.87,204.16,14.02
9,1,52,0.3016,1,0.0514,-0.1677,0.1041,-14.6643,-23.2002,-27.0757,76.459,23.1659,-4.5966,-37.9894,42.5744,9.308,-3.5136,3.2523,7.0204,-26.0493,1.4123,-0.422,-0.0194,-0.022,0.0006,97.95,138.1,184.91,207.99,13.92
9,1,53,0.3074,1,0.0511,-0.1678,0.1033,-14.5623,-22.9945,-26.9147,76.4062,23.1312,-5.8534,-37.6138,43.6805,9.8425,-0.9927,2.9927,5.9486,-29.2269,2.684,-1.0762,-0.0196,-0.0239,0.0014,98.09,139.08,182.03,212.76,13.81
9,1,54,0.3132,1,0.051,-0.168,0.1025,-14.4672,-22.7201,-26.7038,76.3556,22.979,-7.1034,-37.3755,44.8014,10.322,2.0181,2.5864,4.7975,-32.7013,3.9999,-2.0305,-0.0198,-0.0259,0.0022,98.21,140.08,178.31,218.3,13.7
9,1,55,0.319,1,0.0509,-0.1682,0.1016,-14.3807,-22.3769,-26.45,76.3154,22.7095,-8.3179,-37.3255,45.9239,10.7458,5.6826,2.047,3.5696,-36.5722,5.273,-3.3297,-0.02,-0.0278,0.003,98.32,141.05,173.5,224.79,13.61
9,1,56,0.3248,1,0.0509,-0.1686,0.1008,-14.3302,-21.9746,-26.179,76.3316,22.3368,-9.3815,-37.5462,47.0021,11.0995,10.2678,1.4546,2.3052,-40.9184,6.246,-5.0168,-0.0203,-0.0296,0.0037,98.37,141.83,167.22,232.17,13.54
9,1,57,0.3306,1,0.0509,-0.169,0.1,-14.2999,-21.5174,-25.8948,76.423,21.8682,-10.2782,-37.9535,48.0272,11.3454,15.3679,0.8549,1.0248,-45.4964,6.7988,-7.0459,-0.0206,-0.0314,0.0043,98.33,142.45,160.08,239.92,13.5
9,1,58,0.3364,1,0.0511,-0.1696,0.0992,-14.348,-21.0184,-25.6124,76.5862,21.3369,-10.9223,-38.7375,48.9455,11.5561,21.8056,0.3286,-0.1913,-50.5918,6.6246,-9.3939,-0.0209,-0.0328,0.0048,98.22,142.66,151.23,247.98,13.53
9,1,59,0.3422,1,0.0514,-0.1701,0.0984,-14.4179,-20.4844,-25.3345,76.8508,20.7438,-11.3181,-39.7004,49.7519,11.6239,28.5506,-0.0843,-1.2776,-55.6281,5.6774,-11.8356,-0.0212,-0.0342,0.0053,98.01,142.57,142.4,255.01,13.58
9,1,60,0.348,1,0.0517,-0.1708,0.0978,-14.5978,-19.9263,-25.0658,77.1628,20.1205,-11.4154,-41.0341,50.3946,11.7139,36.5097,-0.3406,-2.1572,-60.8076,3.7518,-14.2156,-0.0215,-0.0353,0.0057,97.75,141.95,132.84,260.65,13.75
9,1,61,0.3538,1,0.0521,-0.1715,0.0971,-14.8184,-19.3534,-24.8005,77.5493,19.463,-11.2528,-42.5437,50.8745,11.6983,44.6245,-0.469,-2.7432,-65.6385,1.0211,-16.266,-0.0218,-0.0362,0.006,97.41,140.96,124.1,264.09,13.95
9,1,62,0.3596,1,0.0526,-0.1722,0.0965,-15.141,-18.7707,-24.5375,77.9595,18.7832,-10.8202,-44.2978,51.1645,11.7065,53.1827,-0.4814,-2.9961,-70.1073,-2.4573,-17.8199,-0.022,-0.0368,0.0061,97.05,139.54,115.85,265.49,14.26
9,1,63,0.3654,1,0.0532,-0.1729,0.096,-15.5438,-18.1874,-24.2636,78.3849,18.0794,-10.185,-46.1991,51.2685,11.7095,61.5897,-0.4823,-2.8862,-74.0424,-6.3025,-18.8182,-0.0222,-0.0371,0.0062,96.67,137.83,108.55,265.45,14.65
9,1,64,0.3712,1,0.0538,-0.1737,0.0956,-16.0273,-17.6053,-23.9743,78.8116,17.3437,-9.3702,-48.2384,51.19,11.7129,69.8449,-0.5293,-2.4237,-77.5434,-10.3718,-19.26,-0.0224,-0.0372,0.0062,96.29,135.86,101.98,264.77,15.12
9,1,65,0.377,1,0.0545,-0.1744,0.0952,-16.6267,-17.03,-23.6546,79.206,16.5807,-8.4497,-50.4004,50.9396,11.7952,77.313,-0.7389,-1.6994,-80.2593,-14.1265,-19.4106,-0.0225,-0.037,0.0062,95.94,133.72,96.42,263.89,15.7
9,1,66,0.3828,0,0.0552,-0.1751,0.0949,-17.2718,-16.4628,-23.2982,79.5807,15.774,-7.4782,-52.6326,50.5478,11.8462,84.447,-1.1678,-0.7903,-82.7857,-17.6486,-19.2927,-0.0226,-0.0367,0.006,95.61,131.51,91.41,263.48,16.33
9,1,67,0.3886,0,0.056,-0.1758,0.0946,-18.0619,-15.9047,-22.8954,79.9251,14.9348,-6.4911,-55.06,50.0199,11.9986,90.0643,-1.8647,0.1422,-84.0258,-20.246,-19.5736,-0.0226,-0.0361,0.0058,95.32,129.14,87.7,262.77,17.1
9,1,68,0.3944,0,0.0568,-0.1765,0.0945,-18.8835,-15.357,-22.4422,80.2404,14.0487,-5.5543,-57.541,49.4002,12.122,95.3071,-2.8122,0.9585,-85.1715,-22.2699,-19.9869,-0.0225,-0.0354,0.0055,95.06,126.78,84.41,262.52,17.91
9,1,69,0.4002,0,0.0576,-0.1771,0.0944,-19.8272,-14.8201,-21.9345,80.5439,13.1279,-4.6776,-60.2646,48.6928,12.3087,99.0059,-3.9741,1.5112,-85.0357,-23.0811,-21.22,-0.0224,-0.0344,0.0052,94.82,124.26,82.37,261.52,18.83
9,1,70,0.406,0,0.0585,-0.1777,0.0943,-20.8138,-14.2959,-21.3736,80.8188,12.1687,-3.8988,-63.064,47.9295,12.512,102.0976,-5.2118,1.6788,-84.6164,-22.936,-22.8225,-0.0222,-0.0334,0.0048,94.61,121.73,80.79,260.35,19.8
9,1,71,0.4118,0,0.0593,-0.1783,0.0944,-21.8784,-13.7854,-20.7594,81.0772,11.1808,-3.2198,-66.0282,47.114,12.7613,104.0723,-6.4334,1.4019,-83.4801,-21.4792,-24.9543,-0.0219,-0.0322,0.0044,94.43,119.11,80.04,258.34,20.84
9,1,72,0.4176,0,0.0602,-0.1789,0.0945,-22.9974,-13.2932,-20.1011,81.3031,10.1733,-2.6436,-69.0285,46.2602,13.0802,105.0568,-7.4448,0.685,-81.9033,-18.7487,-27.2392,-0.0216,-0.031,0.0039,94.28,116.48,79.92,255.54,21.93
9,1,73,0.4234,0,0.061,-0.1794,0.0946,-24.1576,-12.8211,-19.4009,81.4995,9.1555,-2.1727,-72.0533,45.373,13.453,105.3115,-8.1524,-0.4123,-80.2046,-14.8494,-29.3195,-0.0212,-0.0298,0.0034,94.16,113.85,80.19,252.08,23.07
9,1,74,0.4292,0,0.0618,-0.1799,0.0949,-25.3757,-12.3742,-18.6733,81.6354,8.148,-1.7931,-74.926,44.4481,13.9425,104.0903,-8.4614,-1.7383,-77.8498,-9.6275,-31.0088,-0.0206,-0.0285,0.0027,94.11,111.34,81.4,247.51,24.26
9,1,75,0.435,0,0.0626,-0.1804,0.0952,-26.6087,-11.9571,-17.9244,81.7364,7.1688,-1.5075,-77.747,43.5025,14.4785,102.4611,-8.3532,-3.16,-75.5526,-3.7895,-31.8478,-0.02,-0.0273,0.0021,94.1,108.85,82.7,242.58,25.47
9,1,76,0.4408,0,0.0634,-0.1808,0.0956,-27.8864,-11.5726,-17.167,81.7044,6.2423,-1.3027,-80.0859,42.5072,15.1791,98.9795,-7.8757,-4.4842,-72.0818,2.9716,-31.7002,-0.0193,-0.026,0.0013,94.22,106.74,85.23,236.37,26.72
9,1,77,0.4466,0,0.0641,-0.1813,0.0961,-29.1653,-11.2277,-16.4112,81.6095,5.4031,-1.1772,-82.2865,41.4947,15.9246,95.1595,-7.1102,-5.6076,-68.1824,9.5933,-30.3565,-0.0186,-0.0249,0.0005,94.41,104.7,87.85,229.66,27.98
9,1,78,0.4524,0,0.0649,-0.1817,0.0967,-30.4476,-10.924,-15.6652,81.3412,4.6718,-1.1203,-83.9366,40.4343,16.8023,90.2328,-6.1781,-6.4233,-63.0025,15.985,-27.6876,-0.0177,-0.0238,-0.0003,94.78,103.08,91.2,221.92,29.23
9,1,79,0.4582,0,0.0656,-0.1821,0.0973,-31.7115,-10.6668,-14.9382,80.935,4.0943,-1.1218,-85.2669,39.3446,17.7312,84.9969,-5.2127,-6.8976,-56.8373,21.4297,-23.8584,-0.0167,-0.0228,-0.0012,95.3,101.66,94.75,213.58,30.47
9,1,80,0.464,0,0.0662,-0.1824,0.0979,-32.9508,-10.4582,-14.2317,80.3523,3.6841,-1.1698,-86.1587,38.2132,18.723,79.3812,-4.3046,-7.0307,-49.5661,25.7032,-19.0409,-0.0157,-0.0218,-0.0021,96.01,100.55,98.67,205.02,31.69
9,1,81,0.4698,0,0.0669,-0.1828,0.0986,-34.1351,-10.3006,-13.5487,79.5456,3.4788,-1.245,-86.5441,37.0319,19.746,73.725,-3.5784,-6.8575,-41.6343,28.5389,-13.8132,-0.0146,-0.0209,-0.003,96.95,99.8,102.82,197.23,32.85
9,1,82,0.4756,0,0.0675,-0.1831,0.0994,-35.2885,-10.1958,-12.8875,78.6061,3.4865,-1.3304,-86.7125,35.8159,20.7376,68.0496,-3.0427,-6.4366,-33.2609,30.0681,-8.5309,-0.0135,-0.0202,-0.0039,98.04,99.15,107.29,190.44,33.98
9,1,83,0.4814,0,0.0681,-0.1833,0.1001,-36.3513,-10.1436,-12.2412,77.3959,3.7202,-1.4144,-86.2262,34.5326,21.7218,62.5827,-2.7617,-5.8204,-25.1309,30.4211,-3.9439,-0.0124,-0.0195,-0.0048,99.41,99.02,111.97,185.32,35.02
9,1,84,0.4872,0,0.0686,-0.1836,0.1008,-37.3918,-10.1442,-11.6035,76.1079,4.1851,-1.4872,-85.6921,33.2254,22.612,57.2526,-2.6711,-5.0879,-17.208,29.9524,-0.0128,-0.0112,-0.0189,-0.0055,100.88,98.84,116.96,180.9,36.04
9,1,85,0.493,0,0.0692,-0.1837,0.1015,-38.3337,-10.1969,-10.967,74.6007,4.8797,-1.5489,-84.5307,31.8672,23.4455,53.2918,-2.7874,-4.2705,-11.1971,28.9819,2.1913,-0.0101,-0.0184,-0.0062,102.58,99.2,120.95,178.51,36.96
9,1,86,0.4988,0,0.0697,-0.1839,0.1022,-39.251,-10.2978,-10.323,73.0411,5.8026,-1.6169,-83.2846,30.5054,24.1961,49.1112,-3.0231,-3.445,-5.1292,27.7214,3.928,-0.0091,-0.018,-0.0067,104.34,99.59,125.46,175.72,37.86
9,1,87,0.5046,0,0.0702,-0.1839,0.1028,-40.1059,-10.4456,-9.6675,71.3861,6.9488,-1.6986,-81.654,29.1401,24.8813,44.4016,-3.3641,-2.6206,1.2076,26.2516,5.2266,-0.0082,-0.0177,-0.0072,106.23,100.34,130.8,172.28,38.69
9,1,88,0.5104,0,0.0706,-0.184,0.1034,-40.9218,-10.6307,-9.0023,69.7087,8.3107,-1.8486,-79.8267,27.8206,25.5641,39.9444,-3.7459,-1.8515,6.9459,24.6711,5.9228,-0.0075,-0.0175,-0.0074,108.16,101.3,136.0,168.95,39.49
9,1,89,0.5162,0,0.0711,-0.1839,0.1039,-41.6999,-10.8501,-8.3302,68.0078,9.8854,-2.0775,-77.7928,26.5501,26.2725,35.7428,-4.1497,-1.143,12.1081,23.0344,6.0745,-0.0068,-0.0173,-0.0074,110.15,102.47,140.93,165.81,40.24
9,1,90,0.522,0,0.0716,-0.1838,0.1043,-42.4115,-11.0902,-7.6673,66.3568,11.6504,-2.4524,-75.5872,25.4064,27.0634,32.0122,-4.5407,-0.5141,16.3296,21.366,5.7247,-0.0064,-0.0173,-0.0073,112.11,103.85,145.26,163.31,40.93
9,1,91,0.5278,0,0.0721,-0.1837,0.1047,-43.0973,-11.344,-7.0268,64.6914,13.5927,-2.9831,-73.2908,24.3504,28.0181,28.4723,-4.9074,0.0185,20.1372,19.6153,5.1154,-0.0061,-0.0174,-0.007,114.12,105.35,149.27,160.89,41.6
9,1,92,0.5336,0,0.0726,-0.1835,0.1049,-43.6674,-11.5995,-6.4326,63.1995,15.6729,-3.7271,-71.011,23.537,29.0896,25.6034,-5.2358,0.4614,22.7532,17.8163,4.1032,-0.0058,-0.0175,-0.0066,115.99,106.83,152.39,159.33,42.15
9,1,93,0.5394,0,0.0731,-0.1834,0.1051,-44.2037,-11.847,-5.9095,61.7028,17.8464,-4.6651,-68.7269,22.8523,30.394,22.8862,-5.526,0.7915,25.093,15.8979,3.0048,-0.0058,-0.0178,-0.0059,117.88,108.3,155.2,157.55,42.67
9,1,94,0.5452,0,0.0736,-0.1832,0.1052,-44.5933,-12.078,-5.4769,60.4373,20.0599,-5.8401,-66.6519,22.4868,31.8158,20.7022,-5.776,1.0215,26.5658,13.8786,1.7231,-0.0059,-0.0182,-0.0052,119.55,109.49,157.29,155.98,43.04
9,1,95,0.551,0,0.0741,-0.183,0.1053,-44.9061,-12.2814,-5.1629,59.2548,22.2206,-7.1765,-64.6917,22.324,33.3788,18.6673,-5.9974,1.147,27.8134,11.7691,0.452,-0.006,-0.0189,-0.0044,121.1,110.53,159.09,153.89,43.35
9,1,96,0.5568,0,0.0746,-0.1828,0.1053,-45.0803,-12.4527,-4.9761,58.2765,24.2814,-8.6937,-62.9687,22.4778,35.0035,16.8855,-6.197,1.1759,28.6776,9.5744,-0.8113,-0.0061,-0.0196,-0.0034,122.41,111.24,160.46,151.25,43.52
9,1,97,0.5626,0,0.0752,-0.1826,0.1053,-45.1095,-12.644,-4.7172,57.4116,26.4643,-10.4576,-61.5609,22.8442,36.5994,15.1698,-6.3902,1.2395,29.405,7.3176,-2.1442,-0.0062,-0.0204,-0.0024,123.67,111.37,161.63,148.06,43.54
9,1,98,0.5684,0,0.0757,-0.1824,0.1052,-45.031,-12.7815,-4.6662,56.612,28.4496,-12.4744,-60.228,23.5699,38.4195,13.5443,-6.5591,1.1466,30.0177,4.9332,-3.3792,-0.0062,-0.0214,-0.0014,124.76,111.34,162.5,143.42,43.46
9,1,99,0.5742,0,0.0763,-0.1824,0.1051,-44.7365,-12.8595,-4.8444,56.0806,30.0273,-14.5533,-59.1792,24.7426,40.0967,11.942,-6.7385,0.9379,30.5416,2.5719,-4.4869,-0.0062,-0.0225,-0.0004,125.43,111.06,163.09,137.6,43.17
9,1,100,0.58,0,0.0768,-0.1824,0.105,-44.3836,-12.8795,-5.2231,55.7753,31.1306,-16.3459,-58.2112,26.042,41.4469,10.3486,-6.961,0.6768,31.0813,0.3801,-5.4378,-0.0062,-0.0214,-0.0014,125.7,111.01,163.53,131.79,42.83
10,1,0,0.0,0,0.0705,-0.1723,0.1048,-44.3836,-12.8795,-5.2231,55.7753,31.1306,-16.3459,-58.2112,26.042,41.4469,10.3486,-6.961,0.6768,31.0813,0.3801,-5.4378,0.0,0.0,0.0,125.7,111.01,163.53,131.79,42.83
10,1,1,0.0058,1,0.071,-0.1725,0.1047,-43.7287,-12.8125,-5.8333,56.3388,31.2761,-17.1049,-57.9083,27.4349,41.4277,8.6764,-7.3034,0.4976,31.5271,-1.2522,-6.0536,-0.0,-0.0004,0.0003,124.92,111.01,164.17,129.1,42.2
10,1,2,0.0116,1,0.0714,-0.1729,0.1046,-43.0039,-12.7254,-6.4464,57.3744,30.9146,-17.019,-57.9759,28.5507,40.4216,6.9966,-7.7125,0.4485,31.9421,-2.4432,-6.4574,-0.0,-0.0004,0.0003,123.64,111.13,165.17,129.17,41.49
10,1,3,0.0174,1,0.0717,-0.1734,0.1046,-42.0981,-12.6503,-6.9838,58.85,30.0836,-16.192,-58.5858,29.4049,38.3468,5.339,-8.1776,0.5409,32.2282,-3.2022,-6.6665,-0.0002,-0.0019,0.0016,121.95,111.04,166.55,131.4,40.61
10,1,4,0.0232,1,0.0719,-0.174,0.1047,-41.0971,-12.62,-7.3843,60.5023,28.9495,-14.8311,-59.5104,29.8911,35.4865,3.7386,-8.6904,0.7538,32.3836,-3.5964,-6.7242,-0.0002,-0.0035,0.0029,120.13,110.85,168.18,134.74,39.62
10,1,5,0.029,1,0.0721,-0.1746,0.1047,-40.0194,-12.6011,-7.7836,61.9167,27.9988,-13.8566,-60.4367,30.4414,32.9222,2.2144,-9.1884,0.9481,32.4416,-4.1387,-6.8496,-0.0003,-0.0052,0.0041,118.55,110.51,169.71,136.92,38.56
10,1,6,0.0348,1,0.0723,-0.1753,0.1048,-38.8838,-12.6137,-8.1045,63.2703,26.897,-12.5868,-61.4168,30.6275,29.9958,0.845,-9.715,1.2264,32.2666,-4.4514,-6.8595,-0.0002,-0.007,0.0052,117.05,110.29,171.28,139.54,37.43
10,1,7,0.0406,1,0.0724,-0.176,0.1049,-37.7379,-12.6647,-8.3423,64.607,25.7075,-11.0855,-62.4318,30.4921,26.8014,-0.4841,-10.2671,1.5866,32.0069,-4.5316,-6.7714,-0.0001,-0.0087,0.0062,115.59,110.1,172.94,142.17,36.3
10,1,8,0.0464,1,0.0724,-0.1768,0.1051,-36.6137,-12.7621,-8.4912,65.7321,24.5102,-9.4652,-63.2197,30.0234,23.5795,-1.6254,-10.8381,2.0184,31.4774,-4.4426,-6.6001,0.0001,-0.0105,0.0071,114.35,110.17,174.48,144.77,35.18
10,1,9,0.0522,1,0.0723,-0.1776,0.1053,-35.5188,-12.911,-8.5669,66.7178,23.3734,-7.855,-63.8356,29.3785,20.4265,-2.7008,-11.4216,2.5094,30.8396,-4.1993,-6.3747,0.0003,-0.0122,0.0079,113.27,110.33,175.98,147.07,34.09
10,1,10,0.058,1,0.0721,-0.1785,0.1056,-34.4726,-13.1133,-8.5795,67.5058,22.3347,-6.3158,-64.1755,28.6092,17.4511,-3.657,-12.0134,3.0553,30.0276,-3.8336,-6.1094,0.0005,-0.0138,0.0086,112.41,110.66,177.34,149.18,33.04
10,1,11,0.0638,1,0.0719,-0.1793,0.1058,-33.4819,-13.3665,-8.5623,68.0983,21.4399,-4.9469,-64.2377,27.8429,14.7522,-4.498,-12.6044,3.6419,29.0624,-3.3864,-5.8245,0.0006,-0.0152,0.0092,111.75,111.15,178.55,151.08,32.05
10,1,12,0.0696,1,0.0716,-0.1801,0.1062,-32.5205,-13.6702,-8.5325,68.5444,20.6965,-3.7875,-64.1175,27.1568,12.3133,-5.2841,-13.1894,4.2675,28.0183,-2.8615,-5.5337,0.0008,-0.0165,0.0097,111.26,111.69,179.67,152.82,31.09
10,1,13,0.0754,1,0.0712,-0.1808,0.1065,-31.6175,-14.0174,-8.525,68.7978,20.1164,-2.852,-63.7396,26.5917,10.2117,-5.9129,-13.7565,4.9256,26.798,-2.304,-5.2455,0.001,-0.0176,0.01,110.96,112.39,180.6,154.53,30.19
10,1,14,0.0812,1,0.0707,-0.1815,0.1069,-30.7254,-14.4053,-8.5611,68.9448,19.6885,-2.1552,-63.268,26.2,8.3848,-6.5035,-14.294,5.6135,25.536,-1.7143,-4.9694,0.0012,-0.0186,0.0103,110.78,113.08,181.47,156.15,29.3
10,1,15,0.087,1,0.0702,-0.182,0.1072,-29.8551,-14.827,-8.658,68.9539,19.3991,-1.6722,-62.664,25.9743,6.8456,-6.9758,-14.7938,6.3287,24.1584,-1.1163,-4.7078,0.0013,-0.0192,0.0104,110.72,113.85,182.19,157.8,28.44
10,1,16,0.0928,1,0.0696,-0.1825,0.1076,-28.9876,-15.2745,-8.8321,68.8804,19.222,-1.3717,-62.0028,25.9054,5.5478,-7.3977,-15.2354,7.0717,22.7326,-0.5202,-4.4624,0.0014,-0.0196,0.0105,110.74,114.62,182.85,159.45,27.58
10,1,17,0.0986,1,0.069,-0.1829,0.108,-28.1236,-15.7432,-9.0883,68.7302,19.142,-1.233,-61.2906,25.9822,4.4758,-7.7627,-15.6099,7.8406,21.255,0.0647,-4.2358,0.0015,-0.0199,0.0104,110.81,115.41,183.45,161.11,26.73
10,1,18,0.1044,1,0.0684,-0.1831,0.1084,-27.2619,-16.2233,-9.4234,68.5389,19.124,-1.1943,-60.5475,26.1534,3.5759,-8.0858,-15.9021,8.6349,19.738,0.6285,-4.0265,0.0015,-0.0199,0.0102,110.9,116.22,184.02,162.79,25.89
10,1,19,0.1102,1,0.0677,-0.1833,0.1088,-26.4019,-16.7075,-9.8348,68.3185,19.1541,-1.2456,-59.7847,26.407,2.8356,-8.3901,-16.0996,9.4497,18.2088,1.1653,-3.8323,0.0016,-0.0197,0.01,111.0,117.05,184.57,164.46,25.04
10,1,20,0.116,1,0.067,-0.1833,0.1092,-25.5562,-17.1887,-10.3092,68.1041,19.2105,-1.3429,-59.0088,26.7025,2.2148,-8.6818,-16.1934,10.2812,16.6716,1.6708,-3.6533,0.0015,-0.0193,0.0096,111.06,117.89,185.12,166.12,24.22
10,1,21,0.1218,1,0.0663,-0.1832,0.1096,-24.7203,-17.6597,-10.8341,67.8954,19.2829,-1.4769,-58.2228,27.0211,1.7038,-8.9634,-16.1736,11.117,15.1404,2.1364,-3.4861,0.0015,-0.0188,0.0092,111.1,118.75,185.67,167.77,23.41
10,1,22,0.1276,1,0.0656,-0.183,0.11,-23.9067,-18.1146,-11.3984,67.7153,19.3594,-1.6276,-57.4288,27.3442,1.2832,-9.2404,-16.0375,11.9492,13.6225,2.561,-3.33,0.0014,-0.0181,0.0086,111.1,119.63,186.22,169.39,22.62
10,1,23,0.1334,1,0.0649,-0.1827,0.1104,-23.1188,-18.5489,-11.9863,67.5683,19.4363,-1.7802,-56.6284,27.651,0.944,-9.5055,-15.7819,12.7596,12.1268,2.9369,-3.1833,0.0013,-0.0173,0.0081,111.04,120.53,186.75,170.98,21.86
10,1,24,0.1392,1,0.0642,-0.1823,0.1107,-22.3482,-18.9609,-12.593,67.4468,19.5111,-1.9307,-55.8162,27.9364,0.6849,-9.7502,-15.406,13.5349,10.6466,3.2591,-3.0447,0.0012,-0.0164,0.0074,110.95,121.44,187.26,172.53,21.11
10,1,25,0.145,1,0.0635,-0.1819,0.111,-21.616,-19.3511,-13.2061,67.3734,19.5845,-2.0598,-55.012,28.1907,0.4922,-9.9771,-14.9274,14.2549,9.2137,3.5303,-2.9123,0.0009,-0.0155,0.0067,110.81,122.34,187.74,174.02,20.4
10,1,26,0.1508,1,0.0628,-0.1814,0.1113,-20.8963,-19.7224,-13.8295,67.325,19.6581,-2.1606,-54.1979,28.4118,0.3668,-10.1701,-14.3467,14.9055,7.7995,3.7423,-2.7853,0.0006,-0.0145,0.0059,110.64,123.25,188.17,175.46,19.71
10,1,27,0.1566,1,0.0622,-0.1808,0.1115,-20.2162,-20.0787,-14.4592,67.3258,19.7376,-2.2174,-53.4046,28.5995,0.3043,-10.334,-13.6864,15.47,6.4496,3.8986,-2.6608,0.0001,-0.0136,0.0051,110.42,124.13,188.54,176.83,19.05
10,1,28,0.1624,1,0.0616,-0.1802,0.1117,-19.555,-20.4277,-15.106,67.3665,19.8289,-2.2078,-52.62,28.751,0.2964,-10.4602,-12.9582,15.9364,5.1357,3.9963,-2.5386,-0.0004,-0.0127,0.0042,110.15,124.98,188.85,178.13,18.42
10,1,29,0.1682,1,0.0609,-0.1795,0.1119,-18.9202,-20.7743,-15.7735,67.4548,19.9373,-2.122,-51.8565,28.8709,0.3409,-10.5514,-12.1783,16.297,3.8745,4.0364,-2.4151,-0.0012,-0.0118,0.0033,109.83,125.79,189.1,179.35,17.81
10,1,30,0.174,1,0.0604,-0.1788,0.112,-18.322,-21.1278,-16.4737,67.6087,20.0698,-1.9344,-51.1333,28.9637,0.4253,-10.6067,-11.3717,16.5468,2.6763,4.0244,-2.2888,-0.002,-0.0109,0.0024,109.43,126.51,189.28,180.49,17.24
10,1,31,0.1798,1,0.0598,-0.1782,0.1121,-17.7399,-21.4916,-17.2139,67.8147,20.2305,-1.6432,-50.4255,29.0346,0.5467,-10.6345,-10.5394,16.6905,1.5073,3.958,-2.1599,-0.0029,-0.0102,0.0014,108.98,127.19,189.4,181.57,16.69
10,1,32,0.1856,1,0.0592,-0.1775,0.1121,-17.2202,-21.8704,-18.0029,68.1232,20.4221,-1.2249,-49.7906,29.093,0.6958,-10.6241,-9.7133,16.7273,0.4133,3.8453,-2.0259,-0.004,-0.0095,0.0005,108.42,127.74,189.46,182.55,16.2
10,1,33,0.1914,1,0.0587,-0.1768,0.1121,-16.7224,-22.2623,-18.8452,68.4992,20.6435,-0.6953,-49.1777,29.1512,0.8693,-10.8406,-8.882,16.6718,-0.419,3.6896,-1.8744,-0.0052,-0.0088,-0.0004,107.77,128.22,189.72,183.28,15.73
10,1,34,0.1972,1,0.0581,-0.176,0.112,-16.2863,-22.6668,-19.7395,68.9839,20.8933,-0.0477,-48.622,29.2167,1.0634,-11.8052,-8.0621,16.5272,-0.4343,3.5103,-1.6714,-0.0065,-0.0084,-0.0013,107.01,128.58,190.7,183.28,15.33
10,1,35,0.203,1,0.0576,-0.1753,0.1118,-15.9024,-23.0707,-20.6735,69.5604,21.1624,0.682,-48.0992,29.3099,1.2799,-12.2188,-7.2467,16.3072,-0.9736,3.2606,-1.5068,-0.0078,-0.0079,-0.0022,106.14,128.87,191.12,183.69,14.98
10,1,36,0.2088,1,0.0571,-0.1746,0.1117,-15.5661,-23.4655,-21.6355,70.215,21.4438,1.47,-47.6056,29.4392,1.5221,-12.1208,-6.435,16.0165,-2.0023,2.9454,-1.3704,-0.0092,-0.0076,-0.003,105.2,129.1,191.04,184.5,14.68
10,1,37,0.2146,1,0.0566,-0.1739,0.1114,-15.3083,-23.8322,-22.5957,70.9655,21.7239,2.27,-47.1406,29.6248,1.7914,-11.9997,-5.6248,15.6672,-3.04,2.58,-1.2338,-0.0105,-0.0074,-0.0036,104.17,129.26,190.94,185.29,14.45
10,1,38,0.2204,1,0.0561,-0.1732,0.1111,-15.0751,-24.1553,-23.5256,71.7284,21.9977,3.0128,-46.6831,29.8802,2.0993,-11.8761,-4.8093,15.2614,-4.0814,2.1627,-1.0959,-0.0119,-0.0073,-0.0042,103.13,129.4,190.86,186.06,14.25
10,1,39,0.2262,1,0.0555,-0.1724,0.1108,-14.9089,-24.4223,-24.4,72.5383,22.2541,3.6716,-46.2319,30.2173,2.4418,-11.7321,-3.9864,14.8048,-5.1504,1.696,-0.9546,-0.0131,-0.0074,-0.0047,102.08,129.53,190.77,186.82,14.12
10,1,40,0.232,1,0.055,-0.1718,0.1104,-14.7525,-24.6177,-25.1769,73.2963,22.4955,4.1536,-45.7718,30.6528,2.8329,-11.5842,-3.1555,14.299,-6.2374,1.1882,-0.8106,-0.0143,-0.0075,-0.005,101.13,129.69,190.72,187.58,13.98
10,1,41,0.2378,1,0.0545,-0.1711,0.11,-14.6156,-24.7369,-25.841,74.0027,22.7209,4.4355,-45.2966,31.1934,3.2702,-11.4214,-2.3193,13.7458,-7.3606,0.6478,-0.6622,-0.0153,-0.0078,-0.0052,100.27,129.89,190.67,188.34,13.87
10,1,42,0.2436,1,0.0539,-0.1704,0.1095,-14.4764,-24.777,-26.3641,74.6133,22.9366,4.4621,-44.7989,31.8488,3.7574,-11.2238,-1.4844,13.1473,-8.5462,0.099,-0.5102,-0.0162,-0.0083,-0.0052,99.57,130.15,190.64,189.16,13.74
10,1,43,0.2494,1,0.0534,-0.1698,0.109,-14.3354,-24.7392,-26.7382,75.1172,23.1428,4.2166,-44.2818,32.626,4.2915,-11.0079,-0.664,12.504,-9.7697,-0.4372,-0.3548,-0.017,-0.0089,-0.0051,99.03,130.48,190.62,190.01,13.61
10,1,44,0.2552,1,0.0528,-0.1692,0.1084,-14.1887,-24.6355,-26.9622,75.5156,23.3443,3.6958,-43.7421,33.5227,4.8627,-10.6742,0.1288,11.8187,-11.1485,-0.9265,-0.1991,-0.0176,-0.0097,-0.0048,98.66,130.9,190.52,191.03,13.47
10,1,45,0.261,1,0.0523,-0.1686,0.1078,-14.0409,-24.4733,-27.0425,75.8057,23.5365,2.903,-43.188,34.5457,5.4668,-10.2918,0.8683,11.094,-12.5887,-1.3247,-0.054,-0.018,-0.0107,-0.0045,98.46,131.39,190.41,192.17,13.32
10,1,46,0.2668,1,0.0517,-0.1681,0.1072,-13.8936,-24.267,-26.996,76.0049,23.7173,1.8654,-42.633,35.687,6.0914,-9.7163,1.5421,10.3342,-14.2412,-1.6093,0.0771,-0.0184,-0.0119,-0.004,98.39,131.96,190.14,193.6,13.17
10,1,47,0.2726,1,0.0512,-0.1677,0.1065,-13.7464,-24.0316,-26.8488,76.1218,23.8754,0.6213,-42.088,36.9424,6.7217,-8.9791,2.11,9.5399,-16.0482,-1.709,0.1683,-0.0186,-0.0132,-0.0034,98.43,132.61,189.73,195.33,13.01
10,1,48,0.2784,1,0.0507,-0.1674,0.1057,-13.5997,-23.7743,-26.6185,76.1718,24.003,-0.7985,-41.5602,38.3045,7.3469,-8.0418,2.5583,8.7134,-18.0433,-1.6068,0.2008,-0.0188,-0.0147,-0.0027,98.55,133.34,189.1,197.45,12.85
10,1,49,0.2842,1,0.0502,-0.1671,0.1049,-13.4542,-23.5079,-26.3452,76.1769,24.0853,-2.3204,-41.1097,39.7508,7.9522,-6.7262,2.8524,7.857,-20.351,-1.2649,0.1431,-0.019,-0.0164,-0.0019,98.72,134.1,188.04,200.17,12.7
10,1,50,0.29,1,0.0498,-0.167,0.1041,-13.3081,-23.2323,-26.0432,76.158,24.109,-3.908,-40.6751,41.2701,8.52,-5.262,2.9878,6.9648,-22.7753,-0.6764,-0.0497,-0.0191,-0.0181,-0.0011,98.9,134.98,186.72,203.37,12.54
10,1,51,0.2958,1,0.0494,-0.1669,0.1032,-13.1706,-22.9498,-25.7396,76.1272,24.064,-5.4948,-40.4372,42.8336,9.0575,-3.0806,2.934,6.0454,-25.7211,0.1451,-0.4119,-0.0192,-0.02,-0.0003,99.07,135.81,184.43,207.59,12.39
10,1,52,0.3016,1,0.0491,-0.167,0.1023,-13.0388,-22.6542,-25.4514,76.1246,23.9368,-7.0166,-40.2705,44.4129,9.5337,-0.6254,2.7134,5.0853,-28.8371,1.1524,-1.0054,-0.0194,-0.022,0.0006,99.18,136.7,181.55,212.55,12.24
10,1,53,0.3074,1,0.0488,-0.1672,0.1014,-12.9242,-22.3442,-25.1901,76.1564,23.7282,-8.4304,-40.308,45.9838,9.965,2.5276,2.3255,4.0924,-32.4022,2.2796,-1.8764,-0.0196,-0.0239,0.0014,99.24,137.52,177.47,218.64,12.12
10,1,54,0.3132,1,0.0487,-0.1676,0.1005,-12.828,-22.013,-24.9684,76.25,23.4379,-9.6588,-40.5481,47.4972,10.3399,6.3507,1.8179,3.0748,-36.3485,3.3809,-3.078,-0.0198,-0.0259,0.0022,99.2,138.22,172.11,225.78,12.01
10,1,55,0.319,1,0.0486,-0.168,0.0996,-12.7472,-21.659,-24.789,76.4239,23.0698,-10.6713,-40.9662,48.9297,10.6411,10.7196,1.2263,2.042,-40.6018,4.3418,-4.6358,-0.02,-0.0278,0.003,99.05,138.78,165.66,233.72,11.92
10,1,56,0.3248,1,0.0486,-0.1685,0.0988,-12.7088,-21.2791,-24.6521,76.6594,22.6423,-11.4157,-41.7166,50.2286,10.9319,16.2363,0.6137,1.0292,-45.4153,4.9278,-6.5559,-0.0203,-0.0296,0.0037,98.82,138.99,157.44,242.51,11.87
10,1,57,0.3306,1,0.0488,-0.1692,0.0979,-12.687,-20.8734,-24.5541,77.0004,22.1577,-11.8705,-42.6219,51.3668,11.1268,22.1241,0.0324,0.0793,-50.3403,5.0163,-8.7595,-0.0206,-0.0314,0.0043,98.47,138.93,148.91,250.84,11.84
10,1,58,0.3364,1,0.049,-0.1699,0.0972,-12.7323,-20.4437,-24.4882,77.3834,21.638,-12.0143,-43.8665,52.3039,11.3614,29.2144,-0.475,-0.7715,-55.657,4.3818,-11.1612,-0.0209,-0.0328,0.0048,98.06,138.4,139.42,258.45,11.87
10,1,59,0.3422,1,0.0492,-0.1706,0.0965,-12.8205,-19.9956,-24.4384,77.8442,21.0864,-11.8511,-45.2786,53.0104,11.5362,36.6564,-0.8914,-1.4374,-60.8642,3.0012,-13.5595,-0.0212,-0.0342,0.0053,97.58,137.47,130.52,264.02,11.96
10,1,60,0.348,1,0.0496,-0.1715,0.0959,-12.9775,-19.5321,-24.3954,78.343,20.509,-11.3908,-46.9099,53.4695,11.7171,44.6892,-1.2166,-1.8928,-65.9708,0.831,-15.7791,-0.0215,-0.0353,0.0057,97.05,136.12,122.07,267.42,12.1
10,1,61,0.3538,1,0.05,-0.1723,0.0953,-13.2376,-19.0634,-24.337,78.8484,19.9168,-10.6698,-48.6765,53.6656,11.9526,52.905,-1.4856,-2.0892,-70.6562,-1.9566,-17.6456,-0.0218,-0.0362,0.006,96.52,134.43,114.43,268.68,12.36
10,1,62,0.3596,1,0.0505,-0.1732,0.0949,-13.5516,-18.5942,-24.2499,79.3749,19.2936,-9.7403,-50.5743,53.616,12.1193,61.197,-1.748,-2.0226,-75.0426,-5.2461,-19.0552,-0.022,-0.0368,0.0061,95.98,132.46,107.53,268.64,12.66
10,1,63,0.3654,1,0.051,-0.1741,0.0945,-14.0455,-18.1324,-24.1164,79.8431,18.6585,-8.6355,-52.515,53.3106,12.4592,69.0229,-2.0606,-1.7223,-78.572,-8.6007,-20.0612,-0.0222,-0.0371,0.0062,95.5,130.34,101.44,267.73,13.15
10,1,64,0.3712,1,0.0516,-0.175,0.0943,-14.5972,-17.6815,-23.9204,80.2982,17.9804,-7.4571,-54.5436,52.8092,12.7004,76.5468,-2.4862,-1.2449,-81.784,-11.9488,-20.679,-0.0224,-0.0372,0.0062,95.05,128.12,95.98,266.91,13.69
10,1,65,0.377,0,0.0521,-0.1758,0.094,-15.318,-17.2449,-23.6546,80.7014,17.2696,-6.224,-56.6149,52.1141,13.0228,83.127,-3.0652,-0.669,-84.0621,-14.8496,-21.1953,-0.0225,-0.037,0.0062,94.65,125.87,91.36,266.05,14.39
10,1,66,0.3828,0,0.0528,-0.1767,0.0939,-16.1356,-16.8238,-23.3045,81.066,16.5084,-5.0347,-58.7823,51.2921,13.2872,88.9464,-3.8054,-0.1378,-85.756,-17.171,-21.7247,-0.0226,-0.0367,0.006,94.3,123.6,87.44,265.38,15.2
10,1,67,0.3886,0,0.0534,-0.1775,0.0939,-17.057,-16.4175,-22.8685,81.3852,15.6953,-3.915,-61.0385,50.363,13.5075,93.9593,-4.6958,0.268,-86.8301,-18.7947,-22.4309,-0.0226,-0.0361,0.0058,94.01,121.33,84.19,264.76,16.1
10,1,68,0.3944,0,0.0541,-0.1782,0.0939,-18.1015,-16.0233,-22.3477,81.6694,14.8317,-2.9075,-63.4483,49.3769,13.7136,97.7032,-5.66,0.3898,-86.8679,-19.3368,-23.5988,-0.0225,-0.0354,0.0055,93.76,119.02,81.92,263.63,17.13
10,1,69,0.4002,0,0.0547,-0.179,0.094,-19.1884,-15.6395,-21.7443,81.9061,13.9129,-2.042,-65.9296,48.3621,13.837,101.0151,-6.6155,0.1842,-86.7253,-19.0973,-24.9212,-0.0224,-0.0344,0.0052,93.57,116.73,79.97,262.47,18.19
10,1,70,0.406,0,0.0554,-0.1796,0.0942,-20.3853,-15.2619,-21.0694,82.1116,12.9468,-1.3083,-68.5877,47.3337,13.968,102.695,-7.4479,-0.4168,-85.3344,-17.4054,-26.7557,-0.0222,-0.0334,0.0048,93.41,114.35,79.23,260.14,19.37
10,1,71,0.4118,0,0.0561,-0.1803,0.0944,-21.6045,-14.8889,-20.3331,82.2695,11.9386,-0.719,-71.2609,46.3116,14.0596,103.8587,-8.0415,-1.3647,-83.8419,-14.8057,-28.5013,-0.0219,-0.0322,0.0044,93.31,112.03,78.79,257.47,20.56
10,1,72,0.4176,0,0.0568,-0.1809,0.0947,-22.8736,-14.5193,-19.547,82.3834,10.8989,-0.2573,-73.9686,45.2958,14.1612,103.8026,-8.3102,-2.6104,-81.712,-10.9566,-30.1388,-0.0216,-0.031,0.0039,93.26,109.7,79.2,253.86,21.81
10,1,73,0.4234,0,0.0575,-0.1816,0.0951,-24.1628,-14.1544,-18.7317,82.4329,9.8462,0.0946,-76.5769,44.283,14.298,102.6363,-8.2048,-4.0069,-79.0735,-6.1127,-31.3309,-0.0212,-0.0298,0.0034,93.27,107.48,80.36,249.43,23.07
10,1,74,0.4292,0,0.0582,-0.1821,0.0956,-25.4663,-13.7957,-17.8952,82.4338,8.8014,0.3434,-79.1175,43.2742,14.4641,100.6625,-7.7099,-5.4458,-76.0971,-0.5595,-31.804,-0.0206,-0.0285,0.0027,93.33,105.32,82.02,244.33,24.34
10,1,75,0.435,0,0.0589,-0.1827,0.0961,-26.7737,-13.4473,-17.0604,82.312,7.7893,0.5185,-81.3332,42.2412,14.7391,97.1266,-6.9009,-6.7538,-72.0224,5.7042,-31.3486,-0.02,-0.0273,0.0021,93.53,103.41,84.83,237.97,25.62
10,1,76,0.4408,0,0.0595,-0.1833,0.0968,-28.0784,-13.1156,-16.2365,82.1316,6.8485,0.6272,-83.4338,41.1922,15.0651,93.1266,-5.8402,-7.8382,-67.3956,11.8794,-29.8007,-0.0193,-0.026,0.0013,93.79,101.57,87.93,230.84,26.9
10,1,77,0.4466,0,0.0602,-0.1838,0.0974,-29.3549,-12.8039,-15.4349,81.7647,5.999,0.6862,-85.0625,40.0901,15.5288,88.0354,-4.6636,-8.6055,-61.458,17.8487,-27.0044,-0.0186,-0.0249,0.0005,94.24,100.08,91.86,222.38,28.15
10,1,78,0.4524,0,0.0608,-0.1844,0.0982,-30.6034,-12.5249,-14.6654,81.2715,5.2975,0.7135,-86.4434,38.9372,16.0728,82.7265,-3.4845,-9.0098,-54.6395,22.9185,-23.1319,-0.0177,-0.0238,-0.0003,94.83,98.74,95.98,213.25,29.37
10,1,79,0.4582,0,0.0614,-0.1849,0.099,-31.8123,-12.2819,-13.9309,80.6058,4.7598,0.7233,-87.4628,37.7146,16.7135,77.1434,-2.4059,-9.0505,-46.8433,26.889,-18.3612,-0.0167,-0.0228,-0.0012,95.61,97.62,100.42,203.89,30.55
10,1,80,0.464,0,0.062,-0.1854,0.0998,-32.9565,-12.0848,-13.2302,79.7131,4.4236,0.7307,-88.0028,36.4047,17.446,71.6519,-1.5494,-8.7472,-38.6036,29.5238,-13.2547,-0.0157,-0.0218,-0.0021,96.64,96.84,104.97,195.53,31.67
10,1,81,0.4698,0,0.0625,-0.1858,0.1007,-34.0715,-11.9399,-12.5621,78.71,4.3073,0.7536,-88.3883,35.0222,18.1998,66.2091,-0.9293,-8.1457,-30.0138,30.9624,-8.0894,-0.0146,-0.0209,-0.003,97.79,96.1,109.76,188.34,32.77
10,1,82,0.4756,0,0.063,-0.1863,0.1016,-35.0862,-11.8488,-11.9181,77.4144,4.4179,0.7963,-88.053,33.5311,19.0235,61.1126,-0.6354,-7.3056,-21.9758,31.3171,-3.6673,-0.0135,-0.0202,-0.0039,99.25,95.92,114.56,183.22,33.76
10,1,83,0.4814,0,0.0635,-0.1867,0.1024,-36.0763,-11.8184,-11.2907,76.0444,4.7701,0.8636,-87.5955,31.9793,19.82,56.3639,-0.6012,-6.2882,-14.4518,30.9218,0.0218,-0.0124,-0.0195,-0.0048,100.81,95.79,119.39,179.28,34.73
10,1,84,0.4872,0,0.0639,-0.187,0.1033,-36.9976,-11.8465,-10.6713,74.5028,5.3551,0.9525,-86.6089,30.3522,20.6112,52.6574,-0.837,-5.1431,-8.5856,30.0736,2.2872,-0.0112,-0.0189,-0.0055,102.56,96.09,123.45,177.32,35.63
10,1,85,0.493,0,0.0643,-0.1873,0.1041,-37.8851,-11.9313,-10.0502,72.8941,6.1738,1.0298,-85.314,28.7036,21.3833,48.5854,-1.262,-3.9319,-2.6996,28.9306,4.1244,-0.0101,-0.0184,-0.0062,104.39,96.68,128.1,175.26,36.5
10,1,86,0.4988,0,0.0647,-0.1875,0.1048,-38.7411,-12.0705,-9.4246,71.2202,7.225,1.0769,-83.7184,27.0482,22.1588,44.1611,-1.8312,-2.6797,3.1856,27.5626,5.5358,-0.0091,-0.018,-0.0067,106.32,97.56,133.26,172.99,37.33
10,1,87,0.5046,0,0.0651,-0.1876,0.1054,-39.5541,-12.2527,-8.7909,69.5399,8.4842,1.0413,-81.6942,25.4533,22.9495,40.0445,-2.4672,-1.43,8.1148,26.1039,6.2019,-0.0082,-0.0177,-0.0072,108.28,98.91,138.09,171.46,38.12
10,1,88,0.5104,0,0.0654,-0.1877,0.106,-40.3517,-12.4698,-8.1572,67.8368,9.9557,0.8772,-79.5252,23.9378,23.8368,36.0217,-3.111,-0.216,12.6561,24.5308,6.4674,-0.0075,-0.0175,-0.0074,110.3,100.47,142.75,170.0,38.9
10,1,89,0.5162,0,0.0657,-0.1876,0.1065,-41.0908,-12.7099,-7.5281,66.2177,11.6171,0.5373,-77.0343,22.5879,24.803,32.4733,-3.7125,0.954,16.0607,22.9346,6.112,-0.0068,-0.0173,-0.0074,112.26,102.4,146.77,169.5,39.62
10,1,90,0.522,0,0.066,-0.1875,0.1069,-41.7961,-12.9586,-6.9282,64.6124,13.4484,-0.041,-74.4757,21.4256,25.9614,29.1216,-4.2302,2.0214,19.0275,21.2173,5.4932,-0.0064,-0.0173,-0.0073,114.25,104.45,150.43,169.03,40.31
10,1,91,0.5278,0,0.0663,-0.1873,0.1073,-42.4384,-13.2067,-6.3667,63.0821,15.4266,-0.8878,-71.8333,20.5037,27.3057,26.1628,-4.6445,2.9763,21.2489,19.3982,4.5456,-0.0061,-0.0174,-0.007,116.18,106.58,153.54,168.87,40.93
10,1,92,0.5336,0,0.0666,-0.1871,0.1075,-42.9856,-13.4387,-5.8763,61.6418,17.4849,-2.0386,-69.2415,19.8909,28.8393,23.5527,-4.9453,3.7769,22.9361,17.4433,3.3924,-0.0058,-0.0175,-0.0066,118.04,108.62,156.16,168.55,41.46
10,1,93,0.5394,0,0.067,-0.1868,0.1077,-43.4743,-13.649,-5.4706,60.1963,19.5779,-3.4827,-66.6431,19.5377,30.5959,21.1723,-5.1442,4.3982,24.2964,15.328,2.1432,-0.0058,-0.0178,-0.0059,119.89,110.6,158.42,167.76,41.94
10,1,94,0.5452,0,0.0673,-0.1866,0.1078,-43.7786,-13.8266,-5.1704,58.936,21.609,-5.2322,-64.2766,19.6162,32.4234,19.1373,-5.2544,4.8363,25.2507,13.0816,0.7984,-0.0059,-0.0182,-0.0052,121.53,112.22,160.19,166.24,42.23
10,1,95,0.551,0,0.0676,-0.1863,0.1079,-44.0175,-13.9681,-4.9905,57.6525,23.4969,-7.1732,-61.9291,19.9324,34.3417,17.1946,-5.3133,5.0809,26.1364,10.7264,-0.4996,-0.006,-0.0189,-0.0044,123.12,113.78,161.72,163.65,42.46
10,1,96,0.5568,0,0.068,-0.1861,0.1079,-44.045,-14.0713,-4.9337,56.53,25.1606,-9.3112,-59.8228,20.658,36.1818,15.3905,-5.3435,5.1499,26.8816,8.2995,-1.7566,-0.0061,-0.0196,-0.0034,124.47,115.06,162.93,159.76,42.49
10,1,97,0.5626,0,0.0683,-0.1859,0.108,-43.9441,-14.1864,-4.8272,55.3018,26.9601,-11.8136,-57.8268,21.5302,38.2326,13.587,-5.3342,5.2439,27.6172,5.7747,-3.0647,-0.0062,-0.0204,-0.0024,125.96,116.09,164.04,154.82,42.39
10,1,98,0.5684,0,0.0687,-0.1857,0.1079,-43.6852,-14.242,-4.9246,54.0952,28.3544,-14.5326,-55.8534,22.8534,40.2614,11.8261,-5.3255,5.0512,28.3137,3.1408,-4.2773,-0.0062,-0.0214,-0.0014,127.25,117.3,164.84,147.65,42.13
10,1,99,0.5742,0,0.0691,-0.1856,0.1079,-43.2205,-14.2454,-5.2133,53.1433,29.1692,-17.1053,-54.0864,24.5526,41.8446,10.0747,-5.3898,4.6653,28.9266,0.5745,-5.3465,-0.0062,-0.0225,-0.0004,128.11,118.79,165.43,139.68,41.68
10,1,100,0.58,0,0.0694,-0.1856,0.1078,-42.6779,-14.2094,-5.6436,52.5562,29.4289,-19.1278,-52.5095,26.3117,42.7528,8.3182,-5.5724,4.2109,29.5392,-1.753,-6.2306,-0.0062,-0.0214,-0.0014,128.47,120.75,166.07,133.29,41.15
